============================================
 TST Booking Dashboard - Refreshing...
 Range  : Last 24 hour(s)
 Filters: · All licensees & adapters
============================================
[1/4] Querying database (Last 24 hour(s) · All licensees & adapters)...
{
  "status": "ok",
  "generated_at": "2026-05-17 22:00:45 UTC",
  "interval_hours": 24,
  "filters": {
    "licensee_id": "all",
    "adapter_name": "all"
  },
  "summary": {
    "total": 1057,
    "successful": 993,
    "failed": 64,
    "failure_pct": 6.05,
    "success_pct": 93.95,
    "cc_failed": 17,
    "cc_pct_of_failures": 26.56,
    "non_cc_failed": 47,
    "non_cc_failure_pct": 4.52
  },
  "by_adapter": [
    {
      "adapter": "SABRE_HOTEL",
      "total": 442,
      "successful": 429,
      "failed": 13,
      "failure_pct": 2.94
    },
    {
      "adapter": "EAN_RAPID",
      "total": 345,
      "successful": 332,
      "failed": 13,
      "failure_pct": 3.77
    },
    {
      "adapter": "PRICELINE_HOTEL",
      "total": 191,
      "successful": 178,
      "failed": 13,
      "failure_pct": 6.81
    },
    {
      "adapter": "BEDS_ONLINE",
      "total": 40,
      "successful": 33,
      "failed": 7,
      "failure_pct": 17.5
    },
    {
      "adapter": "ATI",
      "total": 39,
      "successful": 21,
      "failed": 18,
      "failure_pct": 46.15
    }
  ],
  "by_licensee": [
    {
      "licensee_id": 72,
      "total": 227,
      "successful": 213,
      "failed": 14,
      "failure_pct": 6.17
    },
    {
      "licensee_id": 34,
      "total": 172,
      "successful": 167,
      "failed": 5,
      "failure_pct": 2.91
    },
    {
      "licensee_id": 49,
      "total": 150,
      "successful": 132,
      "failed": 18,
      "failure_pct": 12.0
    },
    {
      "licensee_id": 1,
      "total": 111,
      "successful": 107,
      "failed": 4,
      "failure_pct": 3.6
    },
    {
      "licensee_id": 40,
      "total": 86,
      "successful": 84,
      "failed": 2,
      "failure_pct": 2.33
    },
    {
      "licensee_id": 50,
      "total": 70,
      "successful": 68,
      "failed": 2,
      "failure_pct": 2.86
    },
    {
      "licensee_id": 3,
      "total": 49,
      "successful": 43,
      "failed": 6,
      "failure_pct": 12.24
    },
    {
      "licensee_id": 57,
      "total": 28,
      "successful": 25,
      "failed": 3,
      "failure_pct": 10.71
    },
    {
      "licensee_id": 55,
      "total": 26,
      "successful": 24,
      "failed": 2,
      "failure_pct": 7.69
    },
    {
      "licensee_id": 67,
      "total": 18,
      "successful": 16,
      "failed": 2,
      "failure_pct": 11.11
    }
  ],
  "hourly_trend": [
    {
      "hour": "2026-05-16 22:00:00",
      "total": 69,
      "successful": 66,
      "failed": 3
    },
    {
      "hour": "2026-05-16 23:00:00",
      "total": 66,
      "successful": 62,
      "failed": 4
    },
    {
      "hour": "2026-05-17 00:00:00",
      "total": 66,
      "successful": 64,
      "failed": 2
    },
    {
      "hour": "2026-05-17 01:00:00",
      "total": 80,
      "successful": 76,
      "failed": 4
    },
    {
      "hour": "2026-05-17 02:00:00",
      "total": 68,
      "successful": 64,
      "failed": 4
    },
    {
      "hour": "2026-05-17 03:00:00",
      "total": 31,
      "successful": 31,
      "failed": 0
    },
    {
      "hour": "2026-05-17 04:00:00",
      "total": 23,
      "successful": 21,
      "failed": 2
    },
    {
      "hour": "2026-05-17 05:00:00",
      "total": 16,
      "successful": 14,
      "failed": 2
    },
    {
      "hour": "2026-05-17 06:00:00",
      "total": 22,
      "successful": 19,
      "failed": 3
    },
    {
      "hour": "2026-05-17 07:00:00",
      "total": 5,
      "successful": 4,
      "failed": 1
    },
    {
      "hour": "2026-05-17 08:00:00",
      "total": 7,
      "successful": 4,
      "failed": 3
    },
    {
      "hour": "2026-05-17 09:00:00",
      "total": 4,
      "successful": 3,
      "failed": 1
    },
    {
      "hour": "2026-05-17 10:00:00",
      "total": 2,
      "successful": 2,
      "failed": 0
    },
    {
      "hour": "2026-05-17 11:00:00",
      "total": 6,
      "successful": 5,
      "failed": 1
    },
    {
      "hour": "2026-05-17 12:00:00",
      "total": 13,
      "successful": 13,
      "failed": 0
    },
    {
      "hour": "2026-05-17 13:00:00",
      "total": 23,
      "successful": 23,
      "failed": 0
    },
    {
      "hour": "2026-05-17 14:00:00",
      "total": 47,
      "successful": 44,
      "failed": 3
    },
    {
      "hour": "2026-05-17 15:00:00",
      "total": 57,
      "successful": 54,
      "failed": 3
    },
    {
      "hour": "2026-05-17 16:00:00",
      "total": 57,
      "successful": 55,
      "failed": 2
    },
    {
      "hour": "2026-05-17 17:00:00",
      "total": 77,
      "successful": 70,
      "failed": 7
    },
    {
      "hour": "2026-05-17 18:00:00",
      "total": 87,
      "successful": 82,
      "failed": 5
    },
    {
      "hour": "2026-05-17 19:00:00",
      "total": 70,
      "successful": 66,
      "failed": 4
    },
    {
      "hour": "2026-05-17 20:00:00",
      "total": 77,
      "successful": 75,
      "failed": 2
    },
    {
      "hour": "2026-05-17 21:00:00",
      "total": 82,
      "successful": 74,
      "failed": 8
    },
    {
      "hour": "2026-05-17 22:00:00",
      "total": 2,
      "successful": 2,
      "failed": 0
    }
  ],
  "top_failure_reasons": [
    {
      "reason": "This room rate is no longer available. Please select another room.",
      "count": 18,
      "adapters": "ATI"
    },
    {
      "reason": "Pnr has not been created successfully, see remaining messages for detailsEnhancedhotelbookrq: unable to perform hotel booking step. see below messages for details.. updatereservationrq: $invalid cc checksum$ (code: 3009)",
      "count": 8,
      "adapters": "SABRE_HOTEL"
    },
    {
      "reason": "Provided card number is invalid.",
      "count": 5,
      "adapters": "EAN_RAPID"
    },
    {
      "reason": "Hotel.Express.Book: Booking failed due to CC failure",
      "count": 4,
      "adapters": "PRICELINE_HOTEL"
    },
    {
      "reason": "Hotel.Express.Book: Requested room is not available",
      "count": 4,
      "adapters": "PRICELINE_HOTEL"
    },
    {
      "reason": "Hotel.Express.Contract: Rates not found",
      "count": 4,
      "adapters": "PRICELINE_HOTEL"
    },
    {
      "reason": "The credit card provided has been identified as potential fraud",
      "count": 3,
      "adapters": "BEDS_ONLINE"
    },
    {
      "reason": "Error at property rooms->rateKey: Index 1 out of bounds for length 1",
      "count": 2,
      "adapters": "BEDS_ONLINE"
    },
    {
      "reason": "The payment has been refused, please retry with a different credit card.",
      "count": 2,
      "adapters": "BEDS_ONLINE"
    },
    {
      "reason": "The payment could not be processed due to suspected fraud. The card holder should contact their issuing bank for more information.",
      "count": 2,
      "adapters": "EAN_RAPID"
    }
  ]
}
[2/4] Generating dashboard...
Dashboard saved to: /Users/jayaprasadkakkassery/myExperements/my-dashboard/index.html
Open in browser:    open /Users/jayaprasadkakkassery/myExperements/my-dashboard/index.html
[3/4] Pushing to GitHub Pages...
[gh-pages 3d332cc] Dashboard refresh (Last 24 hour(s) · All licensees & adapters) - 2026-05-17 18:00:46
 1 file changed, 140 insertions(+), 140 deletions(-)
============================================
 TST Booking Dashboard - Refreshing...
 Range  : Last 24 hour(s)
 Filters: · All licensees & adapters
============================================
[1/4] Querying database (Last 24 hour(s) · All licensees & adapters)...
{
  "status": "ok",
  "generated_at": "2026-05-17 23:00:51 UTC",
  "interval_hours": 24,
  "filters": {
    "licensee_id": "all",
    "adapter_name": "all"
  },
  "summary": {
    "total": 1074,
    "successful": 1003,
    "failed": 71,
    "failure_pct": 6.61,
    "success_pct": 93.39,
    "cc_failed": 19,
    "cc_pct_of_failures": 26.76,
    "non_cc_failed": 52,
    "non_cc_failure_pct": 4.93
  },
  "by_adapter": [
    {
      "adapter": "SABRE_HOTEL",
      "total": 443,
      "successful": 427,
      "failed": 16,
      "failure_pct": 3.61
    },
    {
      "adapter": "EAN_RAPID",
      "total": 354,
      "successful": 337,
      "failed": 17,
      "failure_pct": 4.8
    },
    {
      "adapter": "PRICELINE_HOTEL",
      "total": 196,
      "successful": 183,
      "failed": 13,
      "failure_pct": 6.63
    },
    {
      "adapter": "ATI",
      "total": 41,
      "successful": 22,
      "failed": 19,
      "failure_pct": 46.34
    },
    {
      "adapter": "BEDS_ONLINE",
      "total": 40,
      "successful": 34,
      "failed": 6,
      "failure_pct": 15.0
    }
  ],
  "by_licensee": [
    {
      "licensee_id": 72,
      "total": 237,
      "successful": 219,
      "failed": 18,
      "failure_pct": 7.59
    },
    {
      "licensee_id": 34,
      "total": 173,
      "successful": 168,
      "failed": 5,
      "failure_pct": 2.89
    },
    {
      "licensee_id": 49,
      "total": 159,
      "successful": 142,
      "failed": 17,
      "failure_pct": 10.69
    },
    {
      "licensee_id": 1,
      "total": 111,
      "successful": 106,
      "failed": 5,
      "failure_pct": 4.5
    },
    {
      "licensee_id": 40,
      "total": 87,
      "successful": 85,
      "failed": 2,
      "failure_pct": 2.3
    },
    {
      "licensee_id": 50,
      "total": 66,
      "successful": 64,
      "failed": 2,
      "failure_pct": 3.03
    },
    {
      "licensee_id": 3,
      "total": 43,
      "successful": 37,
      "failed": 6,
      "failure_pct": 13.95
    },
    {
      "licensee_id": 57,
      "total": 27,
      "successful": 24,
      "failed": 3,
      "failure_pct": 11.11
    },
    {
      "licensee_id": 55,
      "total": 25,
      "successful": 22,
      "failed": 3,
      "failure_pct": 12.0
    },
    {
      "licensee_id": 39,
      "total": 20,
      "successful": 17,
      "failed": 3,
      "failure_pct": 15.0
    }
  ],
  "hourly_trend": [
    {
      "hour": "2026-05-16 23:00:00",
      "total": 66,
      "successful": 62,
      "failed": 4
    },
    {
      "hour": "2026-05-17 00:00:00",
      "total": 66,
      "successful": 64,
      "failed": 2
    },
    {
      "hour": "2026-05-17 01:00:00",
      "total": 80,
      "successful": 76,
      "failed": 4
    },
    {
      "hour": "2026-05-17 02:00:00",
      "total": 68,
      "successful": 64,
      "failed": 4
    },
    {
      "hour": "2026-05-17 03:00:00",
      "total": 31,
      "successful": 31,
      "failed": 0
    },
    {
      "hour": "2026-05-17 04:00:00",
      "total": 23,
      "successful": 21,
      "failed": 2
    },
    {
      "hour": "2026-05-17 05:00:00",
      "total": 16,
      "successful": 14,
      "failed": 2
    },
    {
      "hour": "2026-05-17 06:00:00",
      "total": 22,
      "successful": 19,
      "failed": 3
    },
    {
      "hour": "2026-05-17 07:00:00",
      "total": 5,
      "successful": 4,
      "failed": 1
    },
    {
      "hour": "2026-05-17 08:00:00",
      "total": 7,
      "successful": 4,
      "failed": 3
    },
    {
      "hour": "2026-05-17 09:00:00",
      "total": 4,
      "successful": 3,
      "failed": 1
    },
    {
      "hour": "2026-05-17 10:00:00",
      "total": 2,
      "successful": 2,
      "failed": 0
    },
    {
      "hour": "2026-05-17 11:00:00",
      "total": 6,
      "successful": 5,
      "failed": 1
    },
    {
      "hour": "2026-05-17 12:00:00",
      "total": 13,
      "successful": 13,
      "failed": 0
    },
    {
      "hour": "2026-05-17 13:00:00",
      "total": 23,
      "successful": 23,
      "failed": 0
    },
    {
      "hour": "2026-05-17 14:00:00",
      "total": 47,
      "successful": 44,
      "failed": 3
    },
    {
      "hour": "2026-05-17 15:00:00",
      "total": 57,
      "successful": 54,
      "failed": 3
    },
    {
      "hour": "2026-05-17 16:00:00",
      "total": 57,
      "successful": 55,
      "failed": 2
    },
    {
      "hour": "2026-05-17 17:00:00",
      "total": 77,
      "successful": 70,
      "failed": 7
    },
    {
      "hour": "2026-05-17 18:00:00",
      "total": 87,
      "successful": 82,
      "failed": 5
    },
    {
      "hour": "2026-05-17 19:00:00",
      "total": 70,
      "successful": 66,
      "failed": 4
    },
    {
      "hour": "2026-05-17 20:00:00",
      "total": 77,
      "successful": 75,
      "failed": 2
    },
    {
      "hour": "2026-05-17 21:00:00",
      "total": 82,
      "successful": 74,
      "failed": 8
    },
    {
      "hour": "2026-05-17 22:00:00",
      "total": 85,
      "successful": 76,
      "failed": 9
    },
    {
      "hour": "2026-05-17 23:00:00",
      "total": 3,
      "successful": 2,
      "failed": 1
    }
  ],
  "top_failure_reasons": [
    {
      "reason": "This room rate is no longer available. Please select another room.",
      "count": 18,
      "adapters": "ATI"
    },
    {
      "reason": "Pnr has not been created successfully, see remaining messages for detailsEnhancedhotelbookrq: unable to perform hotel booking step. see below messages for details.. updatereservationrq: $invalid cc checksum$ (code: 3009)",
      "count": 9,
      "adapters": "SABRE_HOTEL"
    },
    {
      "reason": "Provided card number is invalid.",
      "count": 7,
      "adapters": "EAN_RAPID"
    },
    {
      "reason": "Hotel.Express.Book: Requested room is not available",
      "count": 5,
      "adapters": "PRICELINE_HOTEL"
    },
    {
      "reason": "Hotel.Express.Book: Booking failed due to CC failure",
      "count": 4,
      "adapters": "PRICELINE_HOTEL"
    },
    {
      "reason": "Hotel.Express.Contract: Rates not found",
      "count": 3,
      "adapters": "PRICELINE_HOTEL"
    },
    {
      "reason": "One or more requested rooms are unavailable.",
      "count": 3,
      "adapters": "EAN_RAPID"
    },
    {
      "reason": "The payment could not be processed because of insufficient funds.",
      "count": 3,
      "adapters": "EAN_RAPID"
    },
    {
      "reason": "The credit card provided has been identified as potential fraud",
      "count": 3,
      "adapters": "BEDS_ONLINE"
    },
    {
      "reason": "Error at property rooms->rateKey: Index 1 out of bounds for length 1",
      "count": 2,
      "adapters": "BEDS_ONLINE"
    }
  ]
}
Archived existing dashboard → index_20260517_190051.html
[2/4] Generating dashboard...
Dashboard saved to: /Users/jayaprasadkakkassery/myExperements/my-dashboard/index.html
Open in browser:    open /Users/jayaprasadkakkassery/myExperements/my-dashboard/index.html
[3/4] Pushing to GitHub Pages...
[gh-pages 618fd1b] Dashboard refresh (Last 24 hour(s) · All licensees & adapters) - 2026-05-17 19:00:52
 2 files changed, 611 insertions(+), 112 deletions(-)
 create mode 100644 index_20260517_190051.html
============================================
 TST Booking Dashboard - Refreshing...
 Range  : Last 24 hour(s)
 Filters: · All licensees & adapters
============================================
[1/4] Querying database (Last 24 hour(s) · All licensees & adapters)...
{
  "status": "ok",
  "generated_at": "2026-05-18 00:01:09 UTC",
  "interval_hours": 24,
  "filters": {
    "licensee_id": "all",
    "adapter_name": "all"
  },
  "summary": {
    "total": 1083,
    "successful": 1012,
    "failed": 71,
    "failure_pct": 6.56,
    "success_pct": 93.44,
    "cc_failed": 19,
    "cc_pct_of_failures": 26.76,
    "non_cc_failed": 52,
    "non_cc_failure_pct": 4.89
  },
  "by_adapter": [
    {
      "adapter": "SABRE_HOTEL",
      "total": 442,
      "successful": 427,
      "failed": 15,
      "failure_pct": 3.39
    },
    {
      "adapter": "EAN_RAPID",
      "total": 354,
      "successful": 338,
      "failed": 16,
      "failure_pct": 4.52
    },
    {
      "adapter": "PRICELINE_HOTEL",
      "total": 200,
      "successful": 186,
      "failed": 14,
      "failure_pct": 7.0
    },
    {
      "adapter": "ATI",
      "total": 44,
      "successful": 25,
      "failed": 19,
      "failure_pct": 43.18
    },
    {
      "adapter": "BEDS_ONLINE",
      "total": 43,
      "successful": 36,
      "failed": 7,
      "failure_pct": 16.28
    }
  ],
  "by_licensee": [
    {
      "licensee_id": 72,
      "total": 238,
      "successful": 220,
      "failed": 18,
      "failure_pct": 7.56
    },
    {
      "licensee_id": 34,
      "total": 175,
      "successful": 169,
      "failed": 6,
      "failure_pct": 3.43
    },
    {
      "licensee_id": 49,
      "total": 167,
      "successful": 149,
      "failed": 18,
      "failure_pct": 10.78
    },
    {
      "licensee_id": 1,
      "total": 108,
      "successful": 104,
      "failed": 4,
      "failure_pct": 3.7
    },
    {
      "licensee_id": 40,
      "total": 83,
      "successful": 81,
      "failed": 2,
      "failure_pct": 2.41
    },
    {
      "licensee_id": 50,
      "total": 62,
      "successful": 60,
      "failed": 2,
      "failure_pct": 3.23
    },
    {
      "licensee_id": 3,
      "total": 48,
      "successful": 42,
      "failed": 6,
      "failure_pct": 12.5
    },
    {
      "licensee_id": 57,
      "total": 27,
      "successful": 25,
      "failed": 2,
      "failure_pct": 7.41
    },
    {
      "licensee_id": 55,
      "total": 25,
      "successful": 23,
      "failed": 2,
      "failure_pct": 8.0
    },
    {
      "licensee_id": 39,
      "total": 22,
      "successful": 19,
      "failed": 3,
      "failure_pct": 13.64
    }
  ],
  "hourly_trend": [
    {
      "hour": "2026-05-17 00:00:00",
      "total": 62,
      "successful": 60,
      "failed": 2
    },
    {
      "hour": "2026-05-17 01:00:00",
      "total": 80,
      "successful": 76,
      "failed": 4
    },
    {
      "hour": "2026-05-17 02:00:00",
      "total": 69,
      "successful": 64,
      "failed": 5
    },
    {
      "hour": "2026-05-17 03:00:00",
      "total": 31,
      "successful": 31,
      "failed": 0
    },
    {
      "hour": "2026-05-17 04:00:00",
      "total": 23,
      "successful": 21,
      "failed": 2
    },
    {
      "hour": "2026-05-17 05:00:00",
      "total": 16,
      "successful": 14,
      "failed": 2
    },
    {
      "hour": "2026-05-17 06:00:00",
      "total": 22,
      "successful": 19,
      "failed": 3
    },
    {
      "hour": "2026-05-17 07:00:00",
      "total": 5,
      "successful": 4,
      "failed": 1
    },
    {
      "hour": "2026-05-17 08:00:00",
      "total": 7,
      "successful": 4,
      "failed": 3
    },
    {
      "hour": "2026-05-17 09:00:00",
      "total": 4,
      "successful": 3,
      "failed": 1
    },
    {
      "hour": "2026-05-17 10:00:00",
      "total": 2,
      "successful": 2,
      "failed": 0
    },
    {
      "hour": "2026-05-17 11:00:00",
      "total": 6,
      "successful": 5,
      "failed": 1
    },
    {
      "hour": "2026-05-17 12:00:00",
      "total": 13,
      "successful": 13,
      "failed": 0
    },
    {
      "hour": "2026-05-17 13:00:00",
      "total": 23,
      "successful": 23,
      "failed": 0
    },
    {
      "hour": "2026-05-17 14:00:00",
      "total": 47,
      "successful": 44,
      "failed": 3
    },
    {
      "hour": "2026-05-17 15:00:00",
      "total": 57,
      "successful": 54,
      "failed": 3
    },
    {
      "hour": "2026-05-17 16:00:00",
      "total": 57,
      "successful": 55,
      "failed": 2
    },
    {
      "hour": "2026-05-17 17:00:00",
      "total": 77,
      "successful": 70,
      "failed": 7
    },
    {
      "hour": "2026-05-17 18:00:00",
      "total": 87,
      "successful": 82,
      "failed": 5
    },
    {
      "hour": "2026-05-17 19:00:00",
      "total": 70,
      "successful": 66,
      "failed": 4
    },
    {
      "hour": "2026-05-17 20:00:00",
      "total": 77,
      "successful": 75,
      "failed": 2
    },
    {
      "hour": "2026-05-17 21:00:00",
      "total": 82,
      "successful": 74,
      "failed": 8
    },
    {
      "hour": "2026-05-17 22:00:00",
      "total": 85,
      "successful": 76,
      "failed": 9
    },
    {
      "hour": "2026-05-17 23:00:00",
      "total": 80,
      "successful": 76,
      "failed": 4
    },
    {
      "hour": "2026-05-18 00:00:00",
      "total": 1,
      "successful": 1,
      "failed": 0
    }
  ],
  "top_failure_reasons": [
    {
      "reason": "This room rate is no longer available. Please select another room.",
      "count": 18,
      "adapters": "ATI"
    },
    {
      "reason": "Pnr has not been created successfully, see remaining messages for detailsEnhancedhotelbookrq: unable to perform hotel booking step. see below messages for details.. updatereservationrq: $invalid cc checksum$ (code: 3009)",
      "count": 9,
      "adapters": "SABRE_HOTEL"
    },
    {
      "reason": "Provided card number is invalid.",
      "count": 7,
      "adapters": "EAN_RAPID"
    },
    {
      "reason": "Hotel.Express.Book: Booking failed due to CC failure",
      "count": 5,
      "adapters": "PRICELINE_HOTEL"
    },
    {
      "reason": "Hotel.Express.Book: Requested room is not available",
      "count": 5,
      "adapters": "PRICELINE_HOTEL"
    },
    {
      "reason": "Hotel.Express.Contract: Rates not found",
      "count": 3,
      "adapters": "PRICELINE_HOTEL"
    },
    {
      "reason": "The credit card provided has been identified as potential fraud",
      "count": 3,
      "adapters": "BEDS_ONLINE"
    },
    {
      "reason": "The payment could not be processed because of insufficient funds.",
      "count": 3,
      "adapters": "EAN_RAPID"
    },
    {
      "reason": "Pnr has not been created successfully, see remaining messages for detailsEnhancedhotelbookrq: hotel booking segment status is unconfirmed. please retry the transaction.. updatereservationrq: associate system unable to process (code: warn.5136)",
      "count": 2,
      "adapters": "SABRE_HOTEL"
    },
    {
      "reason": "Error at property rooms->rateKey: Index 1 out of bounds for length 1",
      "count": 2,
      "adapters": "BEDS_ONLINE"
    }
  ]
}
Archived existing dashboard → index_20260517_200109.html
[2/4] Generating dashboard...
Dashboard saved to: /Users/jayaprasadkakkassery/myExperements/my-dashboard/index.html
Open in browser:    open /Users/jayaprasadkakkassery/myExperements/my-dashboard/index.html
[3/4] Pushing to GitHub Pages...
[gh-pages 5a6d2cd] Dashboard refresh (Last 24 hour(s) · All licensees & adapters) - 2026-05-17 20:01:10
 2 files changed, 587 insertions(+), 88 deletions(-)
 create mode 100644 index_20260517_200109.html
============================================
 TST Booking Dashboard - Refreshing...
 Range  : Last 24 hour(s)
 Filters: · All licensees & adapters
============================================
[1/4] Querying database (Last 24 hour(s) · All licensees & adapters)...
{
  "status": "ok",
  "generated_at": "2026-05-18 01:01:15 UTC",
  "interval_hours": 24,
  "filters": {
    "licensee_id": "all",
    "adapter_name": "all"
  },
  "summary": {
    "total": 1125,
    "successful": 1049,
    "failed": 76,
    "failure_pct": 6.76,
    "success_pct": 93.24,
    "cc_failed": 20,
    "cc_pct_of_failures": 26.32,
    "non_cc_failed": 56,
    "non_cc_failure_pct": 5.07
  },
  "by_adapter": [
    {
      "adapter": "SABRE_HOTEL",
      "total": 460,
      "successful": 443,
      "failed": 17,
      "failure_pct": 3.7
    },
    {
      "adapter": "EAN_RAPID",
      "total": 355,
      "successful": 339,
      "failed": 16,
      "failure_pct": 4.51
    },
    {
      "adapter": "PRICELINE_HOTEL",
      "total": 219,
      "successful": 203,
      "failed": 16,
      "failure_pct": 7.31
    },
    {
      "adapter": "BEDS_ONLINE",
      "total": 47,
      "successful": 40,
      "failed": 7,
      "failure_pct": 14.89
    },
    {
      "adapter": "ATI",
      "total": 44,
      "successful": 24,
      "failed": 20,
      "failure_pct": 45.45
    }
  ],
  "by_licensee": [
    {
      "licensee_id": 72,
      "total": 248,
      "successful": 228,
      "failed": 20,
      "failure_pct": 8.06
    },
    {
      "licensee_id": 49,
      "total": 174,
      "successful": 156,
      "failed": 18,
      "failure_pct": 10.34
    },
    {
      "licensee_id": 34,
      "total": 173,
      "successful": 165,
      "failed": 8,
      "failure_pct": 4.62
    },
    {
      "licensee_id": 40,
      "total": 103,
      "successful": 99,
      "failed": 4,
      "failure_pct": 3.88
    },
    {
      "licensee_id": 1,
      "total": 102,
      "successful": 98,
      "failed": 4,
      "failure_pct": 3.92
    },
    {
      "licensee_id": 50,
      "total": 61,
      "successful": 59,
      "failed": 2,
      "failure_pct": 3.28
    },
    {
      "licensee_id": 3,
      "total": 51,
      "successful": 45,
      "failed": 6,
      "failure_pct": 11.76
    },
    {
      "licensee_id": 57,
      "total": 31,
      "successful": 29,
      "failed": 2,
      "failure_pct": 6.45
    },
    {
      "licensee_id": 55,
      "total": 27,
      "successful": 25,
      "failed": 2,
      "failure_pct": 7.41
    },
    {
      "licensee_id": 39,
      "total": 26,
      "successful": 23,
      "failed": 3,
      "failure_pct": 11.54
    }
  ],
  "hourly_trend": [
    {
      "hour": "2026-05-17 01:00:00",
      "total": 78,
      "successful": 74,
      "failed": 4
    },
    {
      "hour": "2026-05-17 02:00:00",
      "total": 69,
      "successful": 64,
      "failed": 5
    },
    {
      "hour": "2026-05-17 03:00:00",
      "total": 31,
      "successful": 31,
      "failed": 0
    },
    {
      "hour": "2026-05-17 04:00:00",
      "total": 23,
      "successful": 21,
      "failed": 2
    },
    {
      "hour": "2026-05-17 05:00:00",
      "total": 16,
      "successful": 14,
      "failed": 2
    },
    {
      "hour": "2026-05-17 06:00:00",
      "total": 22,
      "successful": 19,
      "failed": 3
    },
    {
      "hour": "2026-05-17 07:00:00",
      "total": 5,
      "successful": 4,
      "failed": 1
    },
    {
      "hour": "2026-05-17 08:00:00",
      "total": 7,
      "successful": 4,
      "failed": 3
    },
    {
      "hour": "2026-05-17 09:00:00",
      "total": 4,
      "successful": 3,
      "failed": 1
    },
    {
      "hour": "2026-05-17 10:00:00",
      "total": 2,
      "successful": 2,
      "failed": 0
    },
    {
      "hour": "2026-05-17 11:00:00",
      "total": 6,
      "successful": 5,
      "failed": 1
    },
    {
      "hour": "2026-05-17 12:00:00",
      "total": 13,
      "successful": 13,
      "failed": 0
    },
    {
      "hour": "2026-05-17 13:00:00",
      "total": 23,
      "successful": 23,
      "failed": 0
    },
    {
      "hour": "2026-05-17 14:00:00",
      "total": 47,
      "successful": 44,
      "failed": 3
    },
    {
      "hour": "2026-05-17 15:00:00",
      "total": 57,
      "successful": 54,
      "failed": 3
    },
    {
      "hour": "2026-05-17 16:00:00",
      "total": 57,
      "successful": 55,
      "failed": 2
    },
    {
      "hour": "2026-05-17 17:00:00",
      "total": 77,
      "successful": 70,
      "failed": 7
    },
    {
      "hour": "2026-05-17 18:00:00",
      "total": 87,
      "successful": 82,
      "failed": 5
    },
    {
      "hour": "2026-05-17 19:00:00",
      "total": 70,
      "successful": 66,
      "failed": 4
    },
    {
      "hour": "2026-05-17 20:00:00",
      "total": 77,
      "successful": 75,
      "failed": 2
    },
    {
      "hour": "2026-05-17 21:00:00",
      "total": 81,
      "successful": 74,
      "failed": 7
    },
    {
      "hour": "2026-05-17 22:00:00",
      "total": 85,
      "successful": 76,
      "failed": 9
    },
    {
      "hour": "2026-05-17 23:00:00",
      "total": 79,
      "successful": 76,
      "failed": 3
    },
    {
      "hour": "2026-05-18 00:00:00",
      "total": 108,
      "successful": 99,
      "failed": 9
    },
    {
      "hour": "2026-05-18 01:00:00",
      "total": 1,
      "successful": 1,
      "failed": 0
    }
  ],
  "top_failure_reasons": [
    {
      "reason": "This room rate is no longer available. Please select another room.",
      "count": 19,
      "adapters": "ATI"
    },
    {
      "reason": "Pnr has not been created successfully, see remaining messages for detailsEnhancedhotelbookrq: unable to perform hotel booking step. see below messages for details.. updatereservationrq: $invalid cc checksum$ (code: 3009)",
      "count": 11,
      "adapters": "SABRE_HOTEL"
    },
    {
      "reason": "Provided card number is invalid.",
      "count": 7,
      "adapters": "EAN_RAPID"
    },
    {
      "reason": "Hotel.Express.Book: Booking failed due to CC failure",
      "count": 6,
      "adapters": "PRICELINE_HOTEL"
    },
    {
      "reason": "Hotel.Express.Book: Requested room is not available",
      "count": 5,
      "adapters": "PRICELINE_HOTEL"
    },
    {
      "reason": "Hotel.Express.Contract: Rates not found",
      "count": 4,
      "adapters": "PRICELINE_HOTEL"
    },
    {
      "reason": "The credit card provided has been identified as potential fraud",
      "count": 3,
      "adapters": "BEDS_ONLINE"
    },
    {
      "reason": "The payment could not be processed because of insufficient funds.",
      "count": 3,
      "adapters": "EAN_RAPID"
    },
    {
      "reason": "Pnr has not been created successfully, see remaining messages for detailsEnhancedhotelbookrq: hotel booking segment status is unconfirmed. please retry the transaction.. updatereservationrq: associate system unable to process (code: warn.5136)",
      "count": 2,
      "adapters": "SABRE_HOTEL"
    },
    {
      "reason": "One or more requested rooms are unavailable.",
      "count": 2,
      "adapters": "EAN_RAPID"
    }
  ]
}
Archived existing dashboard → index_20260517_210115.html
[2/4] Generating dashboard...
Dashboard saved to: /Users/jayaprasadkakkassery/myExperements/my-dashboard/index.html
Open in browser:    open /Users/jayaprasadkakkassery/myExperements/my-dashboard/index.html
[3/4] Pushing to GitHub Pages...
[gh-pages dfae362] Dashboard refresh (Last 24 hour(s) · All licensees & adapters) - 2026-05-17 21:01:16
 2 files changed, 607 insertions(+), 108 deletions(-)
 create mode 100644 index_20260517_210115.html
============================================
 TST Booking Dashboard - Refreshing...
 Range  : Last 24 hour(s)
 Filters: · All licensees & adapters
============================================
[1/4] Querying database (Last 24 hour(s) · All licensees & adapters)...
{
  "status": "ok",
  "generated_at": "2026-05-18 02:01:21 UTC",
  "interval_hours": 24,
  "filters": {
    "licensee_id": "all",
    "adapter_name": "all"
  },
  "summary": {
    "total": 1149,
    "successful": 1072,
    "failed": 77,
    "failure_pct": 6.7,
    "success_pct": 93.3,
    "cc_failed": 19,
    "cc_pct_of_failures": 24.68,
    "non_cc_failed": 58,
    "non_cc_failure_pct": 5.13
  },
  "by_adapter": [
    {
      "adapter": "SABRE_HOTEL",
      "total": 465,
      "successful": 449,
      "failed": 16,
      "failure_pct": 3.44
    },
    {
      "adapter": "EAN_RAPID",
      "total": 354,
      "successful": 339,
      "failed": 15,
      "failure_pct": 4.24
    },
    {
      "adapter": "PRICELINE_HOTEL",
      "total": 233,
      "successful": 215,
      "failed": 18,
      "failure_pct": 7.73
    },
    {
      "adapter": "BEDS_ONLINE",
      "total": 50,
      "successful": 43,
      "failed": 7,
      "failure_pct": 14.0
    },
    {
      "adapter": "ATI",
      "total": 47,
      "successful": 26,
      "failed": 21,
      "failure_pct": 44.68
    }
  ],
  "by_licensee": [
    {
      "licensee_id": 72,
      "total": 251,
      "successful": 230,
      "failed": 21,
      "failure_pct": 8.37
    },
    {
      "licensee_id": 49,
      "total": 174,
      "successful": 157,
      "failed": 17,
      "failure_pct": 9.77
    },
    {
      "licensee_id": 34,
      "total": 167,
      "successful": 160,
      "failed": 7,
      "failure_pct": 4.19
    },
    {
      "licensee_id": 1,
      "total": 109,
      "successful": 105,
      "failed": 4,
      "failure_pct": 3.67
    },
    {
      "licensee_id": 40,
      "total": 105,
      "successful": 100,
      "failed": 5,
      "failure_pct": 4.76
    },
    {
      "licensee_id": 50,
      "total": 68,
      "successful": 65,
      "failed": 3,
      "failure_pct": 4.41
    },
    {
      "licensee_id": 3,
      "total": 49,
      "successful": 43,
      "failed": 6,
      "failure_pct": 12.24
    },
    {
      "licensee_id": 57,
      "total": 36,
      "successful": 34,
      "failed": 2,
      "failure_pct": 5.56
    },
    {
      "licensee_id": 55,
      "total": 29,
      "successful": 27,
      "failed": 2,
      "failure_pct": 6.9
    },
    {
      "licensee_id": 67,
      "total": 23,
      "successful": 21,
      "failed": 2,
      "failure_pct": 8.7
    }
  ],
  "hourly_trend": [
    {
      "hour": "2026-05-17 02:00:00",
      "total": 68,
      "successful": 63,
      "failed": 5
    },
    {
      "hour": "2026-05-17 03:00:00",
      "total": 31,
      "successful": 31,
      "failed": 0
    },
    {
      "hour": "2026-05-17 04:00:00",
      "total": 23,
      "successful": 21,
      "failed": 2
    },
    {
      "hour": "2026-05-17 05:00:00",
      "total": 16,
      "successful": 14,
      "failed": 2
    },
    {
      "hour": "2026-05-17 06:00:00",
      "total": 22,
      "successful": 19,
      "failed": 3
    },
    {
      "hour": "2026-05-17 07:00:00",
      "total": 5,
      "successful": 4,
      "failed": 1
    },
    {
      "hour": "2026-05-17 08:00:00",
      "total": 7,
      "successful": 4,
      "failed": 3
    },
    {
      "hour": "2026-05-17 09:00:00",
      "total": 4,
      "successful": 3,
      "failed": 1
    },
    {
      "hour": "2026-05-17 10:00:00",
      "total": 2,
      "successful": 2,
      "failed": 0
    },
    {
      "hour": "2026-05-17 11:00:00",
      "total": 6,
      "successful": 5,
      "failed": 1
    },
    {
      "hour": "2026-05-17 12:00:00",
      "total": 13,
      "successful": 13,
      "failed": 0
    },
    {
      "hour": "2026-05-17 13:00:00",
      "total": 23,
      "successful": 23,
      "failed": 0
    },
    {
      "hour": "2026-05-17 14:00:00",
      "total": 47,
      "successful": 44,
      "failed": 3
    },
    {
      "hour": "2026-05-17 15:00:00",
      "total": 57,
      "successful": 54,
      "failed": 3
    },
    {
      "hour": "2026-05-17 16:00:00",
      "total": 57,
      "successful": 55,
      "failed": 2
    },
    {
      "hour": "2026-05-17 17:00:00",
      "total": 77,
      "successful": 70,
      "failed": 7
    },
    {
      "hour": "2026-05-17 18:00:00",
      "total": 87,
      "successful": 82,
      "failed": 5
    },
    {
      "hour": "2026-05-17 19:00:00",
      "total": 70,
      "successful": 66,
      "failed": 4
    },
    {
      "hour": "2026-05-17 20:00:00",
      "total": 77,
      "successful": 75,
      "failed": 2
    },
    {
      "hour": "2026-05-17 21:00:00",
      "total": 81,
      "successful": 74,
      "failed": 7
    },
    {
      "hour": "2026-05-17 22:00:00",
      "total": 85,
      "successful": 76,
      "failed": 9
    },
    {
      "hour": "2026-05-17 23:00:00",
      "total": 79,
      "successful": 76,
      "failed": 3
    },
    {
      "hour": "2026-05-18 00:00:00",
      "total": 108,
      "successful": 99,
      "failed": 9
    },
    {
      "hour": "2026-05-18 01:00:00",
      "total": 104,
      "successful": 99,
      "failed": 5
    }
  ],
  "top_failure_reasons": [
    {
      "reason": "This room rate is no longer available. Please select another room.",
      "count": 20,
      "adapters": "ATI"
    },
    {
      "reason": "Pnr has not been created successfully, see remaining messages for detailsEnhancedhotelbookrq: unable to perform hotel booking step. see below messages for details.. updatereservationrq: $invalid cc checksum$ (code: 3009)",
      "count": 10,
      "adapters": "SABRE_HOTEL"
    },
    {
      "reason": "Hotel.Express.Book: Booking failed due to CC failure",
      "count": 7,
      "adapters": "PRICELINE_HOTEL"
    },
    {
      "reason": "Provided card number is invalid.",
      "count": 7,
      "adapters": "EAN_RAPID"
    },
    {
      "reason": "Hotel.Express.Book: Requested room is not available",
      "count": 5,
      "adapters": "PRICELINE_HOTEL"
    },
    {
      "reason": "Hotel.Express.Contract: Rates not found",
      "count": 5,
      "adapters": "PRICELINE_HOTEL"
    },
    {
      "reason": "The credit card provided has been identified as potential fraud",
      "count": 3,
      "adapters": "BEDS_ONLINE"
    },
    {
      "reason": "Pnr has not been created successfully, see remaining messages for detailsEnhancedhotelbookrq: hotel booking segment status is unconfirmed. please retry the transaction.. updatereservationrq: associate system unable to process (code: warn.5136)",
      "count": 2,
      "adapters": "SABRE_HOTEL"
    },
    {
      "reason": "The payment could not be processed because of insufficient funds.",
      "count": 2,
      "adapters": "EAN_RAPID"
    },
    {
      "reason": "One or more requested rooms are unavailable.",
      "count": 2,
      "adapters": "EAN_RAPID"
    }
  ]
}
Archived existing dashboard → index_20260517_220121.html
[2/4] Generating dashboard...
Dashboard saved to: /Users/jayaprasadkakkassery/myExperements/my-dashboard/index.html
Open in browser:    open /Users/jayaprasadkakkassery/myExperements/my-dashboard/index.html
[3/4] Pushing to GitHub Pages...
[gh-pages c04deb4] Dashboard refresh (Last 24 hour(s) · All licensees & adapters) - 2026-05-17 22:01:22
 2 files changed, 607 insertions(+), 108 deletions(-)
 create mode 100644 index_20260517_220121.html
============================================
 TST Booking Dashboard - Refreshing...
 Range  : Last 24 hour(s)
 Filters: · All licensees & adapters
============================================
[1/4] Querying database (Last 24 hour(s) · All licensees & adapters)...
{
  "status": "ok",
  "generated_at": "2026-05-18 03:01:27 UTC",
  "interval_hours": 24,
  "filters": {
    "licensee_id": "all",
    "adapter_name": "all"
  },
  "summary": {
    "total": 1160,
    "successful": 1086,
    "failed": 74,
    "failure_pct": 6.38,
    "success_pct": 93.62,
    "cc_failed": 19,
    "cc_pct_of_failures": 25.68,
    "non_cc_failed": 55,
    "non_cc_failure_pct": 4.82
  },
  "by_adapter": [
    {
      "adapter": "SABRE_HOTEL",
      "total": 467,
      "successful": 453,
      "failed": 14,
      "failure_pct": 3.0
    },
    {
      "adapter": "EAN_RAPID",
      "total": 364,
      "successful": 349,
      "failed": 15,
      "failure_pct": 4.12
    },
    {
      "adapter": "PRICELINE_HOTEL",
      "total": 233,
      "successful": 215,
      "failed": 18,
      "failure_pct": 7.73
    },
    {
      "adapter": "BEDS_ONLINE",
      "total": 51,
      "successful": 44,
      "failed": 7,
      "failure_pct": 13.73
    },
    {
      "adapter": "ATI",
      "total": 45,
      "successful": 25,
      "failed": 20,
      "failure_pct": 44.44
    }
  ],
  "by_licensee": [
    {
      "licensee_id": 72,
      "total": 250,
      "successful": 229,
      "failed": 21,
      "failure_pct": 8.4
    },
    {
      "licensee_id": 49,
      "total": 185,
      "successful": 170,
      "failed": 15,
      "failure_pct": 8.11
    },
    {
      "licensee_id": 34,
      "total": 166,
      "successful": 160,
      "failed": 6,
      "failure_pct": 3.61
    },
    {
      "licensee_id": 1,
      "total": 112,
      "successful": 108,
      "failed": 4,
      "failure_pct": 3.57
    },
    {
      "licensee_id": 40,
      "total": 108,
      "successful": 103,
      "failed": 5,
      "failure_pct": 4.63
    },
    {
      "licensee_id": 50,
      "total": 63,
      "successful": 60,
      "failed": 3,
      "failure_pct": 4.76
    },
    {
      "licensee_id": 3,
      "total": 53,
      "successful": 47,
      "failed": 6,
      "failure_pct": 11.32
    },
    {
      "licensee_id": 57,
      "total": 37,
      "successful": 34,
      "failed": 3,
      "failure_pct": 8.11
    },
    {
      "licensee_id": 55,
      "total": 34,
      "successful": 32,
      "failed": 2,
      "failure_pct": 5.88
    },
    {
      "licensee_id": 67,
      "total": 22,
      "successful": 20,
      "failed": 2,
      "failure_pct": 9.09
    }
  ],
  "hourly_trend": [
    {
      "hour": "2026-05-17 03:00:00",
      "total": 28,
      "successful": 28,
      "failed": 0
    },
    {
      "hour": "2026-05-17 04:00:00",
      "total": 23,
      "successful": 21,
      "failed": 2
    },
    {
      "hour": "2026-05-17 05:00:00",
      "total": 16,
      "successful": 14,
      "failed": 2
    },
    {
      "hour": "2026-05-17 06:00:00",
      "total": 22,
      "successful": 19,
      "failed": 3
    },
    {
      "hour": "2026-05-17 07:00:00",
      "total": 5,
      "successful": 4,
      "failed": 1
    },
    {
      "hour": "2026-05-17 08:00:00",
      "total": 7,
      "successful": 4,
      "failed": 3
    },
    {
      "hour": "2026-05-17 09:00:00",
      "total": 4,
      "successful": 3,
      "failed": 1
    },
    {
      "hour": "2026-05-17 10:00:00",
      "total": 2,
      "successful": 2,
      "failed": 0
    },
    {
      "hour": "2026-05-17 11:00:00",
      "total": 6,
      "successful": 5,
      "failed": 1
    },
    {
      "hour": "2026-05-17 12:00:00",
      "total": 13,
      "successful": 13,
      "failed": 0
    },
    {
      "hour": "2026-05-17 13:00:00",
      "total": 23,
      "successful": 23,
      "failed": 0
    },
    {
      "hour": "2026-05-17 14:00:00",
      "total": 47,
      "successful": 44,
      "failed": 3
    },
    {
      "hour": "2026-05-17 15:00:00",
      "total": 57,
      "successful": 54,
      "failed": 3
    },
    {
      "hour": "2026-05-17 16:00:00",
      "total": 57,
      "successful": 55,
      "failed": 2
    },
    {
      "hour": "2026-05-17 17:00:00",
      "total": 77,
      "successful": 70,
      "failed": 7
    },
    {
      "hour": "2026-05-17 18:00:00",
      "total": 87,
      "successful": 82,
      "failed": 5
    },
    {
      "hour": "2026-05-17 19:00:00",
      "total": 70,
      "successful": 66,
      "failed": 4
    },
    {
      "hour": "2026-05-17 20:00:00",
      "total": 77,
      "successful": 75,
      "failed": 2
    },
    {
      "hour": "2026-05-17 21:00:00",
      "total": 81,
      "successful": 74,
      "failed": 7
    },
    {
      "hour": "2026-05-17 22:00:00",
      "total": 85,
      "successful": 76,
      "failed": 9
    },
    {
      "hour": "2026-05-17 23:00:00",
      "total": 79,
      "successful": 76,
      "failed": 3
    },
    {
      "hour": "2026-05-18 00:00:00",
      "total": 107,
      "successful": 99,
      "failed": 8
    },
    {
      "hour": "2026-05-18 01:00:00",
      "total": 104,
      "successful": 99,
      "failed": 5
    },
    {
      "hour": "2026-05-18 02:00:00",
      "total": 81,
      "successful": 78,
      "failed": 3
    },
    {
      "hour": "2026-05-18 03:00:00",
      "total": 2,
      "successful": 2,
      "failed": 0
    }
  ],
  "top_failure_reasons": [
    {
      "reason": "This room rate is no longer available. Please select another room.",
      "count": 19,
      "adapters": "ATI"
    },
    {
      "reason": "Pnr has not been created successfully, see remaining messages for detailsEnhancedhotelbookrq: unable to perform hotel booking step. see below messages for details.. updatereservationrq: $invalid cc checksum$ (code: 3009)",
      "count": 8,
      "adapters": "SABRE_HOTEL"
    },
    {
      "reason": "Hotel.Express.Book: Booking failed due to CC failure",
      "count": 7,
      "adapters": "PRICELINE_HOTEL"
    },
    {
      "reason": "Provided card number is invalid.",
      "count": 7,
      "adapters": "EAN_RAPID"
    },
    {
      "reason": "Hotel.Express.Book: Requested room is not available",
      "count": 6,
      "adapters": "PRICELINE_HOTEL"
    },
    {
      "reason": "Hotel.Express.Contract: Rates not found",
      "count": 4,
      "adapters": "PRICELINE_HOTEL"
    },
    {
      "reason": "The credit card provided has been identified as potential fraud",
      "count": 3,
      "adapters": "BEDS_ONLINE"
    },
    {
      "reason": "Pnr has not been created successfully, see remaining messages for detailsEnhancedhotelbookrq: hotel booking segment status is unconfirmed. please retry the transaction.. updatereservationrq: associate system unable to process (code: warn.5136)",
      "count": 2,
      "adapters": "SABRE_HOTEL"
    },
    {
      "reason": "The payment could not be processed because of insufficient funds.",
      "count": 2,
      "adapters": "EAN_RAPID"
    },
    {
      "reason": "One or more requested rooms are unavailable.",
      "count": 2,
      "adapters": "EAN_RAPID"
    }
  ]
}
Archived existing dashboard → index_20260517_230127.html
[2/4] Generating dashboard...
Dashboard saved to: /Users/jayaprasadkakkassery/myExperements/my-dashboard/index.html
Open in browser:    open /Users/jayaprasadkakkassery/myExperements/my-dashboard/index.html
[3/4] Pushing to GitHub Pages...
[gh-pages 8f31022] Dashboard refresh (Last 24 hour(s) · All licensees & adapters) - 2026-05-17 23:01:27
 2 files changed, 588 insertions(+), 89 deletions(-)
 create mode 100644 index_20260517_230127.html
============================================
 TST Booking Dashboard - Refreshing...
 Range  : Last 24 hour(s)
 Filters: · All licensees & adapters
============================================
[1/4] Querying database (Last 24 hour(s) · All licensees & adapters)...
{
  "status": "ok",
  "generated_at": "2026-05-18 04:01:33 UTC",
  "interval_hours": 24,
  "filters": {
    "licensee_id": "all",
    "adapter_name": "all"
  },
  "summary": {
    "total": 1202,
    "successful": 1121,
    "failed": 81,
    "failure_pct": 6.74,
    "success_pct": 93.26,
    "cc_failed": 22,
    "cc_pct_of_failures": 27.16,
    "non_cc_failed": 59,
    "non_cc_failure_pct": 5.0
  },
  "by_adapter": [
    {
      "adapter": "SABRE_HOTEL",
      "total": 481,
      "successful": 467,
      "failed": 14,
      "failure_pct": 2.91
    },
    {
      "adapter": "EAN_RAPID",
      "total": 378,
      "successful": 358,
      "failed": 20,
      "failure_pct": 5.29
    },
    {
      "adapter": "PRICELINE_HOTEL",
      "total": 242,
      "successful": 223,
      "failed": 19,
      "failure_pct": 7.85
    },
    {
      "adapter": "BEDS_ONLINE",
      "total": 52,
      "successful": 45,
      "failed": 7,
      "failure_pct": 13.46
    },
    {
      "adapter": "ATI",
      "total": 49,
      "successful": 28,
      "failed": 21,
      "failure_pct": 42.86
    }
  ],
  "by_licensee": [
    {
      "licensee_id": 72,
      "total": 256,
      "successful": 234,
      "failed": 22,
      "failure_pct": 8.59
    },
    {
      "licensee_id": 49,
      "total": 207,
      "successful": 189,
      "failed": 18,
      "failure_pct": 8.7
    },
    {
      "licensee_id": 34,
      "total": 169,
      "successful": 163,
      "failed": 6,
      "failure_pct": 3.55
    },
    {
      "licensee_id": 1,
      "total": 113,
      "successful": 109,
      "failed": 4,
      "failure_pct": 3.54
    },
    {
      "licensee_id": 40,
      "total": 109,
      "successful": 104,
      "failed": 5,
      "failure_pct": 4.59
    },
    {
      "licensee_id": 50,
      "total": 67,
      "successful": 64,
      "failed": 3,
      "failure_pct": 4.48
    },
    {
      "licensee_id": 3,
      "total": 54,
      "successful": 48,
      "failed": 6,
      "failure_pct": 11.11
    },
    {
      "licensee_id": 57,
      "total": 38,
      "successful": 34,
      "failed": 4,
      "failure_pct": 10.53
    },
    {
      "licensee_id": 55,
      "total": 37,
      "successful": 34,
      "failed": 3,
      "failure_pct": 8.11
    },
    {
      "licensee_id": 67,
      "total": 20,
      "successful": 18,
      "failed": 2,
      "failure_pct": 10.0
    }
  ],
  "hourly_trend": [
    {
      "hour": "2026-05-17 04:00:00",
      "total": 23,
      "successful": 21,
      "failed": 2
    },
    {
      "hour": "2026-05-17 05:00:00",
      "total": 16,
      "successful": 14,
      "failed": 2
    },
    {
      "hour": "2026-05-17 06:00:00",
      "total": 22,
      "successful": 19,
      "failed": 3
    },
    {
      "hour": "2026-05-17 07:00:00",
      "total": 5,
      "successful": 4,
      "failed": 1
    },
    {
      "hour": "2026-05-17 08:00:00",
      "total": 7,
      "successful": 4,
      "failed": 3
    },
    {
      "hour": "2026-05-17 09:00:00",
      "total": 4,
      "successful": 3,
      "failed": 1
    },
    {
      "hour": "2026-05-17 10:00:00",
      "total": 2,
      "successful": 2,
      "failed": 0
    },
    {
      "hour": "2026-05-17 11:00:00",
      "total": 6,
      "successful": 5,
      "failed": 1
    },
    {
      "hour": "2026-05-17 12:00:00",
      "total": 13,
      "successful": 13,
      "failed": 0
    },
    {
      "hour": "2026-05-17 13:00:00",
      "total": 23,
      "successful": 23,
      "failed": 0
    },
    {
      "hour": "2026-05-17 14:00:00",
      "total": 47,
      "successful": 44,
      "failed": 3
    },
    {
      "hour": "2026-05-17 15:00:00",
      "total": 57,
      "successful": 54,
      "failed": 3
    },
    {
      "hour": "2026-05-17 16:00:00",
      "total": 57,
      "successful": 55,
      "failed": 2
    },
    {
      "hour": "2026-05-17 17:00:00",
      "total": 77,
      "successful": 70,
      "failed": 7
    },
    {
      "hour": "2026-05-17 18:00:00",
      "total": 87,
      "successful": 82,
      "failed": 5
    },
    {
      "hour": "2026-05-17 19:00:00",
      "total": 70,
      "successful": 66,
      "failed": 4
    },
    {
      "hour": "2026-05-17 20:00:00",
      "total": 77,
      "successful": 75,
      "failed": 2
    },
    {
      "hour": "2026-05-17 21:00:00",
      "total": 81,
      "successful": 74,
      "failed": 7
    },
    {
      "hour": "2026-05-17 22:00:00",
      "total": 85,
      "successful": 76,
      "failed": 9
    },
    {
      "hour": "2026-05-17 23:00:00",
      "total": 79,
      "successful": 76,
      "failed": 3
    },
    {
      "hour": "2026-05-18 00:00:00",
      "total": 107,
      "successful": 99,
      "failed": 8
    },
    {
      "hour": "2026-05-18 01:00:00",
      "total": 104,
      "successful": 99,
      "failed": 5
    },
    {
      "hour": "2026-05-18 02:00:00",
      "total": 81,
      "successful": 78,
      "failed": 3
    },
    {
      "hour": "2026-05-18 03:00:00",
      "total": 68,
      "successful": 61,
      "failed": 7
    },
    {
      "hour": "2026-05-18 04:00:00",
      "total": 4,
      "successful": 4,
      "failed": 0
    }
  ],
  "top_failure_reasons": [
    {
      "reason": "This room rate is no longer available. Please select another room.",
      "count": 20,
      "adapters": "ATI"
    },
    {
      "reason": "Pnr has not been created successfully, see remaining messages for detailsEnhancedhotelbookrq: unable to perform hotel booking step. see below messages for details.. updatereservationrq: $invalid cc checksum$ (code: 3009)",
      "count": 8,
      "adapters": "SABRE_HOTEL"
    },
    {
      "reason": "Hotel.Express.Book: Booking failed due to CC failure",
      "count": 8,
      "adapters": "PRICELINE_HOTEL"
    },
    {
      "reason": "Provided card number is invalid.",
      "count": 7,
      "adapters": "EAN_RAPID"
    },
    {
      "reason": "Hotel.Express.Book: Requested room is not available",
      "count": 6,
      "adapters": "PRICELINE_HOTEL"
    },
    {
      "reason": "Hotel.Express.Contract: Rates not found",
      "count": 4,
      "adapters": "PRICELINE_HOTEL"
    },
    {
      "reason": "The credit card provided has been identified as potential fraud",
      "count": 3,
      "adapters": "BEDS_ONLINE"
    },
    {
      "reason": "The payment could not be processed due to suspected fraud. The card holder should contact their issuing bank for more information.",
      "count": 3,
      "adapters": "EAN_RAPID"
    },
    {
      "reason": "The payment could not be processed because of insufficient funds.",
      "count": 2,
      "adapters": "EAN_RAPID"
    },
    {
      "reason": "Pnr has not been created successfully, see remaining messages for detailsEnhancedhotelbookrq: hotel booking segment status is unconfirmed. please retry the transaction.. updatereservationrq: associate system unable to process (code: warn.5136)",
      "count": 2,
      "adapters": "SABRE_HOTEL"
    }
  ]
}
Archived existing dashboard → index_20260518_000133.html
[2/4] Generating dashboard...
Dashboard saved to: /Users/jayaprasadkakkassery/myExperements/my-dashboard/index.html
Open in browser:    open /Users/jayaprasadkakkassery/myExperements/my-dashboard/index.html
[3/4] Pushing to GitHub Pages...
[gh-pages 4fdc4b3] Dashboard refresh (Last 24 hour(s) · All licensees & adapters) - 2026-05-18 00:01:33
 2 files changed, 600 insertions(+), 101 deletions(-)
 create mode 100644 index_20260518_000133.html
============================================
 TST Booking Dashboard - Refreshing...
 Range  : Last 24 hour(s)
 Filters: · All licensees & adapters
============================================
[1/4] Querying database (Last 24 hour(s) · All licensees & adapters)...
{
  "status": "ok",
  "generated_at": "2026-05-18 05:01:38 UTC",
  "interval_hours": 24,
  "filters": {
    "licensee_id": "all",
    "adapter_name": "all"
  },
  "summary": {
    "total": 1221,
    "successful": 1140,
    "failed": 81,
    "failure_pct": 6.63,
    "success_pct": 93.37,
    "cc_failed": 22,
    "cc_pct_of_failures": 27.16,
    "non_cc_failed": 59,
    "non_cc_failure_pct": 4.92
  },
  "by_adapter": [
    {
      "adapter": "SABRE_HOTEL",
      "total": 492,
      "successful": 480,
      "failed": 12,
      "failure_pct": 2.44
    },
    {
      "adapter": "EAN_RAPID",
      "total": 380,
      "successful": 359,
      "failed": 21,
      "failure_pct": 5.53
    },
    {
      "adapter": "PRICELINE_HOTEL",
      "total": 247,
      "successful": 228,
      "failed": 19,
      "failure_pct": 7.69
    },
    {
      "adapter": "BEDS_ONLINE",
      "total": 52,
      "successful": 45,
      "failed": 7,
      "failure_pct": 13.46
    },
    {
      "adapter": "ATI",
      "total": 50,
      "successful": 28,
      "failed": 22,
      "failure_pct": 44.0
    }
  ],
  "by_licensee": [
    {
      "licensee_id": 72,
      "total": 262,
      "successful": 239,
      "failed": 23,
      "failure_pct": 8.78
    },
    {
      "licensee_id": 49,
      "total": 217,
      "successful": 198,
      "failed": 19,
      "failure_pct": 8.76
    },
    {
      "licensee_id": 34,
      "total": 168,
      "successful": 162,
      "failed": 6,
      "failure_pct": 3.57
    },
    {
      "licensee_id": 1,
      "total": 112,
      "successful": 108,
      "failed": 4,
      "failure_pct": 3.57
    },
    {
      "licensee_id": 40,
      "total": 108,
      "successful": 103,
      "failed": 5,
      "failure_pct": 4.63
    },
    {
      "licensee_id": 50,
      "total": 68,
      "successful": 65,
      "failed": 3,
      "failure_pct": 4.41
    },
    {
      "licensee_id": 3,
      "total": 56,
      "successful": 51,
      "failed": 5,
      "failure_pct": 8.93
    },
    {
      "licensee_id": 55,
      "total": 38,
      "successful": 35,
      "failed": 3,
      "failure_pct": 7.89
    },
    {
      "licensee_id": 57,
      "total": 37,
      "successful": 34,
      "failed": 3,
      "failure_pct": 8.11
    },
    {
      "licensee_id": 67,
      "total": 23,
      "successful": 21,
      "failed": 2,
      "failure_pct": 8.7
    }
  ],
  "hourly_trend": [
    {
      "hour": "2026-05-17 05:00:00",
      "total": 15,
      "successful": 13,
      "failed": 2
    },
    {
      "hour": "2026-05-17 06:00:00",
      "total": 22,
      "successful": 19,
      "failed": 3
    },
    {
      "hour": "2026-05-17 07:00:00",
      "total": 5,
      "successful": 4,
      "failed": 1
    },
    {
      "hour": "2026-05-17 08:00:00",
      "total": 7,
      "successful": 4,
      "failed": 3
    },
    {
      "hour": "2026-05-17 09:00:00",
      "total": 4,
      "successful": 3,
      "failed": 1
    },
    {
      "hour": "2026-05-17 10:00:00",
      "total": 2,
      "successful": 2,
      "failed": 0
    },
    {
      "hour": "2026-05-17 11:00:00",
      "total": 6,
      "successful": 5,
      "failed": 1
    },
    {
      "hour": "2026-05-17 12:00:00",
      "total": 13,
      "successful": 13,
      "failed": 0
    },
    {
      "hour": "2026-05-17 13:00:00",
      "total": 23,
      "successful": 23,
      "failed": 0
    },
    {
      "hour": "2026-05-17 14:00:00",
      "total": 47,
      "successful": 44,
      "failed": 3
    },
    {
      "hour": "2026-05-17 15:00:00",
      "total": 57,
      "successful": 54,
      "failed": 3
    },
    {
      "hour": "2026-05-17 16:00:00",
      "total": 57,
      "successful": 55,
      "failed": 2
    },
    {
      "hour": "2026-05-17 17:00:00",
      "total": 77,
      "successful": 70,
      "failed": 7
    },
    {
      "hour": "2026-05-17 18:00:00",
      "total": 87,
      "successful": 82,
      "failed": 5
    },
    {
      "hour": "2026-05-17 19:00:00",
      "total": 70,
      "successful": 66,
      "failed": 4
    },
    {
      "hour": "2026-05-17 20:00:00",
      "total": 77,
      "successful": 75,
      "failed": 2
    },
    {
      "hour": "2026-05-17 21:00:00",
      "total": 81,
      "successful": 74,
      "failed": 7
    },
    {
      "hour": "2026-05-17 22:00:00",
      "total": 85,
      "successful": 76,
      "failed": 9
    },
    {
      "hour": "2026-05-17 23:00:00",
      "total": 79,
      "successful": 76,
      "failed": 3
    },
    {
      "hour": "2026-05-18 00:00:00",
      "total": 107,
      "successful": 99,
      "failed": 8
    },
    {
      "hour": "2026-05-18 01:00:00",
      "total": 104,
      "successful": 99,
      "failed": 5
    },
    {
      "hour": "2026-05-18 02:00:00",
      "total": 81,
      "successful": 78,
      "failed": 3
    },
    {
      "hour": "2026-05-18 03:00:00",
      "total": 68,
      "successful": 61,
      "failed": 7
    },
    {
      "hour": "2026-05-18 04:00:00",
      "total": 46,
      "successful": 45,
      "failed": 1
    },
    {
      "hour": "2026-05-18 05:00:00",
      "total": 1,
      "successful": 0,
      "failed": 1
    }
  ],
  "top_failure_reasons": [
    {
      "reason": "This room rate is no longer available. Please select another room.",
      "count": 21,
      "adapters": "ATI"
    },
    {
      "reason": "Hotel.Express.Book: Booking failed due to CC failure",
      "count": 8,
      "adapters": "PRICELINE_HOTEL"
    },
    {
      "reason": "Pnr has not been created successfully, see remaining messages for detailsEnhancedhotelbookrq: unable to perform hotel booking step. see below messages for details.. updatereservationrq: $invalid cc checksum$ (code: 3009)",
      "count": 7,
      "adapters": "SABRE_HOTEL"
    },
    {
      "reason": "Provided card number is invalid.",
      "count": 7,
      "adapters": "EAN_RAPID"
    },
    {
      "reason": "Hotel.Express.Book: Requested room is not available",
      "count": 6,
      "adapters": "PRICELINE_HOTEL"
    },
    {
      "reason": "Hotel.Express.Contract: Rates not found",
      "count": 4,
      "adapters": "PRICELINE_HOTEL"
    },
    {
      "reason": "The credit card provided has been identified as potential fraud",
      "count": 3,
      "adapters": "BEDS_ONLINE"
    },
    {
      "reason": "The payment could not be processed due to suspected fraud. The card holder should contact their issuing bank for more information.",
      "count": 3,
      "adapters": "EAN_RAPID"
    },
    {
      "reason": "One or more requested rooms are unavailable.",
      "count": 3,
      "adapters": "EAN_RAPID"
    },
    {
      "reason": "The payment could not be processed because of insufficient funds.",
      "count": 2,
      "adapters": "EAN_RAPID"
    }
  ]
}
Archived existing dashboard → index_20260518_010138.html
[2/4] Generating dashboard...
Dashboard saved to: /Users/jayaprasadkakkassery/myExperements/my-dashboard/index.html
Open in browser:    open /Users/jayaprasadkakkassery/myExperements/my-dashboard/index.html
[3/4] Pushing to GitHub Pages...
[gh-pages 9d659cd] Dashboard refresh (Last 24 hour(s) · All licensees & adapters) - 2026-05-18 01:01:38
 2 files changed, 584 insertions(+), 85 deletions(-)
 create mode 100644 index_20260518_010138.html
============================================
 TST Booking Dashboard - Refreshing...
 Range  : Last 24 hour(s)
 Filters: · All licensees & adapters
============================================
[1/4] Querying database (Last 24 hour(s) · All licensees & adapters)...
{
  "status": "ok",
  "generated_at": "2026-05-18 06:02:02 UTC",
  "interval_hours": 24,
  "filters": {
    "licensee_id": "all",
    "adapter_name": "all"
  },
  "summary": {
    "total": 1236,
    "successful": 1155,
    "failed": 81,
    "failure_pct": 6.55,
    "success_pct": 93.45,
    "cc_failed": 22,
    "cc_pct_of_failures": 27.16,
    "non_cc_failed": 59,
    "non_cc_failure_pct": 4.86
  },
  "by_adapter": [
    {
      "adapter": "SABRE_HOTEL",
      "total": 500,
      "successful": 488,
      "failed": 12,
      "failure_pct": 2.4
    },
    {
      "adapter": "EAN_RAPID",
      "total": 384,
      "successful": 363,
      "failed": 21,
      "failure_pct": 5.47
    },
    {
      "adapter": "PRICELINE_HOTEL",
      "total": 246,
      "successful": 227,
      "failed": 19,
      "failure_pct": 7.72
    },
    {
      "adapter": "BEDS_ONLINE",
      "total": 54,
      "successful": 47,
      "failed": 7,
      "failure_pct": 12.96
    },
    {
      "adapter": "ATI",
      "total": 52,
      "successful": 30,
      "failed": 22,
      "failure_pct": 42.31
    }
  ],
  "by_licensee": [
    {
      "licensee_id": 72,
      "total": 266,
      "successful": 243,
      "failed": 23,
      "failure_pct": 8.65
    },
    {
      "licensee_id": 49,
      "total": 224,
      "successful": 203,
      "failed": 21,
      "failure_pct": 9.38
    },
    {
      "licensee_id": 34,
      "total": 178,
      "successful": 172,
      "failed": 6,
      "failure_pct": 3.37
    },
    {
      "licensee_id": 1,
      "total": 114,
      "successful": 110,
      "failed": 4,
      "failure_pct": 3.51
    },
    {
      "licensee_id": 40,
      "total": 108,
      "successful": 103,
      "failed": 5,
      "failure_pct": 4.63
    },
    {
      "licensee_id": 50,
      "total": 66,
      "successful": 63,
      "failed": 3,
      "failure_pct": 4.55
    },
    {
      "licensee_id": 3,
      "total": 56,
      "successful": 51,
      "failed": 5,
      "failure_pct": 8.93
    },
    {
      "licensee_id": 55,
      "total": 38,
      "successful": 35,
      "failed": 3,
      "failure_pct": 7.89
    },
    {
      "licensee_id": 57,
      "total": 37,
      "successful": 34,
      "failed": 3,
      "failure_pct": 8.11
    },
    {
      "licensee_id": 39,
      "total": 19,
      "successful": 17,
      "failed": 2,
      "failure_pct": 10.53
    }
  ],
  "hourly_trend": [
    {
      "hour": "2026-05-17 06:00:00",
      "total": 21,
      "successful": 18,
      "failed": 3
    },
    {
      "hour": "2026-05-17 07:00:00",
      "total": 5,
      "successful": 4,
      "failed": 1
    },
    {
      "hour": "2026-05-17 08:00:00",
      "total": 7,
      "successful": 4,
      "failed": 3
    },
    {
      "hour": "2026-05-17 09:00:00",
      "total": 4,
      "successful": 3,
      "failed": 1
    },
    {
      "hour": "2026-05-17 10:00:00",
      "total": 2,
      "successful": 2,
      "failed": 0
    },
    {
      "hour": "2026-05-17 11:00:00",
      "total": 6,
      "successful": 5,
      "failed": 1
    },
    {
      "hour": "2026-05-17 12:00:00",
      "total": 13,
      "successful": 13,
      "failed": 0
    },
    {
      "hour": "2026-05-17 13:00:00",
      "total": 23,
      "successful": 23,
      "failed": 0
    },
    {
      "hour": "2026-05-17 14:00:00",
      "total": 47,
      "successful": 44,
      "failed": 3
    },
    {
      "hour": "2026-05-17 15:00:00",
      "total": 57,
      "successful": 54,
      "failed": 3
    },
    {
      "hour": "2026-05-17 16:00:00",
      "total": 57,
      "successful": 55,
      "failed": 2
    },
    {
      "hour": "2026-05-17 17:00:00",
      "total": 77,
      "successful": 70,
      "failed": 7
    },
    {
      "hour": "2026-05-17 18:00:00",
      "total": 87,
      "successful": 82,
      "failed": 5
    },
    {
      "hour": "2026-05-17 19:00:00",
      "total": 70,
      "successful": 66,
      "failed": 4
    },
    {
      "hour": "2026-05-17 20:00:00",
      "total": 77,
      "successful": 75,
      "failed": 2
    },
    {
      "hour": "2026-05-17 21:00:00",
      "total": 81,
      "successful": 74,
      "failed": 7
    },
    {
      "hour": "2026-05-17 22:00:00",
      "total": 85,
      "successful": 76,
      "failed": 9
    },
    {
      "hour": "2026-05-17 23:00:00",
      "total": 79,
      "successful": 76,
      "failed": 3
    },
    {
      "hour": "2026-05-18 00:00:00",
      "total": 107,
      "successful": 99,
      "failed": 8
    },
    {
      "hour": "2026-05-18 01:00:00",
      "total": 104,
      "successful": 99,
      "failed": 5
    },
    {
      "hour": "2026-05-18 02:00:00",
      "total": 81,
      "successful": 78,
      "failed": 3
    },
    {
      "hour": "2026-05-18 03:00:00",
      "total": 68,
      "successful": 61,
      "failed": 7
    },
    {
      "hour": "2026-05-18 04:00:00",
      "total": 46,
      "successful": 45,
      "failed": 1
    },
    {
      "hour": "2026-05-18 05:00:00",
      "total": 29,
      "successful": 26,
      "failed": 3
    },
    {
      "hour": "2026-05-18 06:00:00",
      "total": 3,
      "successful": 3,
      "failed": 0
    }
  ],
  "top_failure_reasons": [
    {
      "reason": "This room rate is no longer available. Please select another room.",
      "count": 20,
      "adapters": "ATI"
    },
    {
      "reason": "Hotel.Express.Book: Booking failed due to CC failure",
      "count": 8,
      "adapters": "PRICELINE_HOTEL"
    },
    {
      "reason": "Provided card number is invalid.",
      "count": 7,
      "adapters": "EAN_RAPID"
    },
    {
      "reason": "Pnr has not been created successfully, see remaining messages for detailsEnhancedhotelbookrq: unable to perform hotel booking step. see below messages for details.. updatereservationrq: $invalid cc checksum$ (code: 3009)",
      "count": 7,
      "adapters": "SABRE_HOTEL"
    },
    {
      "reason": "Hotel.Express.Book: Requested room is not available",
      "count": 6,
      "adapters": "PRICELINE_HOTEL"
    },
    {
      "reason": "Hotel.Express.Contract: Rates not found",
      "count": 4,
      "adapters": "PRICELINE_HOTEL"
    },
    {
      "reason": "One or more requested rooms are unavailable.",
      "count": 3,
      "adapters": "EAN_RAPID"
    },
    {
      "reason": "The payment could not be processed due to suspected fraud. The card holder should contact their issuing bank for more information.",
      "count": 3,
      "adapters": "EAN_RAPID"
    },
    {
      "reason": "The credit card provided has been identified as potential fraud",
      "count": 3,
      "adapters": "BEDS_ONLINE"
    },
    {
      "reason": "Error at property rooms->rateKey: Index 1 out of bounds for length 1",
      "count": 2,
      "adapters": "BEDS_ONLINE"
    }
  ]
}
Archived existing dashboard → index_20260518_020202.html
[2/4] Generating dashboard...
Dashboard saved to: /Users/jayaprasadkakkassery/myExperements/my-dashboard/index.html
Open in browser:    open /Users/jayaprasadkakkassery/myExperements/my-dashboard/index.html
[3/4] Pushing to GitHub Pages...
[gh-pages 0bdfe68] Dashboard refresh (Last 24 hour(s) · All licensees & adapters) - 2026-05-18 02:02:03
 2 files changed, 569 insertions(+), 70 deletions(-)
 create mode 100644 index_20260518_020202.html
============================================
 TST Booking Dashboard - Refreshing...
 Range  : Last 24 hour(s)
 Filters: · All licensees & adapters
============================================
[1/4] Querying database (Last 24 hour(s) · All licensees & adapters)...
{
  "status": "ok",
  "generated_at": "2026-05-18 07:02:08 UTC",
  "interval_hours": 24,
  "filters": {
    "licensee_id": "all",
    "adapter_name": "all"
  },
  "summary": {
    "total": 1222,
    "successful": 1143,
    "failed": 79,
    "failure_pct": 6.46,
    "success_pct": 93.54,
    "cc_failed": 22,
    "cc_pct_of_failures": 27.85,
    "non_cc_failed": 57,
    "non_cc_failure_pct": 4.75
  },
  "by_adapter": [
    {
      "adapter": "SABRE_HOTEL",
      "total": 492,
      "successful": 481,
      "failed": 11,
      "failure_pct": 2.24
    },
    {
      "adapter": "EAN_RAPID",
      "total": 380,
      "successful": 359,
      "failed": 21,
      "failure_pct": 5.53
    },
    {
      "adapter": "PRICELINE_HOTEL",
      "total": 245,
      "successful": 226,
      "failed": 19,
      "failure_pct": 7.76
    },
    {
      "adapter": "ATI",
      "total": 53,
      "successful": 30,
      "failed": 23,
      "failure_pct": 43.4
    },
    {
      "adapter": "BEDS_ONLINE",
      "total": 52,
      "successful": 47,
      "failed": 5,
      "failure_pct": 9.62
    }
  ],
  "by_licensee": [
    {
      "licensee_id": 72,
      "total": 264,
      "successful": 243,
      "failed": 21,
      "failure_pct": 7.95
    },
    {
      "licensee_id": 49,
      "total": 220,
      "successful": 199,
      "failed": 21,
      "failure_pct": 9.55
    },
    {
      "licensee_id": 34,
      "total": 168,
      "successful": 162,
      "failed": 6,
      "failure_pct": 3.57
    },
    {
      "licensee_id": 1,
      "total": 114,
      "successful": 110,
      "failed": 4,
      "failure_pct": 3.51
    },
    {
      "licensee_id": 40,
      "total": 108,
      "successful": 103,
      "failed": 5,
      "failure_pct": 4.63
    },
    {
      "licensee_id": 50,
      "total": 66,
      "successful": 63,
      "failed": 3,
      "failure_pct": 4.55
    },
    {
      "licensee_id": 3,
      "total": 56,
      "successful": 51,
      "failed": 5,
      "failure_pct": 8.93
    },
    {
      "licensee_id": 57,
      "total": 37,
      "successful": 34,
      "failed": 3,
      "failure_pct": 8.11
    },
    {
      "licensee_id": 55,
      "total": 37,
      "successful": 34,
      "failed": 3,
      "failure_pct": 8.11
    },
    {
      "licensee_id": 67,
      "total": 20,
      "successful": 20,
      "failed": 0,
      "failure_pct": 0.0
    }
  ],
  "hourly_trend": [
    {
      "hour": "2026-05-17 07:00:00",
      "total": 5,
      "successful": 4,
      "failed": 1
    },
    {
      "hour": "2026-05-17 08:00:00",
      "total": 7,
      "successful": 4,
      "failed": 3
    },
    {
      "hour": "2026-05-17 09:00:00",
      "total": 4,
      "successful": 3,
      "failed": 1
    },
    {
      "hour": "2026-05-17 10:00:00",
      "total": 2,
      "successful": 2,
      "failed": 0
    },
    {
      "hour": "2026-05-17 11:00:00",
      "total": 6,
      "successful": 5,
      "failed": 1
    },
    {
      "hour": "2026-05-17 12:00:00",
      "total": 13,
      "successful": 13,
      "failed": 0
    },
    {
      "hour": "2026-05-17 13:00:00",
      "total": 23,
      "successful": 23,
      "failed": 0
    },
    {
      "hour": "2026-05-17 14:00:00",
      "total": 47,
      "successful": 44,
      "failed": 3
    },
    {
      "hour": "2026-05-17 15:00:00",
      "total": 57,
      "successful": 54,
      "failed": 3
    },
    {
      "hour": "2026-05-17 16:00:00",
      "total": 57,
      "successful": 55,
      "failed": 2
    },
    {
      "hour": "2026-05-17 17:00:00",
      "total": 77,
      "successful": 70,
      "failed": 7
    },
    {
      "hour": "2026-05-17 18:00:00",
      "total": 87,
      "successful": 82,
      "failed": 5
    },
    {
      "hour": "2026-05-17 19:00:00",
      "total": 70,
      "successful": 66,
      "failed": 4
    },
    {
      "hour": "2026-05-17 20:00:00",
      "total": 77,
      "successful": 75,
      "failed": 2
    },
    {
      "hour": "2026-05-17 21:00:00",
      "total": 81,
      "successful": 74,
      "failed": 7
    },
    {
      "hour": "2026-05-17 22:00:00",
      "total": 85,
      "successful": 76,
      "failed": 9
    },
    {
      "hour": "2026-05-17 23:00:00",
      "total": 79,
      "successful": 76,
      "failed": 3
    },
    {
      "hour": "2026-05-18 00:00:00",
      "total": 107,
      "successful": 99,
      "failed": 8
    },
    {
      "hour": "2026-05-18 01:00:00",
      "total": 104,
      "successful": 99,
      "failed": 5
    },
    {
      "hour": "2026-05-18 02:00:00",
      "total": 81,
      "successful": 78,
      "failed": 3
    },
    {
      "hour": "2026-05-18 03:00:00",
      "total": 68,
      "successful": 61,
      "failed": 7
    },
    {
      "hour": "2026-05-18 04:00:00",
      "total": 46,
      "successful": 45,
      "failed": 1
    },
    {
      "hour": "2026-05-18 05:00:00",
      "total": 29,
      "successful": 26,
      "failed": 3
    },
    {
      "hour": "2026-05-18 06:00:00",
      "total": 10,
      "successful": 9,
      "failed": 1
    }
  ],
  "top_failure_reasons": [
    {
      "reason": "This room rate is no longer available. Please select another room.",
      "count": 21,
      "adapters": "ATI"
    },
    {
      "reason": "Hotel.Express.Book: Booking failed due to CC failure",
      "count": 8,
      "adapters": "PRICELINE_HOTEL"
    },
    {
      "reason": "Provided card number is invalid.",
      "count": 7,
      "adapters": "EAN_RAPID"
    },
    {
      "reason": "Pnr has not been created successfully, see remaining messages for detailsEnhancedhotelbookrq: unable to perform hotel booking step. see below messages for details.. updatereservationrq: $invalid cc checksum$ (code: 3009)",
      "count": 7,
      "adapters": "SABRE_HOTEL"
    },
    {
      "reason": "Hotel.Express.Book: Requested room is not available",
      "count": 6,
      "adapters": "PRICELINE_HOTEL"
    },
    {
      "reason": "Hotel.Express.Contract: Rates not found",
      "count": 4,
      "adapters": "PRICELINE_HOTEL"
    },
    {
      "reason": "The payment could not be processed due to suspected fraud. The card holder should contact their issuing bank for more information.",
      "count": 3,
      "adapters": "EAN_RAPID"
    },
    {
      "reason": "The credit card provided has been identified as potential fraud",
      "count": 3,
      "adapters": "BEDS_ONLINE"
    },
    {
      "reason": "One or more requested rooms are unavailable.",
      "count": 3,
      "adapters": "EAN_RAPID"
    },
    {
      "reason": "The payment has been refused, please retry with a different credit card.",
      "count": 2,
      "adapters": "BEDS_ONLINE"
    }
  ]
}
Archived existing dashboard → index_20260518_030209.html
[2/4] Generating dashboard...
Dashboard saved to: /Users/jayaprasadkakkassery/myExperements/my-dashboard/index.html
Open in browser:    open /Users/jayaprasadkakkassery/myExperements/my-dashboard/index.html
[3/4] Pushing to GitHub Pages...
[gh-pages a67e1a5] Dashboard refresh (Last 24 hour(s) · All licensees & adapters) - 2026-05-18 03:02:09
 2 files changed, 581 insertions(+), 82 deletions(-)
 create mode 100644 index_20260518_030209.html
============================================
 TST Booking Dashboard - Refreshing...
 Range  : Last 24 hour(s)
 Filters: · All licensees & adapters
============================================
[1/4] Querying database (Last 24 hour(s) · All licensees & adapters)...
{
  "status": "ok",
  "generated_at": "2026-05-18 08:02:21 UTC",
  "interval_hours": 24,
  "filters": {
    "licensee_id": "all",
    "adapter_name": "all"
  },
  "summary": {
    "total": 1223,
    "successful": 1145,
    "failed": 78,
    "failure_pct": 6.38,
    "success_pct": 93.62,
    "cc_failed": 21,
    "cc_pct_of_failures": 26.92,
    "non_cc_failed": 57,
    "non_cc_failure_pct": 4.74
  },
  "by_adapter": [
    {
      "adapter": "SABRE_HOTEL",
      "total": 490,
      "successful": 479,
      "failed": 11,
      "failure_pct": 2.24
    },
    {
      "adapter": "EAN_RAPID",
      "total": 382,
      "successful": 361,
      "failed": 21,
      "failure_pct": 5.5
    },
    {
      "adapter": "PRICELINE_HOTEL",
      "total": 247,
      "successful": 228,
      "failed": 19,
      "failure_pct": 7.69
    },
    {
      "adapter": "ATI",
      "total": 53,
      "successful": 30,
      "failed": 23,
      "failure_pct": 43.4
    },
    {
      "adapter": "BEDS_ONLINE",
      "total": 51,
      "successful": 47,
      "failed": 4,
      "failure_pct": 7.84
    }
  ],
  "by_licensee": [
    {
      "licensee_id": 72,
      "total": 264,
      "successful": 244,
      "failed": 20,
      "failure_pct": 7.58
    },
    {
      "licensee_id": 49,
      "total": 218,
      "successful": 197,
      "failed": 21,
      "failure_pct": 9.63
    },
    {
      "licensee_id": 34,
      "total": 168,
      "successful": 162,
      "failed": 6,
      "failure_pct": 3.57
    },
    {
      "licensee_id": 1,
      "total": 114,
      "successful": 110,
      "failed": 4,
      "failure_pct": 3.51
    },
    {
      "licensee_id": 40,
      "total": 108,
      "successful": 103,
      "failed": 5,
      "failure_pct": 4.63
    },
    {
      "licensee_id": 50,
      "total": 66,
      "successful": 63,
      "failed": 3,
      "failure_pct": 4.55
    },
    {
      "licensee_id": 3,
      "total": 57,
      "successful": 52,
      "failed": 5,
      "failure_pct": 8.77
    },
    {
      "licensee_id": 57,
      "total": 37,
      "successful": 34,
      "failed": 3,
      "failure_pct": 8.11
    },
    {
      "licensee_id": 55,
      "total": 37,
      "successful": 34,
      "failed": 3,
      "failure_pct": 8.11
    },
    {
      "licensee_id": 67,
      "total": 20,
      "successful": 20,
      "failed": 0,
      "failure_pct": 0.0
    }
  ],
  "hourly_trend": [
    {
      "hour": "2026-05-17 08:00:00",
      "total": 7,
      "successful": 4,
      "failed": 3
    },
    {
      "hour": "2026-05-17 09:00:00",
      "total": 4,
      "successful": 3,
      "failed": 1
    },
    {
      "hour": "2026-05-17 10:00:00",
      "total": 2,
      "successful": 2,
      "failed": 0
    },
    {
      "hour": "2026-05-17 11:00:00",
      "total": 6,
      "successful": 5,
      "failed": 1
    },
    {
      "hour": "2026-05-17 12:00:00",
      "total": 13,
      "successful": 13,
      "failed": 0
    },
    {
      "hour": "2026-05-17 13:00:00",
      "total": 23,
      "successful": 23,
      "failed": 0
    },
    {
      "hour": "2026-05-17 14:00:00",
      "total": 47,
      "successful": 44,
      "failed": 3
    },
    {
      "hour": "2026-05-17 15:00:00",
      "total": 57,
      "successful": 54,
      "failed": 3
    },
    {
      "hour": "2026-05-17 16:00:00",
      "total": 57,
      "successful": 55,
      "failed": 2
    },
    {
      "hour": "2026-05-17 17:00:00",
      "total": 77,
      "successful": 70,
      "failed": 7
    },
    {
      "hour": "2026-05-17 18:00:00",
      "total": 87,
      "successful": 82,
      "failed": 5
    },
    {
      "hour": "2026-05-17 19:00:00",
      "total": 70,
      "successful": 66,
      "failed": 4
    },
    {
      "hour": "2026-05-17 20:00:00",
      "total": 77,
      "successful": 75,
      "failed": 2
    },
    {
      "hour": "2026-05-17 21:00:00",
      "total": 81,
      "successful": 74,
      "failed": 7
    },
    {
      "hour": "2026-05-17 22:00:00",
      "total": 85,
      "successful": 76,
      "failed": 9
    },
    {
      "hour": "2026-05-17 23:00:00",
      "total": 79,
      "successful": 76,
      "failed": 3
    },
    {
      "hour": "2026-05-18 00:00:00",
      "total": 107,
      "successful": 99,
      "failed": 8
    },
    {
      "hour": "2026-05-18 01:00:00",
      "total": 104,
      "successful": 99,
      "failed": 5
    },
    {
      "hour": "2026-05-18 02:00:00",
      "total": 81,
      "successful": 78,
      "failed": 3
    },
    {
      "hour": "2026-05-18 03:00:00",
      "total": 68,
      "successful": 61,
      "failed": 7
    },
    {
      "hour": "2026-05-18 04:00:00",
      "total": 46,
      "successful": 45,
      "failed": 1
    },
    {
      "hour": "2026-05-18 05:00:00",
      "total": 29,
      "successful": 26,
      "failed": 3
    },
    {
      "hour": "2026-05-18 06:00:00",
      "total": 10,
      "successful": 9,
      "failed": 1
    },
    {
      "hour": "2026-05-18 07:00:00",
      "total": 6,
      "successful": 6,
      "failed": 0
    }
  ],
  "top_failure_reasons": [
    {
      "reason": "This room rate is no longer available. Please select another room.",
      "count": 21,
      "adapters": "ATI"
    },
    {
      "reason": "Hotel.Express.Book: Booking failed due to CC failure",
      "count": 8,
      "adapters": "PRICELINE_HOTEL"
    },
    {
      "reason": "Provided card number is invalid.",
      "count": 7,
      "adapters": "EAN_RAPID"
    },
    {
      "reason": "Pnr has not been created successfully, see remaining messages for detailsEnhancedhotelbookrq: unable to perform hotel booking step. see below messages for details.. updatereservationrq: $invalid cc checksum$ (code: 3009)",
      "count": 7,
      "adapters": "SABRE_HOTEL"
    },
    {
      "reason": "Hotel.Express.Book: Requested room is not available",
      "count": 6,
      "adapters": "PRICELINE_HOTEL"
    },
    {
      "reason": "Hotel.Express.Contract: Rates not found",
      "count": 4,
      "adapters": "PRICELINE_HOTEL"
    },
    {
      "reason": "The payment could not be processed due to suspected fraud. The card holder should contact their issuing bank for more information.",
      "count": 3,
      "adapters": "EAN_RAPID"
    },
    {
      "reason": "The credit card provided has been identified as potential fraud",
      "count": 3,
      "adapters": "BEDS_ONLINE"
    },
    {
      "reason": "One or more requested rooms are unavailable.",
      "count": 3,
      "adapters": "EAN_RAPID"
    },
    {
      "reason": "The payment could not be processed because of insufficient funds.",
      "count": 2,
      "adapters": "EAN_RAPID"
    }
  ]
}
Archived existing dashboard → index_20260518_040221.html
[2/4] Generating dashboard...
Dashboard saved to: /Users/jayaprasadkakkassery/myExperements/my-dashboard/index.html
Open in browser:    open /Users/jayaprasadkakkassery/myExperements/my-dashboard/index.html
[3/4] Pushing to GitHub Pages...
[gh-pages 66d1d14] Dashboard refresh (Last 24 hour(s) · All licensees & adapters) - 2026-05-18 04:02:22
 2 files changed, 549 insertions(+), 50 deletions(-)
 create mode 100644 index_20260518_040221.html
============================================
 TST Booking Dashboard - Refreshing...
 Range  : Last 24 hour(s)
 Filters: · All licensees & adapters
============================================
[1/4] Querying database (Last 24 hour(s) · All licensees & adapters)...
{
  "status": "ok",
  "generated_at": "2026-05-18 09:02:29 UTC",
  "interval_hours": 24,
  "filters": {
    "licensee_id": "all",
    "adapter_name": "all"
  },
  "summary": {
    "total": 1227,
    "successful": 1148,
    "failed": 79,
    "failure_pct": 6.44,
    "success_pct": 93.56,
    "cc_failed": 19,
    "cc_pct_of_failures": 24.05,
    "non_cc_failed": 60,
    "non_cc_failure_pct": 4.97
  },
  "by_adapter": [
    {
      "adapter": "SABRE_HOTEL",
      "total": 494,
      "successful": 483,
      "failed": 11,
      "failure_pct": 2.23
    },
    {
      "adapter": "EAN_RAPID",
      "total": 384,
      "successful": 363,
      "failed": 21,
      "failure_pct": 5.47
    },
    {
      "adapter": "PRICELINE_HOTEL",
      "total": 244,
      "successful": 225,
      "failed": 19,
      "failure_pct": 7.79
    },
    {
      "adapter": "ATI",
      "total": 56,
      "successful": 30,
      "failed": 26,
      "failure_pct": 46.43
    },
    {
      "adapter": "BEDS_ONLINE",
      "total": 49,
      "successful": 47,
      "failed": 2,
      "failure_pct": 4.08
    }
  ],
  "by_licensee": [
    {
      "licensee_id": 72,
      "total": 266,
      "successful": 245,
      "failed": 21,
      "failure_pct": 7.89
    },
    {
      "licensee_id": 49,
      "total": 217,
      "successful": 197,
      "failed": 20,
      "failure_pct": 9.22
    },
    {
      "licensee_id": 34,
      "total": 173,
      "successful": 166,
      "failed": 7,
      "failure_pct": 4.05
    },
    {
      "licensee_id": 1,
      "total": 114,
      "successful": 110,
      "failed": 4,
      "failure_pct": 3.51
    },
    {
      "licensee_id": 40,
      "total": 108,
      "successful": 103,
      "failed": 5,
      "failure_pct": 4.63
    },
    {
      "licensee_id": 50,
      "total": 64,
      "successful": 61,
      "failed": 3,
      "failure_pct": 4.69
    },
    {
      "licensee_id": 3,
      "total": 57,
      "successful": 52,
      "failed": 5,
      "failure_pct": 8.77
    },
    {
      "licensee_id": 57,
      "total": 37,
      "successful": 34,
      "failed": 3,
      "failure_pct": 8.11
    },
    {
      "licensee_id": 55,
      "total": 37,
      "successful": 34,
      "failed": 3,
      "failure_pct": 8.11
    },
    {
      "licensee_id": 67,
      "total": 20,
      "successful": 20,
      "failed": 0,
      "failure_pct": 0.0
    }
  ],
  "hourly_trend": [
    {
      "hour": "2026-05-17 09:00:00",
      "total": 3,
      "successful": 2,
      "failed": 1
    },
    {
      "hour": "2026-05-17 10:00:00",
      "total": 2,
      "successful": 2,
      "failed": 0
    },
    {
      "hour": "2026-05-17 11:00:00",
      "total": 6,
      "successful": 5,
      "failed": 1
    },
    {
      "hour": "2026-05-17 12:00:00",
      "total": 13,
      "successful": 13,
      "failed": 0
    },
    {
      "hour": "2026-05-17 13:00:00",
      "total": 23,
      "successful": 23,
      "failed": 0
    },
    {
      "hour": "2026-05-17 14:00:00",
      "total": 47,
      "successful": 44,
      "failed": 3
    },
    {
      "hour": "2026-05-17 15:00:00",
      "total": 57,
      "successful": 54,
      "failed": 3
    },
    {
      "hour": "2026-05-17 16:00:00",
      "total": 57,
      "successful": 55,
      "failed": 2
    },
    {
      "hour": "2026-05-17 17:00:00",
      "total": 77,
      "successful": 70,
      "failed": 7
    },
    {
      "hour": "2026-05-17 18:00:00",
      "total": 87,
      "successful": 82,
      "failed": 5
    },
    {
      "hour": "2026-05-17 19:00:00",
      "total": 70,
      "successful": 66,
      "failed": 4
    },
    {
      "hour": "2026-05-17 20:00:00",
      "total": 77,
      "successful": 75,
      "failed": 2
    },
    {
      "hour": "2026-05-17 21:00:00",
      "total": 81,
      "successful": 74,
      "failed": 7
    },
    {
      "hour": "2026-05-17 22:00:00",
      "total": 85,
      "successful": 76,
      "failed": 9
    },
    {
      "hour": "2026-05-17 23:00:00",
      "total": 79,
      "successful": 76,
      "failed": 3
    },
    {
      "hour": "2026-05-18 00:00:00",
      "total": 107,
      "successful": 99,
      "failed": 8
    },
    {
      "hour": "2026-05-18 01:00:00",
      "total": 104,
      "successful": 99,
      "failed": 5
    },
    {
      "hour": "2026-05-18 02:00:00",
      "total": 81,
      "successful": 78,
      "failed": 3
    },
    {
      "hour": "2026-05-18 03:00:00",
      "total": 68,
      "successful": 61,
      "failed": 7
    },
    {
      "hour": "2026-05-18 04:00:00",
      "total": 46,
      "successful": 45,
      "failed": 1
    },
    {
      "hour": "2026-05-18 05:00:00",
      "total": 29,
      "successful": 26,
      "failed": 3
    },
    {
      "hour": "2026-05-18 06:00:00",
      "total": 10,
      "successful": 9,
      "failed": 1
    },
    {
      "hour": "2026-05-18 07:00:00",
      "total": 6,
      "successful": 6,
      "failed": 0
    },
    {
      "hour": "2026-05-18 08:00:00",
      "total": 12,
      "successful": 8,
      "failed": 4
    }
  ],
  "top_failure_reasons": [
    {
      "reason": "This room rate is no longer available. Please select another room.",
      "count": 24,
      "adapters": "ATI"
    },
    {
      "reason": "Hotel.Express.Book: Booking failed due to CC failure",
      "count": 8,
      "adapters": "PRICELINE_HOTEL"
    },
    {
      "reason": "Provided card number is invalid.",
      "count": 7,
      "adapters": "EAN_RAPID"
    },
    {
      "reason": "Pnr has not been created successfully, see remaining messages for detailsEnhancedhotelbookrq: unable to perform hotel booking step. see below messages for details.. updatereservationrq: $invalid cc checksum$ (code: 3009)",
      "count": 7,
      "adapters": "SABRE_HOTEL"
    },
    {
      "reason": "Hotel.Express.Book: Requested room is not available",
      "count": 6,
      "adapters": "PRICELINE_HOTEL"
    },
    {
      "reason": "Hotel.Express.Contract: Rates not found",
      "count": 4,
      "adapters": "PRICELINE_HOTEL"
    },
    {
      "reason": "One or more requested rooms are unavailable.",
      "count": 3,
      "adapters": "EAN_RAPID"
    },
    {
      "reason": "The payment could not be processed due to suspected fraud. The card holder should contact their issuing bank for more information.",
      "count": 3,
      "adapters": "EAN_RAPID"
    },
    {
      "reason": "Pnr has not been created successfully, see remaining messages for detailsEnhancedhotelbookrq: hotel booking segment status is unconfirmed. please retry the transaction.. updatereservationrq: associate system unable to process (code: warn.5136)",
      "count": 2,
      "adapters": "SABRE_HOTEL"
    },
    {
      "reason": "The payment could not be processed because of insufficient funds.",
      "count": 2,
      "adapters": "EAN_RAPID"
    }
  ]
}
Archived existing dashboard → index_20260518_050229.html
[2/4] Generating dashboard...
Dashboard saved to: /Users/jayaprasadkakkassery/myExperements/my-dashboard/index.html
Open in browser:    open /Users/jayaprasadkakkassery/myExperements/my-dashboard/index.html
[3/4] Pushing to GitHub Pages...
[gh-pages fc3e364] Dashboard refresh (Last 24 hour(s) · All licensees & adapters) - 2026-05-18 05:02:29
 2 files changed, 568 insertions(+), 69 deletions(-)
 create mode 100644 index_20260518_050229.html
============================================
 TST Booking Dashboard - Refreshing...
 Range  : Last 24 hour(s)
 Filters: · All licensees & adapters
============================================
[1/4] Querying database (Last 24 hour(s) · All licensees & adapters)...
{
  "status": "ok",
  "generated_at": "2026-05-18 10:02:34 UTC",
  "interval_hours": 24,
  "filters": {
    "licensee_id": "all",
    "adapter_name": "all"
  },
  "summary": {
    "total": 1226,
    "successful": 1148,
    "failed": 78,
    "failure_pct": 6.36,
    "success_pct": 93.64,
    "cc_failed": 19,
    "cc_pct_of_failures": 24.36,
    "non_cc_failed": 59,
    "non_cc_failure_pct": 4.89
  },
  "by_adapter": [
    {
      "adapter": "SABRE_HOTEL",
      "total": 494,
      "successful": 483,
      "failed": 11,
      "failure_pct": 2.23
    },
    {
      "adapter": "EAN_RAPID",
      "total": 383,
      "successful": 362,
      "failed": 21,
      "failure_pct": 5.48
    },
    {
      "adapter": "PRICELINE_HOTEL",
      "total": 244,
      "successful": 226,
      "failed": 18,
      "failure_pct": 7.38
    },
    {
      "adapter": "ATI",
      "total": 56,
      "successful": 30,
      "failed": 26,
      "failure_pct": 46.43
    },
    {
      "adapter": "BEDS_ONLINE",
      "total": 49,
      "successful": 47,
      "failed": 2,
      "failure_pct": 4.08
    }
  ],
  "by_licensee": [
    {
      "licensee_id": 72,
      "total": 266,
      "successful": 245,
      "failed": 21,
      "failure_pct": 7.89
    },
    {
      "licensee_id": 49,
      "total": 215,
      "successful": 195,
      "failed": 20,
      "failure_pct": 9.3
    },
    {
      "licensee_id": 34,
      "total": 174,
      "successful": 167,
      "failed": 7,
      "failure_pct": 4.02
    },
    {
      "licensee_id": 1,
      "total": 115,
      "successful": 111,
      "failed": 4,
      "failure_pct": 3.48
    },
    {
      "licensee_id": 40,
      "total": 108,
      "successful": 103,
      "failed": 5,
      "failure_pct": 4.63
    },
    {
      "licensee_id": 50,
      "total": 64,
      "successful": 61,
      "failed": 3,
      "failure_pct": 4.69
    },
    {
      "licensee_id": 3,
      "total": 57,
      "successful": 52,
      "failed": 5,
      "failure_pct": 8.77
    },
    {
      "licensee_id": 55,
      "total": 37,
      "successful": 34,
      "failed": 3,
      "failure_pct": 8.11
    },
    {
      "licensee_id": 57,
      "total": 37,
      "successful": 34,
      "failed": 3,
      "failure_pct": 8.11
    },
    {
      "licensee_id": 67,
      "total": 20,
      "successful": 20,
      "failed": 0,
      "failure_pct": 0.0
    }
  ],
  "hourly_trend": [
    {
      "hour": "2026-05-17 10:00:00",
      "total": 2,
      "successful": 2,
      "failed": 0
    },
    {
      "hour": "2026-05-17 11:00:00",
      "total": 6,
      "successful": 5,
      "failed": 1
    },
    {
      "hour": "2026-05-17 12:00:00",
      "total": 13,
      "successful": 13,
      "failed": 0
    },
    {
      "hour": "2026-05-17 13:00:00",
      "total": 23,
      "successful": 23,
      "failed": 0
    },
    {
      "hour": "2026-05-17 14:00:00",
      "total": 47,
      "successful": 44,
      "failed": 3
    },
    {
      "hour": "2026-05-17 15:00:00",
      "total": 57,
      "successful": 54,
      "failed": 3
    },
    {
      "hour": "2026-05-17 16:00:00",
      "total": 57,
      "successful": 55,
      "failed": 2
    },
    {
      "hour": "2026-05-17 17:00:00",
      "total": 77,
      "successful": 70,
      "failed": 7
    },
    {
      "hour": "2026-05-17 18:00:00",
      "total": 87,
      "successful": 82,
      "failed": 5
    },
    {
      "hour": "2026-05-17 19:00:00",
      "total": 70,
      "successful": 66,
      "failed": 4
    },
    {
      "hour": "2026-05-17 20:00:00",
      "total": 77,
      "successful": 75,
      "failed": 2
    },
    {
      "hour": "2026-05-17 21:00:00",
      "total": 81,
      "successful": 74,
      "failed": 7
    },
    {
      "hour": "2026-05-17 22:00:00",
      "total": 85,
      "successful": 76,
      "failed": 9
    },
    {
      "hour": "2026-05-17 23:00:00",
      "total": 79,
      "successful": 76,
      "failed": 3
    },
    {
      "hour": "2026-05-18 00:00:00",
      "total": 107,
      "successful": 99,
      "failed": 8
    },
    {
      "hour": "2026-05-18 01:00:00",
      "total": 104,
      "successful": 99,
      "failed": 5
    },
    {
      "hour": "2026-05-18 02:00:00",
      "total": 81,
      "successful": 78,
      "failed": 3
    },
    {
      "hour": "2026-05-18 03:00:00",
      "total": 68,
      "successful": 61,
      "failed": 7
    },
    {
      "hour": "2026-05-18 04:00:00",
      "total": 46,
      "successful": 45,
      "failed": 1
    },
    {
      "hour": "2026-05-18 05:00:00",
      "total": 29,
      "successful": 26,
      "failed": 3
    },
    {
      "hour": "2026-05-18 06:00:00",
      "total": 10,
      "successful": 9,
      "failed": 1
    },
    {
      "hour": "2026-05-18 07:00:00",
      "total": 6,
      "successful": 6,
      "failed": 0
    },
    {
      "hour": "2026-05-18 08:00:00",
      "total": 12,
      "successful": 8,
      "failed": 4
    },
    {
      "hour": "2026-05-18 09:00:00",
      "total": 2,
      "successful": 2,
      "failed": 0
    }
  ],
  "top_failure_reasons": [
    {
      "reason": "This room rate is no longer available. Please select another room.",
      "count": 24,
      "adapters": "ATI"
    },
    {
      "reason": "Hotel.Express.Book: Booking failed due to CC failure",
      "count": 8,
      "adapters": "PRICELINE_HOTEL"
    },
    {
      "reason": "Provided card number is invalid.",
      "count": 7,
      "adapters": "EAN_RAPID"
    },
    {
      "reason": "Pnr has not been created successfully, see remaining messages for detailsEnhancedhotelbookrq: unable to perform hotel booking step. see below messages for details.. updatereservationrq: $invalid cc checksum$ (code: 3009)",
      "count": 7,
      "adapters": "SABRE_HOTEL"
    },
    {
      "reason": "Hotel.Express.Book: Requested room is not available",
      "count": 5,
      "adapters": "PRICELINE_HOTEL"
    },
    {
      "reason": "Hotel.Express.Contract: Rates not found",
      "count": 4,
      "adapters": "PRICELINE_HOTEL"
    },
    {
      "reason": "One or more requested rooms are unavailable.",
      "count": 3,
      "adapters": "EAN_RAPID"
    },
    {
      "reason": "The payment could not be processed due to suspected fraud. The card holder should contact their issuing bank for more information.",
      "count": 3,
      "adapters": "EAN_RAPID"
    },
    {
      "reason": "Pnr has not been created successfully, see remaining messages for detailsEnhancedhotelbookrq: hotel booking segment status is unconfirmed. please retry the transaction.. updatereservationrq: associate system unable to process (code: warn.5136)",
      "count": 2,
      "adapters": "SABRE_HOTEL"
    },
    {
      "reason": "The payment could not be processed because of insufficient funds.",
      "count": 2,
      "adapters": "EAN_RAPID"
    }
  ]
}
Archived existing dashboard → index_20260518_060234.html
[2/4] Generating dashboard...
Dashboard saved to: /Users/jayaprasadkakkassery/myExperements/my-dashboard/index.html
Open in browser:    open /Users/jayaprasadkakkassery/myExperements/my-dashboard/index.html
[3/4] Pushing to GitHub Pages...
[gh-pages 6099ee2] Dashboard refresh (Last 24 hour(s) · All licensees & adapters) - 2026-05-18 06:02:34
 2 files changed, 544 insertions(+), 45 deletions(-)
 create mode 100644 index_20260518_060234.html
============================================
 TST Booking Dashboard - Refreshing...
 Range  : Last 24 hour(s)
 Filters: · All licensees & adapters
============================================
[1/4] Querying database (Last 24 hour(s) · All licensees & adapters)...
{
  "status": "ok",
  "generated_at": "2026-05-18 11:02:40 UTC",
  "interval_hours": 24,
  "filters": {
    "licensee_id": "all",
    "adapter_name": "all"
  },
  "summary": {
    "total": 1229,
    "successful": 1151,
    "failed": 78,
    "failure_pct": 6.35,
    "success_pct": 93.65,
    "cc_failed": 19,
    "cc_pct_of_failures": 24.36,
    "non_cc_failed": 59,
    "non_cc_failure_pct": 4.88
  },
  "by_adapter": [
    {
      "adapter": "SABRE_HOTEL",
      "total": 494,
      "successful": 483,
      "failed": 11,
      "failure_pct": 2.23
    },
    {
      "adapter": "EAN_RAPID",
      "total": 384,
      "successful": 363,
      "failed": 21,
      "failure_pct": 5.47
    },
    {
      "adapter": "PRICELINE_HOTEL",
      "total": 246,
      "successful": 228,
      "failed": 18,
      "failure_pct": 7.32
    },
    {
      "adapter": "ATI",
      "total": 56,
      "successful": 30,
      "failed": 26,
      "failure_pct": 46.43
    },
    {
      "adapter": "BEDS_ONLINE",
      "total": 49,
      "successful": 47,
      "failed": 2,
      "failure_pct": 4.08
    }
  ],
  "by_licensee": [
    {
      "licensee_id": 72,
      "total": 267,
      "successful": 246,
      "failed": 21,
      "failure_pct": 7.87
    },
    {
      "licensee_id": 49,
      "total": 216,
      "successful": 196,
      "failed": 20,
      "failure_pct": 9.26
    },
    {
      "licensee_id": 34,
      "total": 175,
      "successful": 168,
      "failed": 7,
      "failure_pct": 4.0
    },
    {
      "licensee_id": 1,
      "total": 115,
      "successful": 111,
      "failed": 4,
      "failure_pct": 3.48
    },
    {
      "licensee_id": 40,
      "total": 109,
      "successful": 104,
      "failed": 5,
      "failure_pct": 4.59
    },
    {
      "licensee_id": 50,
      "total": 64,
      "successful": 61,
      "failed": 3,
      "failure_pct": 4.69
    },
    {
      "licensee_id": 3,
      "total": 57,
      "successful": 52,
      "failed": 5,
      "failure_pct": 8.77
    },
    {
      "licensee_id": 57,
      "total": 37,
      "successful": 34,
      "failed": 3,
      "failure_pct": 8.11
    },
    {
      "licensee_id": 55,
      "total": 37,
      "successful": 34,
      "failed": 3,
      "failure_pct": 8.11
    },
    {
      "licensee_id": 67,
      "total": 20,
      "successful": 20,
      "failed": 0,
      "failure_pct": 0.0
    }
  ],
  "hourly_trend": [
    {
      "hour": "2026-05-17 11:00:00",
      "total": 6,
      "successful": 5,
      "failed": 1
    },
    {
      "hour": "2026-05-17 12:00:00",
      "total": 13,
      "successful": 13,
      "failed": 0
    },
    {
      "hour": "2026-05-17 13:00:00",
      "total": 23,
      "successful": 23,
      "failed": 0
    },
    {
      "hour": "2026-05-17 14:00:00",
      "total": 47,
      "successful": 44,
      "failed": 3
    },
    {
      "hour": "2026-05-17 15:00:00",
      "total": 57,
      "successful": 54,
      "failed": 3
    },
    {
      "hour": "2026-05-17 16:00:00",
      "total": 57,
      "successful": 55,
      "failed": 2
    },
    {
      "hour": "2026-05-17 17:00:00",
      "total": 77,
      "successful": 70,
      "failed": 7
    },
    {
      "hour": "2026-05-17 18:00:00",
      "total": 87,
      "successful": 82,
      "failed": 5
    },
    {
      "hour": "2026-05-17 19:00:00",
      "total": 70,
      "successful": 66,
      "failed": 4
    },
    {
      "hour": "2026-05-17 20:00:00",
      "total": 77,
      "successful": 75,
      "failed": 2
    },
    {
      "hour": "2026-05-17 21:00:00",
      "total": 81,
      "successful": 74,
      "failed": 7
    },
    {
      "hour": "2026-05-17 22:00:00",
      "total": 85,
      "successful": 76,
      "failed": 9
    },
    {
      "hour": "2026-05-17 23:00:00",
      "total": 79,
      "successful": 76,
      "failed": 3
    },
    {
      "hour": "2026-05-18 00:00:00",
      "total": 107,
      "successful": 99,
      "failed": 8
    },
    {
      "hour": "2026-05-18 01:00:00",
      "total": 104,
      "successful": 99,
      "failed": 5
    },
    {
      "hour": "2026-05-18 02:00:00",
      "total": 81,
      "successful": 78,
      "failed": 3
    },
    {
      "hour": "2026-05-18 03:00:00",
      "total": 68,
      "successful": 61,
      "failed": 7
    },
    {
      "hour": "2026-05-18 04:00:00",
      "total": 46,
      "successful": 45,
      "failed": 1
    },
    {
      "hour": "2026-05-18 05:00:00",
      "total": 29,
      "successful": 26,
      "failed": 3
    },
    {
      "hour": "2026-05-18 06:00:00",
      "total": 10,
      "successful": 9,
      "failed": 1
    },
    {
      "hour": "2026-05-18 07:00:00",
      "total": 6,
      "successful": 6,
      "failed": 0
    },
    {
      "hour": "2026-05-18 08:00:00",
      "total": 12,
      "successful": 8,
      "failed": 4
    },
    {
      "hour": "2026-05-18 09:00:00",
      "total": 2,
      "successful": 2,
      "failed": 0
    },
    {
      "hour": "2026-05-18 10:00:00",
      "total": 4,
      "successful": 4,
      "failed": 0
    },
    {
      "hour": "2026-05-18 11:00:00",
      "total": 1,
      "successful": 1,
      "failed": 0
    }
  ],
  "top_failure_reasons": [
    {
      "reason": "This room rate is no longer available. Please select another room.",
      "count": 24,
      "adapters": "ATI"
    },
    {
      "reason": "Hotel.Express.Book: Booking failed due to CC failure",
      "count": 8,
      "adapters": "PRICELINE_HOTEL"
    },
    {
      "reason": "Provided card number is invalid.",
      "count": 7,
      "adapters": "EAN_RAPID"
    },
    {
      "reason": "Pnr has not been created successfully, see remaining messages for detailsEnhancedhotelbookrq: unable to perform hotel booking step. see below messages for details.. updatereservationrq: $invalid cc checksum$ (code: 3009)",
      "count": 7,
      "adapters": "SABRE_HOTEL"
    },
    {
      "reason": "Hotel.Express.Book: Requested room is not available",
      "count": 5,
      "adapters": "PRICELINE_HOTEL"
    },
    {
      "reason": "Hotel.Express.Contract: Rates not found",
      "count": 4,
      "adapters": "PRICELINE_HOTEL"
    },
    {
      "reason": "One or more requested rooms are unavailable.",
      "count": 3,
      "adapters": "EAN_RAPID"
    },
    {
      "reason": "The payment could not be processed due to suspected fraud. The card holder should contact their issuing bank for more information.",
      "count": 3,
      "adapters": "EAN_RAPID"
    },
    {
      "reason": "Pnr has not been created successfully, see remaining messages for detailsEnhancedhotelbookrq: hotel booking segment status is unconfirmed. please retry the transaction.. updatereservationrq: associate system unable to process (code: warn.5136)",
      "count": 2,
      "adapters": "SABRE_HOTEL"
    },
    {
      "reason": "The payment could not be processed because of insufficient funds.",
      "count": 2,
      "adapters": "EAN_RAPID"
    }
  ]
}
Archived existing dashboard → index_20260518_070240.html
[2/4] Generating dashboard...
Dashboard saved to: /Users/jayaprasadkakkassery/myExperements/my-dashboard/index.html
Open in browser:    open /Users/jayaprasadkakkassery/myExperements/my-dashboard/index.html
[3/4] Pushing to GitHub Pages...
[gh-pages 6682e89] Dashboard refresh (Last 24 hour(s) · All licensees & adapters) - 2026-05-18 07:02:40
 2 files changed, 537 insertions(+), 38 deletions(-)
 create mode 100644 index_20260518_070240.html
============================================
 TST Booking Dashboard - Refreshing...
 Range  : Last 24 hour(s)
 Filters: · All licensees & adapters
============================================
[1/4] Querying database (Last 24 hour(s) · All licensees & adapters)...
{
  "status": "ok",
  "generated_at": "2026-05-18 12:02:45 UTC",
  "interval_hours": 24,
  "filters": {
    "licensee_id": "all",
    "adapter_name": "all"
  },
  "summary": {
    "total": 1242,
    "successful": 1164,
    "failed": 78,
    "failure_pct": 6.28,
    "success_pct": 93.72,
    "cc_failed": 18,
    "cc_pct_of_failures": 23.08,
    "non_cc_failed": 60,
    "non_cc_failure_pct": 4.9
  },
  "by_adapter": [
    {
      "adapter": "SABRE_HOTEL",
      "total": 497,
      "successful": 486,
      "failed": 11,
      "failure_pct": 2.21
    },
    {
      "adapter": "EAN_RAPID",
      "total": 388,
      "successful": 368,
      "failed": 20,
      "failure_pct": 5.15
    },
    {
      "adapter": "PRICELINE_HOTEL",
      "total": 247,
      "successful": 229,
      "failed": 18,
      "failure_pct": 7.29
    },
    {
      "adapter": "ATI",
      "total": 59,
      "successful": 32,
      "failed": 27,
      "failure_pct": 45.76
    },
    {
      "adapter": "BEDS_ONLINE",
      "total": 51,
      "successful": 49,
      "failed": 2,
      "failure_pct": 3.92
    }
  ],
  "by_licensee": [
    {
      "licensee_id": 72,
      "total": 274,
      "successful": 252,
      "failed": 22,
      "failure_pct": 8.03
    },
    {
      "licensee_id": 49,
      "total": 216,
      "successful": 196,
      "failed": 20,
      "failure_pct": 9.26
    },
    {
      "licensee_id": 34,
      "total": 171,
      "successful": 165,
      "failed": 6,
      "failure_pct": 3.51
    },
    {
      "licensee_id": 1,
      "total": 117,
      "successful": 113,
      "failed": 4,
      "failure_pct": 3.42
    },
    {
      "licensee_id": 40,
      "total": 111,
      "successful": 106,
      "failed": 5,
      "failure_pct": 4.5
    },
    {
      "licensee_id": 50,
      "total": 68,
      "successful": 65,
      "failed": 3,
      "failure_pct": 4.41
    },
    {
      "licensee_id": 3,
      "total": 57,
      "successful": 52,
      "failed": 5,
      "failure_pct": 8.77
    },
    {
      "licensee_id": 55,
      "total": 37,
      "successful": 34,
      "failed": 3,
      "failure_pct": 8.11
    },
    {
      "licensee_id": 57,
      "total": 37,
      "successful": 34,
      "failed": 3,
      "failure_pct": 8.11
    },
    {
      "licensee_id": 67,
      "total": 20,
      "successful": 20,
      "failed": 0,
      "failure_pct": 0.0
    }
  ],
  "hourly_trend": [
    {
      "hour": "2026-05-17 12:00:00",
      "total": 13,
      "successful": 13,
      "failed": 0
    },
    {
      "hour": "2026-05-17 13:00:00",
      "total": 23,
      "successful": 23,
      "failed": 0
    },
    {
      "hour": "2026-05-17 14:00:00",
      "total": 47,
      "successful": 44,
      "failed": 3
    },
    {
      "hour": "2026-05-17 15:00:00",
      "total": 57,
      "successful": 54,
      "failed": 3
    },
    {
      "hour": "2026-05-17 16:00:00",
      "total": 57,
      "successful": 55,
      "failed": 2
    },
    {
      "hour": "2026-05-17 17:00:00",
      "total": 77,
      "successful": 70,
      "failed": 7
    },
    {
      "hour": "2026-05-17 18:00:00",
      "total": 87,
      "successful": 82,
      "failed": 5
    },
    {
      "hour": "2026-05-17 19:00:00",
      "total": 70,
      "successful": 66,
      "failed": 4
    },
    {
      "hour": "2026-05-17 20:00:00",
      "total": 77,
      "successful": 75,
      "failed": 2
    },
    {
      "hour": "2026-05-17 21:00:00",
      "total": 81,
      "successful": 74,
      "failed": 7
    },
    {
      "hour": "2026-05-17 22:00:00",
      "total": 85,
      "successful": 76,
      "failed": 9
    },
    {
      "hour": "2026-05-17 23:00:00",
      "total": 79,
      "successful": 76,
      "failed": 3
    },
    {
      "hour": "2026-05-18 00:00:00",
      "total": 107,
      "successful": 99,
      "failed": 8
    },
    {
      "hour": "2026-05-18 01:00:00",
      "total": 104,
      "successful": 99,
      "failed": 5
    },
    {
      "hour": "2026-05-18 02:00:00",
      "total": 81,
      "successful": 78,
      "failed": 3
    },
    {
      "hour": "2026-05-18 03:00:00",
      "total": 68,
      "successful": 61,
      "failed": 7
    },
    {
      "hour": "2026-05-18 04:00:00",
      "total": 46,
      "successful": 45,
      "failed": 1
    },
    {
      "hour": "2026-05-18 05:00:00",
      "total": 29,
      "successful": 26,
      "failed": 3
    },
    {
      "hour": "2026-05-18 06:00:00",
      "total": 10,
      "successful": 9,
      "failed": 1
    },
    {
      "hour": "2026-05-18 07:00:00",
      "total": 6,
      "successful": 6,
      "failed": 0
    },
    {
      "hour": "2026-05-18 08:00:00",
      "total": 12,
      "successful": 8,
      "failed": 4
    },
    {
      "hour": "2026-05-18 09:00:00",
      "total": 2,
      "successful": 2,
      "failed": 0
    },
    {
      "hour": "2026-05-18 10:00:00",
      "total": 4,
      "successful": 4,
      "failed": 0
    },
    {
      "hour": "2026-05-18 11:00:00",
      "total": 13,
      "successful": 12,
      "failed": 1
    },
    {
      "hour": "2026-05-18 12:00:00",
      "total": 7,
      "successful": 7,
      "failed": 0
    }
  ],
  "top_failure_reasons": [
    {
      "reason": "This room rate is no longer available. Please select another room.",
      "count": 25,
      "adapters": "ATI"
    },
    {
      "reason": "Hotel.Express.Book: Booking failed due to CC failure",
      "count": 8,
      "adapters": "PRICELINE_HOTEL"
    },
    {
      "reason": "Provided card number is invalid.",
      "count": 7,
      "adapters": "EAN_RAPID"
    },
    {
      "reason": "Pnr has not been created successfully, see remaining messages for detailsEnhancedhotelbookrq: unable to perform hotel booking step. see below messages for details.. updatereservationrq: $invalid cc checksum$ (code: 3009)",
      "count": 7,
      "adapters": "SABRE_HOTEL"
    },
    {
      "reason": "Hotel.Express.Book: Requested room is not available",
      "count": 5,
      "adapters": "PRICELINE_HOTEL"
    },
    {
      "reason": "Hotel.Express.Contract: Rates not found",
      "count": 4,
      "adapters": "PRICELINE_HOTEL"
    },
    {
      "reason": "One or more requested rooms are unavailable.",
      "count": 3,
      "adapters": "EAN_RAPID"
    },
    {
      "reason": "The payment could not be processed due to suspected fraud. The card holder should contact their issuing bank for more information.",
      "count": 3,
      "adapters": "EAN_RAPID"
    },
    {
      "reason": "The payment could not be processed because of insufficient funds.",
      "count": 2,
      "adapters": "EAN_RAPID"
    },
    {
      "reason": "Pnr has not been created successfully, see remaining messages for detailsEnhancedhotelbookrq: hotel booking segment status is unconfirmed. please retry the transaction.. updatereservationrq: associate system unable to process (code: warn.5136)",
      "count": 2,
      "adapters": "SABRE_HOTEL"
    }
  ]
}
Archived existing dashboard → index_20260518_080245.html
[2/4] Generating dashboard...
Dashboard saved to: /Users/jayaprasadkakkassery/myExperements/my-dashboard/index.html
Open in browser:    open /Users/jayaprasadkakkassery/myExperements/my-dashboard/index.html
[3/4] Pushing to GitHub Pages...
[gh-pages d33686b] Dashboard refresh (Last 24 hour(s) · All licensees & adapters) - 2026-05-18 08:02:45
 2 files changed, 567 insertions(+), 68 deletions(-)
 create mode 100644 index_20260518_080245.html
============================================
 TST Booking Dashboard - Refreshing...
 Range  : Last 24 hour(s)
 Filters: · All licensees & adapters
============================================
[1/4] Querying database (Last 24 hour(s) · All licensees & adapters)...
{
  "status": "ok",
  "generated_at": "2026-05-18 13:02:52 UTC",
  "interval_hours": 24,
  "filters": {
    "licensee_id": "all",
    "adapter_name": "all"
  },
  "summary": {
    "total": 1256,
    "successful": 1176,
    "failed": 80,
    "failure_pct": 6.37,
    "success_pct": 93.63,
    "cc_failed": 20,
    "cc_pct_of_failures": 25.0,
    "non_cc_failed": 60,
    "non_cc_failure_pct": 4.85
  },
  "by_adapter": [
    {
      "adapter": "SABRE_HOTEL",
      "total": 499,
      "successful": 488,
      "failed": 11,
      "failure_pct": 2.2
    },
    {
      "adapter": "EAN_RAPID",
      "total": 393,
      "successful": 373,
      "failed": 20,
      "failure_pct": 5.09
    },
    {
      "adapter": "PRICELINE_HOTEL",
      "total": 249,
      "successful": 231,
      "failed": 18,
      "failure_pct": 7.23
    },
    {
      "adapter": "ATI",
      "total": 59,
      "successful": 32,
      "failed": 27,
      "failure_pct": 45.76
    },
    {
      "adapter": "BEDS_ONLINE",
      "total": 56,
      "successful": 52,
      "failed": 4,
      "failure_pct": 7.14
    }
  ],
  "by_licensee": [
    {
      "licensee_id": 72,
      "total": 285,
      "successful": 261,
      "failed": 24,
      "failure_pct": 8.42
    },
    {
      "licensee_id": 49,
      "total": 214,
      "successful": 194,
      "failed": 20,
      "failure_pct": 9.35
    },
    {
      "licensee_id": 34,
      "total": 171,
      "successful": 165,
      "failed": 6,
      "failure_pct": 3.51
    },
    {
      "licensee_id": 1,
      "total": 119,
      "successful": 115,
      "failed": 4,
      "failure_pct": 3.36
    },
    {
      "licensee_id": 40,
      "total": 114,
      "successful": 109,
      "failed": 5,
      "failure_pct": 4.39
    },
    {
      "licensee_id": 50,
      "total": 68,
      "successful": 65,
      "failed": 3,
      "failure_pct": 4.41
    },
    {
      "licensee_id": 3,
      "total": 57,
      "successful": 52,
      "failed": 5,
      "failure_pct": 8.77
    },
    {
      "licensee_id": 57,
      "total": 38,
      "successful": 35,
      "failed": 3,
      "failure_pct": 7.89
    },
    {
      "licensee_id": 55,
      "total": 37,
      "successful": 34,
      "failed": 3,
      "failure_pct": 8.11
    },
    {
      "licensee_id": 67,
      "total": 20,
      "successful": 20,
      "failed": 0,
      "failure_pct": 0.0
    }
  ],
  "hourly_trend": [
    {
      "hour": "2026-05-17 13:00:00",
      "total": 23,
      "successful": 23,
      "failed": 0
    },
    {
      "hour": "2026-05-17 14:00:00",
      "total": 47,
      "successful": 44,
      "failed": 3
    },
    {
      "hour": "2026-05-17 15:00:00",
      "total": 57,
      "successful": 54,
      "failed": 3
    },
    {
      "hour": "2026-05-17 16:00:00",
      "total": 57,
      "successful": 55,
      "failed": 2
    },
    {
      "hour": "2026-05-17 17:00:00",
      "total": 77,
      "successful": 70,
      "failed": 7
    },
    {
      "hour": "2026-05-17 18:00:00",
      "total": 87,
      "successful": 82,
      "failed": 5
    },
    {
      "hour": "2026-05-17 19:00:00",
      "total": 70,
      "successful": 66,
      "failed": 4
    },
    {
      "hour": "2026-05-17 20:00:00",
      "total": 77,
      "successful": 75,
      "failed": 2
    },
    {
      "hour": "2026-05-17 21:00:00",
      "total": 81,
      "successful": 74,
      "failed": 7
    },
    {
      "hour": "2026-05-17 22:00:00",
      "total": 85,
      "successful": 76,
      "failed": 9
    },
    {
      "hour": "2026-05-17 23:00:00",
      "total": 79,
      "successful": 76,
      "failed": 3
    },
    {
      "hour": "2026-05-18 00:00:00",
      "total": 107,
      "successful": 99,
      "failed": 8
    },
    {
      "hour": "2026-05-18 01:00:00",
      "total": 104,
      "successful": 99,
      "failed": 5
    },
    {
      "hour": "2026-05-18 02:00:00",
      "total": 81,
      "successful": 78,
      "failed": 3
    },
    {
      "hour": "2026-05-18 03:00:00",
      "total": 68,
      "successful": 61,
      "failed": 7
    },
    {
      "hour": "2026-05-18 04:00:00",
      "total": 46,
      "successful": 45,
      "failed": 1
    },
    {
      "hour": "2026-05-18 05:00:00",
      "total": 29,
      "successful": 26,
      "failed": 3
    },
    {
      "hour": "2026-05-18 06:00:00",
      "total": 10,
      "successful": 9,
      "failed": 1
    },
    {
      "hour": "2026-05-18 07:00:00",
      "total": 6,
      "successful": 6,
      "failed": 0
    },
    {
      "hour": "2026-05-18 08:00:00",
      "total": 12,
      "successful": 8,
      "failed": 4
    },
    {
      "hour": "2026-05-18 09:00:00",
      "total": 2,
      "successful": 2,
      "failed": 0
    },
    {
      "hour": "2026-05-18 10:00:00",
      "total": 4,
      "successful": 4,
      "failed": 0
    },
    {
      "hour": "2026-05-18 11:00:00",
      "total": 13,
      "successful": 12,
      "failed": 1
    },
    {
      "hour": "2026-05-18 12:00:00",
      "total": 33,
      "successful": 31,
      "failed": 2
    },
    {
      "hour": "2026-05-18 13:00:00",
      "total": 1,
      "successful": 1,
      "failed": 0
    }
  ],
  "top_failure_reasons": [
    {
      "reason": "This room rate is no longer available. Please select another room.",
      "count": 25,
      "adapters": "ATI"
    },
    {
      "reason": "Hotel.Express.Book: Booking failed due to CC failure",
      "count": 8,
      "adapters": "PRICELINE_HOTEL"
    },
    {
      "reason": "Provided card number is invalid.",
      "count": 7,
      "adapters": "EAN_RAPID"
    },
    {
      "reason": "Pnr has not been created successfully, see remaining messages for detailsEnhancedhotelbookrq: unable to perform hotel booking step. see below messages for details.. updatereservationrq: $invalid cc checksum$ (code: 3009)",
      "count": 7,
      "adapters": "SABRE_HOTEL"
    },
    {
      "reason": "Hotel.Express.Book: Requested room is not available",
      "count": 5,
      "adapters": "PRICELINE_HOTEL"
    },
    {
      "reason": "Hotel.Express.Contract: Rates not found",
      "count": 4,
      "adapters": "PRICELINE_HOTEL"
    },
    {
      "reason": "One or more requested rooms are unavailable.",
      "count": 3,
      "adapters": "EAN_RAPID"
    },
    {
      "reason": "The credit card provided has been identified as potential fraud",
      "count": 3,
      "adapters": "BEDS_ONLINE"
    },
    {
      "reason": "The payment could not be processed due to suspected fraud. The card holder should contact their issuing bank for more information.",
      "count": 3,
      "adapters": "EAN_RAPID"
    },
    {
      "reason": "The payment could not be processed because of insufficient funds.",
      "count": 2,
      "adapters": "EAN_RAPID"
    }
  ]
}
Archived existing dashboard → index_20260518_090252.html
[2/4] Generating dashboard...
Dashboard saved to: /Users/jayaprasadkakkassery/myExperements/my-dashboard/index.html
Open in browser:    open /Users/jayaprasadkakkassery/myExperements/my-dashboard/index.html
[3/4] Pushing to GitHub Pages...
[gh-pages b1b28b8] Dashboard refresh (Last 24 hour(s) · All licensees & adapters) - 2026-05-18 09:02:53
 2 files changed, 570 insertions(+), 71 deletions(-)
 create mode 100644 index_20260518_090252.html
============================================
 TST Booking Dashboard - Refreshing...
 Range  : Last 24 hour(s)
 Filters: · All licensees & adapters
============================================
[1/4] Querying database (Last 24 hour(s) · All licensees & adapters)...
{
  "status": "ok",
  "generated_at": "2026-05-18 14:03:00 UTC",
  "interval_hours": 24,
  "filters": {
    "licensee_id": "all",
    "adapter_name": "all"
  },
  "summary": {
    "total": 1280,
    "successful": 1195,
    "failed": 85,
    "failure_pct": 6.64,
    "success_pct": 93.36,
    "cc_failed": 21,
    "cc_pct_of_failures": 24.71,
    "non_cc_failed": 64,
    "non_cc_failure_pct": 5.08
  },
  "by_adapter": [
    {
      "adapter": "SABRE_HOTEL",
      "total": 504,
      "successful": 492,
      "failed": 12,
      "failure_pct": 2.38
    },
    {
      "adapter": "EAN_RAPID",
      "total": 402,
      "successful": 382,
      "failed": 20,
      "failure_pct": 4.98
    },
    {
      "adapter": "PRICELINE_HOTEL",
      "total": 254,
      "successful": 234,
      "failed": 20,
      "failure_pct": 7.87
    },
    {
      "adapter": "BEDS_ONLINE",
      "total": 60,
      "successful": 55,
      "failed": 5,
      "failure_pct": 8.33
    },
    {
      "adapter": "ATI",
      "total": 60,
      "successful": 32,
      "failed": 28,
      "failure_pct": 46.67
    }
  ],
  "by_licensee": [
    {
      "licensee_id": 72,
      "total": 294,
      "successful": 269,
      "failed": 25,
      "failure_pct": 8.5
    },
    {
      "licensee_id": 49,
      "total": 214,
      "successful": 194,
      "failed": 20,
      "failure_pct": 9.35
    },
    {
      "licensee_id": 34,
      "total": 170,
      "successful": 164,
      "failed": 6,
      "failure_pct": 3.53
    },
    {
      "licensee_id": 1,
      "total": 120,
      "successful": 113,
      "failed": 7,
      "failure_pct": 5.83
    },
    {
      "licensee_id": 40,
      "total": 118,
      "successful": 113,
      "failed": 5,
      "failure_pct": 4.24
    },
    {
      "licensee_id": 50,
      "total": 65,
      "successful": 62,
      "failed": 3,
      "failure_pct": 4.62
    },
    {
      "licensee_id": 3,
      "total": 57,
      "successful": 52,
      "failed": 5,
      "failure_pct": 8.77
    },
    {
      "licensee_id": 57,
      "total": 45,
      "successful": 42,
      "failed": 3,
      "failure_pct": 6.67
    },
    {
      "licensee_id": 55,
      "total": 35,
      "successful": 32,
      "failed": 3,
      "failure_pct": 8.57
    },
    {
      "licensee_id": 39,
      "total": 21,
      "successful": 19,
      "failed": 2,
      "failure_pct": 9.52
    }
  ],
  "hourly_trend": [
    {
      "hour": "2026-05-17 14:00:00",
      "total": 45,
      "successful": 42,
      "failed": 3
    },
    {
      "hour": "2026-05-17 15:00:00",
      "total": 57,
      "successful": 54,
      "failed": 3
    },
    {
      "hour": "2026-05-17 16:00:00",
      "total": 57,
      "successful": 55,
      "failed": 2
    },
    {
      "hour": "2026-05-17 17:00:00",
      "total": 77,
      "successful": 70,
      "failed": 7
    },
    {
      "hour": "2026-05-17 18:00:00",
      "total": 87,
      "successful": 82,
      "failed": 5
    },
    {
      "hour": "2026-05-17 19:00:00",
      "total": 70,
      "successful": 66,
      "failed": 4
    },
    {
      "hour": "2026-05-17 20:00:00",
      "total": 77,
      "successful": 75,
      "failed": 2
    },
    {
      "hour": "2026-05-17 21:00:00",
      "total": 81,
      "successful": 74,
      "failed": 7
    },
    {
      "hour": "2026-05-17 22:00:00",
      "total": 85,
      "successful": 76,
      "failed": 9
    },
    {
      "hour": "2026-05-17 23:00:00",
      "total": 79,
      "successful": 76,
      "failed": 3
    },
    {
      "hour": "2026-05-18 00:00:00",
      "total": 107,
      "successful": 99,
      "failed": 8
    },
    {
      "hour": "2026-05-18 01:00:00",
      "total": 104,
      "successful": 99,
      "failed": 5
    },
    {
      "hour": "2026-05-18 02:00:00",
      "total": 81,
      "successful": 78,
      "failed": 3
    },
    {
      "hour": "2026-05-18 03:00:00",
      "total": 68,
      "successful": 61,
      "failed": 7
    },
    {
      "hour": "2026-05-18 04:00:00",
      "total": 46,
      "successful": 45,
      "failed": 1
    },
    {
      "hour": "2026-05-18 05:00:00",
      "total": 29,
      "successful": 26,
      "failed": 3
    },
    {
      "hour": "2026-05-18 06:00:00",
      "total": 10,
      "successful": 9,
      "failed": 1
    },
    {
      "hour": "2026-05-18 07:00:00",
      "total": 6,
      "successful": 6,
      "failed": 0
    },
    {
      "hour": "2026-05-18 08:00:00",
      "total": 12,
      "successful": 8,
      "failed": 4
    },
    {
      "hour": "2026-05-18 09:00:00",
      "total": 2,
      "successful": 2,
      "failed": 0
    },
    {
      "hour": "2026-05-18 10:00:00",
      "total": 4,
      "successful": 4,
      "failed": 0
    },
    {
      "hour": "2026-05-18 11:00:00",
      "total": 13,
      "successful": 12,
      "failed": 1
    },
    {
      "hour": "2026-05-18 12:00:00",
      "total": 33,
      "successful": 31,
      "failed": 2
    },
    {
      "hour": "2026-05-18 13:00:00",
      "total": 43,
      "successful": 40,
      "failed": 3
    },
    {
      "hour": "2026-05-18 14:00:00",
      "total": 7,
      "successful": 5,
      "failed": 2
    }
  ],
  "top_failure_reasons": [
    {
      "reason": "This room rate is no longer available. Please select another room.",
      "count": 26,
      "adapters": "ATI"
    },
    {
      "reason": "Hotel.Express.Book: Booking failed due to CC failure",
      "count": 9,
      "adapters": "PRICELINE_HOTEL"
    },
    {
      "reason": "Pnr has not been created successfully, see remaining messages for detailsEnhancedhotelbookrq: unable to perform hotel booking step. see below messages for details.. updatereservationrq: $invalid cc checksum$ (code: 3009)",
      "count": 8,
      "adapters": "SABRE_HOTEL"
    },
    {
      "reason": "Provided card number is invalid.",
      "count": 7,
      "adapters": "EAN_RAPID"
    },
    {
      "reason": "Hotel.Express.Book: Requested room is not available",
      "count": 5,
      "adapters": "PRICELINE_HOTEL"
    },
    {
      "reason": "Hotel.Express.Contract: Rates not found",
      "count": 4,
      "adapters": "PRICELINE_HOTEL"
    },
    {
      "reason": "The credit card provided has been identified as potential fraud",
      "count": 4,
      "adapters": "BEDS_ONLINE"
    },
    {
      "reason": "The payment could not be processed due to suspected fraud. The card holder should contact their issuing bank for more information.",
      "count": 3,
      "adapters": "EAN_RAPID"
    },
    {
      "reason": "One or more requested rooms are unavailable.",
      "count": 3,
      "adapters": "EAN_RAPID"
    },
    {
      "reason": "The payment could not be processed because of insufficient funds.",
      "count": 2,
      "adapters": "EAN_RAPID"
    }
  ]
}
Archived existing dashboard → index_20260518_100300.html
[2/4] Generating dashboard...
Dashboard saved to: /Users/jayaprasadkakkassery/myExperements/my-dashboard/index.html
Open in browser:    open /Users/jayaprasadkakkassery/myExperements/my-dashboard/index.html
[3/4] Pushing to GitHub Pages...
[gh-pages 693257e] Dashboard refresh (Last 24 hour(s) · All licensees & adapters) - 2026-05-18 10:03:00
 2 files changed, 602 insertions(+), 103 deletions(-)
 create mode 100644 index_20260518_100300.html
============================================
 TST Booking Dashboard - Refreshing...
 Range  : Last 24 hour(s)
 Filters: · All licensees & adapters
============================================
[1/4] Querying database (Last 24 hour(s) · All licensees & adapters)...
{
  "status": "ok",
  "generated_at": "2026-05-18 15:03:07 UTC",
  "interval_hours": 24,
  "filters": {
    "licensee_id": "all",
    "adapter_name": "all"
  },
  "summary": {
    "total": 1317,
    "successful": 1233,
    "failed": 84,
    "failure_pct": 6.38,
    "success_pct": 93.62,
    "cc_failed": 19,
    "cc_pct_of_failures": 22.62,
    "non_cc_failed": 65,
    "non_cc_failure_pct": 5.01
  },
  "by_adapter": [
    {
      "adapter": "SABRE_HOTEL",
      "total": 522,
      "successful": 510,
      "failed": 12,
      "failure_pct": 2.3
    },
    {
      "adapter": "EAN_RAPID",
      "total": 415,
      "successful": 396,
      "failed": 19,
      "failure_pct": 4.58
    },
    {
      "adapter": "PRICELINE_HOTEL",
      "total": 259,
      "successful": 238,
      "failed": 21,
      "failure_pct": 8.11
    },
    {
      "adapter": "ATI",
      "total": 62,
      "successful": 34,
      "failed": 28,
      "failure_pct": 45.16
    },
    {
      "adapter": "BEDS_ONLINE",
      "total": 59,
      "successful": 55,
      "failed": 4,
      "failure_pct": 6.78
    }
  ],
  "by_licensee": [
    {
      "licensee_id": 72,
      "total": 296,
      "successful": 271,
      "failed": 25,
      "failure_pct": 8.45
    },
    {
      "licensee_id": 49,
      "total": 214,
      "successful": 195,
      "failed": 19,
      "failure_pct": 8.88
    },
    {
      "licensee_id": 34,
      "total": 175,
      "successful": 169,
      "failed": 6,
      "failure_pct": 3.43
    },
    {
      "licensee_id": 1,
      "total": 127,
      "successful": 122,
      "failed": 5,
      "failure_pct": 3.94
    },
    {
      "licensee_id": 40,
      "total": 126,
      "successful": 120,
      "failed": 6,
      "failure_pct": 4.76
    },
    {
      "licensee_id": 50,
      "total": 66,
      "successful": 63,
      "failed": 3,
      "failure_pct": 4.55
    },
    {
      "licensee_id": 3,
      "total": 61,
      "successful": 56,
      "failed": 5,
      "failure_pct": 8.2
    },
    {
      "licensee_id": 57,
      "total": 46,
      "successful": 42,
      "failed": 4,
      "failure_pct": 8.7
    },
    {
      "licensee_id": 55,
      "total": 38,
      "successful": 35,
      "failed": 3,
      "failure_pct": 7.89
    },
    {
      "licensee_id": 39,
      "total": 22,
      "successful": 20,
      "failed": 2,
      "failure_pct": 9.09
    }
  ],
  "hourly_trend": [
    {
      "hour": "2026-05-17 15:00:00",
      "total": 57,
      "successful": 54,
      "failed": 3
    },
    {
      "hour": "2026-05-17 16:00:00",
      "total": 57,
      "successful": 55,
      "failed": 2
    },
    {
      "hour": "2026-05-17 17:00:00",
      "total": 77,
      "successful": 70,
      "failed": 7
    },
    {
      "hour": "2026-05-17 18:00:00",
      "total": 87,
      "successful": 82,
      "failed": 5
    },
    {
      "hour": "2026-05-17 19:00:00",
      "total": 70,
      "successful": 66,
      "failed": 4
    },
    {
      "hour": "2026-05-17 20:00:00",
      "total": 77,
      "successful": 75,
      "failed": 2
    },
    {
      "hour": "2026-05-17 21:00:00",
      "total": 81,
      "successful": 74,
      "failed": 7
    },
    {
      "hour": "2026-05-17 22:00:00",
      "total": 85,
      "successful": 76,
      "failed": 9
    },
    {
      "hour": "2026-05-17 23:00:00",
      "total": 79,
      "successful": 76,
      "failed": 3
    },
    {
      "hour": "2026-05-18 00:00:00",
      "total": 107,
      "successful": 99,
      "failed": 8
    },
    {
      "hour": "2026-05-18 01:00:00",
      "total": 104,
      "successful": 99,
      "failed": 5
    },
    {
      "hour": "2026-05-18 02:00:00",
      "total": 81,
      "successful": 78,
      "failed": 3
    },
    {
      "hour": "2026-05-18 03:00:00",
      "total": 68,
      "successful": 61,
      "failed": 7
    },
    {
      "hour": "2026-05-18 04:00:00",
      "total": 46,
      "successful": 45,
      "failed": 1
    },
    {
      "hour": "2026-05-18 05:00:00",
      "total": 29,
      "successful": 26,
      "failed": 3
    },
    {
      "hour": "2026-05-18 06:00:00",
      "total": 10,
      "successful": 9,
      "failed": 1
    },
    {
      "hour": "2026-05-18 07:00:00",
      "total": 6,
      "successful": 6,
      "failed": 0
    },
    {
      "hour": "2026-05-18 08:00:00",
      "total": 12,
      "successful": 8,
      "failed": 4
    },
    {
      "hour": "2026-05-18 09:00:00",
      "total": 2,
      "successful": 2,
      "failed": 0
    },
    {
      "hour": "2026-05-18 10:00:00",
      "total": 4,
      "successful": 4,
      "failed": 0
    },
    {
      "hour": "2026-05-18 11:00:00",
      "total": 13,
      "successful": 12,
      "failed": 1
    },
    {
      "hour": "2026-05-18 12:00:00",
      "total": 33,
      "successful": 31,
      "failed": 2
    },
    {
      "hour": "2026-05-18 13:00:00",
      "total": 42,
      "successful": 40,
      "failed": 2
    },
    {
      "hour": "2026-05-18 14:00:00",
      "total": 83,
      "successful": 78,
      "failed": 5
    },
    {
      "hour": "2026-05-18 15:00:00",
      "total": 7,
      "successful": 7,
      "failed": 0
    }
  ],
  "top_failure_reasons": [
    {
      "reason": "This room rate is no longer available. Please select another room.",
      "count": 26,
      "adapters": "ATI"
    },
    {
      "reason": "Hotel.Express.Book: Booking failed due to CC failure",
      "count": 10,
      "adapters": "PRICELINE_HOTEL"
    },
    {
      "reason": "Pnr has not been created successfully, see remaining messages for detailsEnhancedhotelbookrq: unable to perform hotel booking step. see below messages for details.. updatereservationrq: $invalid cc checksum$ (code: 3009)",
      "count": 8,
      "adapters": "SABRE_HOTEL"
    },
    {
      "reason": "Provided card number is invalid.",
      "count": 6,
      "adapters": "EAN_RAPID"
    },
    {
      "reason": "Hotel.Express.Book: Requested room is not available",
      "count": 6,
      "adapters": "PRICELINE_HOTEL"
    },
    {
      "reason": "Hotel.Express.Contract: Rates not found",
      "count": 4,
      "adapters": "PRICELINE_HOTEL"
    },
    {
      "reason": "The credit card provided has been identified as potential fraud",
      "count": 3,
      "adapters": "BEDS_ONLINE"
    },
    {
      "reason": "The payment could not be processed due to suspected fraud. The card holder should contact their issuing bank for more information.",
      "count": 3,
      "adapters": "EAN_RAPID"
    },
    {
      "reason": "One or more requested rooms are unavailable.",
      "count": 3,
      "adapters": "EAN_RAPID"
    },
    {
      "reason": "The payment could not be processed because of insufficient funds.",
      "count": 2,
      "adapters": "EAN_RAPID"
    }
  ]
}
Archived existing dashboard → index_20260518_110307.html
[2/4] Generating dashboard...
Dashboard saved to: /Users/jayaprasadkakkassery/myExperements/my-dashboard/index.html
Open in browser:    open /Users/jayaprasadkakkassery/myExperements/my-dashboard/index.html
[3/4] Pushing to GitHub Pages...
[gh-pages 007d62e] Dashboard refresh (Last 24 hour(s) · All licensees & adapters) - 2026-05-18 11:03:08
 2 files changed, 598 insertions(+), 99 deletions(-)
 create mode 100644 index_20260518_110307.html
============================================
 TST Booking Dashboard - Refreshing...
 Range  : Last 24 hour(s)
 Filters: · All licensees & adapters
============================================
[1/4] Querying database (Last 24 hour(s) · All licensees & adapters)...
{
  "status": "ok",
  "generated_at": "2026-05-18 16:03:14 UTC",
  "interval_hours": 24,
  "filters": {
    "licensee_id": "all",
    "adapter_name": "all"
  },
  "summary": {
    "total": 1375,
    "successful": 1293,
    "failed": 82,
    "failure_pct": 5.96,
    "success_pct": 94.04,
    "cc_failed": 18,
    "cc_pct_of_failures": 21.95,
    "non_cc_failed": 64,
    "non_cc_failure_pct": 4.72
  },
  "by_adapter": [
    {
      "adapter": "SABRE_HOTEL",
      "total": 561,
      "successful": 550,
      "failed": 11,
      "failure_pct": 1.96
    },
    {
      "adapter": "EAN_RAPID",
      "total": 426,
      "successful": 407,
      "failed": 19,
      "failure_pct": 4.46
    },
    {
      "adapter": "PRICELINE_HOTEL",
      "total": 267,
      "successful": 247,
      "failed": 20,
      "failure_pct": 7.49
    },
    {
      "adapter": "ATI",
      "total": 60,
      "successful": 32,
      "failed": 28,
      "failure_pct": 46.67
    },
    {
      "adapter": "BEDS_ONLINE",
      "total": 59,
      "successful": 55,
      "failed": 4,
      "failure_pct": 6.78
    },
    {
      "adapter": "GWS",
      "total": 2,
      "successful": 2,
      "failed": 0,
      "failure_pct": 0.0
    }
  ],
  "by_licensee": [
    {
      "licensee_id": 72,
      "total": 304,
      "successful": 278,
      "failed": 26,
      "failure_pct": 8.55
    },
    {
      "licensee_id": 49,
      "total": 213,
      "successful": 195,
      "failed": 18,
      "failure_pct": 8.45
    },
    {
      "licensee_id": 34,
      "total": 177,
      "successful": 171,
      "failed": 6,
      "failure_pct": 3.39
    },
    {
      "licensee_id": 1,
      "total": 148,
      "successful": 142,
      "failed": 6,
      "failure_pct": 4.05
    },
    {
      "licensee_id": 40,
      "total": 132,
      "successful": 126,
      "failed": 6,
      "failure_pct": 4.55
    },
    {
      "licensee_id": 50,
      "total": 67,
      "successful": 65,
      "failed": 2,
      "failure_pct": 2.99
    },
    {
      "licensee_id": 3,
      "total": 66,
      "successful": 61,
      "failed": 5,
      "failure_pct": 7.58
    },
    {
      "licensee_id": 57,
      "total": 51,
      "successful": 47,
      "failed": 4,
      "failure_pct": 7.84
    },
    {
      "licensee_id": 55,
      "total": 42,
      "successful": 39,
      "failed": 3,
      "failure_pct": 7.14
    },
    {
      "licensee_id": 39,
      "total": 27,
      "successful": 25,
      "failed": 2,
      "failure_pct": 7.41
    }
  ],
  "hourly_trend": [
    {
      "hour": "2026-05-17 16:00:00",
      "total": 55,
      "successful": 53,
      "failed": 2
    },
    {
      "hour": "2026-05-17 17:00:00",
      "total": 77,
      "successful": 70,
      "failed": 7
    },
    {
      "hour": "2026-05-17 18:00:00",
      "total": 87,
      "successful": 82,
      "failed": 5
    },
    {
      "hour": "2026-05-17 19:00:00",
      "total": 70,
      "successful": 66,
      "failed": 4
    },
    {
      "hour": "2026-05-17 20:00:00",
      "total": 77,
      "successful": 75,
      "failed": 2
    },
    {
      "hour": "2026-05-17 21:00:00",
      "total": 81,
      "successful": 74,
      "failed": 7
    },
    {
      "hour": "2026-05-17 22:00:00",
      "total": 85,
      "successful": 76,
      "failed": 9
    },
    {
      "hour": "2026-05-17 23:00:00",
      "total": 79,
      "successful": 76,
      "failed": 3
    },
    {
      "hour": "2026-05-18 00:00:00",
      "total": 107,
      "successful": 99,
      "failed": 8
    },
    {
      "hour": "2026-05-18 01:00:00",
      "total": 104,
      "successful": 99,
      "failed": 5
    },
    {
      "hour": "2026-05-18 02:00:00",
      "total": 81,
      "successful": 78,
      "failed": 3
    },
    {
      "hour": "2026-05-18 03:00:00",
      "total": 68,
      "successful": 61,
      "failed": 7
    },
    {
      "hour": "2026-05-18 04:00:00",
      "total": 46,
      "successful": 45,
      "failed": 1
    },
    {
      "hour": "2026-05-18 05:00:00",
      "total": 29,
      "successful": 26,
      "failed": 3
    },
    {
      "hour": "2026-05-18 06:00:00",
      "total": 10,
      "successful": 9,
      "failed": 1
    },
    {
      "hour": "2026-05-18 07:00:00",
      "total": 6,
      "successful": 6,
      "failed": 0
    },
    {
      "hour": "2026-05-18 08:00:00",
      "total": 12,
      "successful": 8,
      "failed": 4
    },
    {
      "hour": "2026-05-18 09:00:00",
      "total": 2,
      "successful": 2,
      "failed": 0
    },
    {
      "hour": "2026-05-18 10:00:00",
      "total": 4,
      "successful": 4,
      "failed": 0
    },
    {
      "hour": "2026-05-18 11:00:00",
      "total": 13,
      "successful": 12,
      "failed": 1
    },
    {
      "hour": "2026-05-18 12:00:00",
      "total": 33,
      "successful": 31,
      "failed": 2
    },
    {
      "hour": "2026-05-18 13:00:00",
      "total": 42,
      "successful": 40,
      "failed": 2
    },
    {
      "hour": "2026-05-18 14:00:00",
      "total": 82,
      "successful": 78,
      "failed": 4
    },
    {
      "hour": "2026-05-18 15:00:00",
      "total": 112,
      "successful": 111,
      "failed": 1
    },
    {
      "hour": "2026-05-18 16:00:00",
      "total": 13,
      "successful": 12,
      "failed": 1
    }
  ],
  "top_failure_reasons": [
    {
      "reason": "This room rate is no longer available. Please select another room.",
      "count": 26,
      "adapters": "ATI"
    },
    {
      "reason": "Hotel.Express.Book: Booking failed due to CC failure",
      "count": 9,
      "adapters": "PRICELINE_HOTEL"
    },
    {
      "reason": "Pnr has not been created successfully, see remaining messages for detailsEnhancedhotelbookrq: unable to perform hotel booking step. see below messages for details.. updatereservationrq: $invalid cc checksum$ (code: 3009)",
      "count": 7,
      "adapters": "SABRE_HOTEL"
    },
    {
      "reason": "Hotel.Express.Book: Requested room is not available",
      "count": 7,
      "adapters": "PRICELINE_HOTEL"
    },
    {
      "reason": "Provided card number is invalid.",
      "count": 5,
      "adapters": "EAN_RAPID"
    },
    {
      "reason": "Hotel.Express.Contract: Rates not found",
      "count": 4,
      "adapters": "PRICELINE_HOTEL"
    },
    {
      "reason": "One or more requested rooms are unavailable.",
      "count": 3,
      "adapters": "EAN_RAPID"
    },
    {
      "reason": "The credit card provided has been identified as potential fraud",
      "count": 3,
      "adapters": "BEDS_ONLINE"
    },
    {
      "reason": "The payment could not be processed due to suspected fraud. The card holder should contact their issuing bank for more information.",
      "count": 3,
      "adapters": "EAN_RAPID"
    },
    {
      "reason": "Pnr has not been created successfully, see remaining messages for detailsEnhancedhotelbookrq: hotel booking segment status is unconfirmed. please retry the transaction.. updatereservationrq: associate system unable to process (code: warn.5136)",
      "count": 2,
      "adapters": "SABRE_HOTEL"
    }
  ]
}
Archived existing dashboard → index_20260518_120314.html
[2/4] Generating dashboard...
Dashboard saved to: /Users/jayaprasadkakkassery/myExperements/my-dashboard/index.html
Open in browser:    open /Users/jayaprasadkakkassery/myExperements/my-dashboard/index.html
[3/4] Pushing to GitHub Pages...
[gh-pages 4e6aad1] Dashboard refresh (Last 24 hour(s) · All licensees & adapters) - 2026-05-18 12:03:15
 2 files changed, 614 insertions(+), 103 deletions(-)
 create mode 100644 index_20260518_120314.html
============================================
 TST Booking Dashboard - Refreshing...
 Range  : Last 24 hour(s)
 Filters: · All licensees & adapters
============================================
[1/4] Querying database (Last 24 hour(s) · All licensees & adapters)...
{
  "status": "ok",
  "generated_at": "2026-05-18 17:03:22 UTC",
  "interval_hours": 24,
  "filters": {
    "licensee_id": "all",
    "adapter_name": "all"
  },
  "summary": {
    "total": 1427,
    "successful": 1340,
    "failed": 87,
    "failure_pct": 6.1,
    "success_pct": 93.9,
    "cc_failed": 20,
    "cc_pct_of_failures": 22.99,
    "non_cc_failed": 67,
    "non_cc_failure_pct": 4.76
  },
  "by_adapter": [
    {
      "adapter": "SABRE_HOTEL",
      "total": 583,
      "successful": 570,
      "failed": 13,
      "failure_pct": 2.23
    },
    {
      "adapter": "EAN_RAPID",
      "total": 452,
      "successful": 432,
      "failed": 20,
      "failure_pct": 4.42
    },
    {
      "adapter": "PRICELINE_HOTEL",
      "total": 274,
      "successful": 254,
      "failed": 20,
      "failure_pct": 7.3
    },
    {
      "adapter": "ATI",
      "total": 59,
      "successful": 29,
      "failed": 30,
      "failure_pct": 50.85
    },
    {
      "adapter": "BEDS_ONLINE",
      "total": 57,
      "successful": 53,
      "failed": 4,
      "failure_pct": 7.02
    },
    {
      "adapter": "GWS",
      "total": 2,
      "successful": 2,
      "failed": 0,
      "failure_pct": 0.0
    }
  ],
  "by_licensee": [
    {
      "licensee_id": 72,
      "total": 302,
      "successful": 274,
      "failed": 28,
      "failure_pct": 9.27
    },
    {
      "licensee_id": 49,
      "total": 215,
      "successful": 197,
      "failed": 18,
      "failure_pct": 8.37
    },
    {
      "licensee_id": 34,
      "total": 189,
      "successful": 182,
      "failed": 7,
      "failure_pct": 3.7
    },
    {
      "licensee_id": 1,
      "total": 162,
      "successful": 156,
      "failed": 6,
      "failure_pct": 3.7
    },
    {
      "licensee_id": 40,
      "total": 134,
      "successful": 127,
      "failed": 7,
      "failure_pct": 5.22
    },
    {
      "licensee_id": 3,
      "total": 72,
      "successful": 66,
      "failed": 6,
      "failure_pct": 8.33
    },
    {
      "licensee_id": 50,
      "total": 69,
      "successful": 66,
      "failed": 3,
      "failure_pct": 4.35
    },
    {
      "licensee_id": 57,
      "total": 54,
      "successful": 50,
      "failed": 4,
      "failure_pct": 7.41
    },
    {
      "licensee_id": 55,
      "total": 42,
      "successful": 40,
      "failed": 2,
      "failure_pct": 4.76
    },
    {
      "licensee_id": 39,
      "total": 29,
      "successful": 27,
      "failed": 2,
      "failure_pct": 6.9
    }
  ],
  "hourly_trend": [
    {
      "hour": "2026-05-17 17:00:00",
      "total": 73,
      "successful": 66,
      "failed": 7
    },
    {
      "hour": "2026-05-17 18:00:00",
      "total": 87,
      "successful": 82,
      "failed": 5
    },
    {
      "hour": "2026-05-17 19:00:00",
      "total": 70,
      "successful": 66,
      "failed": 4
    },
    {
      "hour": "2026-05-17 20:00:00",
      "total": 77,
      "successful": 75,
      "failed": 2
    },
    {
      "hour": "2026-05-17 21:00:00",
      "total": 81,
      "successful": 74,
      "failed": 7
    },
    {
      "hour": "2026-05-17 22:00:00",
      "total": 85,
      "successful": 76,
      "failed": 9
    },
    {
      "hour": "2026-05-17 23:00:00",
      "total": 79,
      "successful": 76,
      "failed": 3
    },
    {
      "hour": "2026-05-18 00:00:00",
      "total": 107,
      "successful": 99,
      "failed": 8
    },
    {
      "hour": "2026-05-18 01:00:00",
      "total": 104,
      "successful": 99,
      "failed": 5
    },
    {
      "hour": "2026-05-18 02:00:00",
      "total": 81,
      "successful": 78,
      "failed": 3
    },
    {
      "hour": "2026-05-18 03:00:00",
      "total": 68,
      "successful": 61,
      "failed": 7
    },
    {
      "hour": "2026-05-18 04:00:00",
      "total": 46,
      "successful": 45,
      "failed": 1
    },
    {
      "hour": "2026-05-18 05:00:00",
      "total": 29,
      "successful": 26,
      "failed": 3
    },
    {
      "hour": "2026-05-18 06:00:00",
      "total": 10,
      "successful": 9,
      "failed": 1
    },
    {
      "hour": "2026-05-18 07:00:00",
      "total": 6,
      "successful": 6,
      "failed": 0
    },
    {
      "hour": "2026-05-18 08:00:00",
      "total": 12,
      "successful": 8,
      "failed": 4
    },
    {
      "hour": "2026-05-18 09:00:00",
      "total": 2,
      "successful": 2,
      "failed": 0
    },
    {
      "hour": "2026-05-18 10:00:00",
      "total": 4,
      "successful": 4,
      "failed": 0
    },
    {
      "hour": "2026-05-18 11:00:00",
      "total": 13,
      "successful": 12,
      "failed": 1
    },
    {
      "hour": "2026-05-18 12:00:00",
      "total": 33,
      "successful": 31,
      "failed": 2
    },
    {
      "hour": "2026-05-18 13:00:00",
      "total": 42,
      "successful": 40,
      "failed": 2
    },
    {
      "hour": "2026-05-18 14:00:00",
      "total": 82,
      "successful": 78,
      "failed": 4
    },
    {
      "hour": "2026-05-18 15:00:00",
      "total": 112,
      "successful": 111,
      "failed": 1
    },
    {
      "hour": "2026-05-18 16:00:00",
      "total": 116,
      "successful": 109,
      "failed": 7
    },
    {
      "hour": "2026-05-18 17:00:00",
      "total": 8,
      "successful": 7,
      "failed": 1
    }
  ],
  "top_failure_reasons": [
    {
      "reason": "This room rate is no longer available. Please select another room.",
      "count": 27,
      "adapters": "ATI"
    },
    {
      "reason": "Hotel.Express.Book: Booking failed due to CC failure",
      "count": 9,
      "adapters": "PRICELINE_HOTEL"
    },
    {
      "reason": "Pnr has not been created successfully, see remaining messages for detailsEnhancedhotelbookrq: unable to perform hotel booking step. see below messages for details.. updatereservationrq: $invalid cc checksum$ (code: 3009)",
      "count": 8,
      "adapters": "SABRE_HOTEL"
    },
    {
      "reason": "Hotel.Express.Book: Requested room is not available",
      "count": 7,
      "adapters": "PRICELINE_HOTEL"
    },
    {
      "reason": "Provided card number is invalid.",
      "count": 5,
      "adapters": "EAN_RAPID"
    },
    {
      "reason": "The payment could not be processed because of insufficient funds.",
      "count": 4,
      "adapters": "EAN_RAPID"
    },
    {
      "reason": "Hotel.Express.Contract: Rates not found",
      "count": 4,
      "adapters": "PRICELINE_HOTEL"
    },
    {
      "reason": "The credit card provided has been identified as potential fraud",
      "count": 3,
      "adapters": "BEDS_ONLINE"
    },
    {
      "reason": "The payment could not be processed due to suspected fraud. The card holder should contact their issuing bank for more information.",
      "count": 3,
      "adapters": "EAN_RAPID"
    },
    {
      "reason": "One or more requested rooms are unavailable.",
      "count": 3,
      "adapters": "EAN_RAPID"
    }
  ]
}
Archived existing dashboard → index_20260518_130322.html
[2/4] Generating dashboard...
Dashboard saved to: /Users/jayaprasadkakkassery/myExperements/my-dashboard/index.html
Open in browser:    open /Users/jayaprasadkakkassery/myExperements/my-dashboard/index.html
[3/4] Pushing to GitHub Pages...
[gh-pages 1f014b2] Dashboard refresh (Last 24 hour(s) · All licensees & adapters) - 2026-05-18 13:03:22
 2 files changed, 618 insertions(+), 107 deletions(-)
 create mode 100644 index_20260518_130322.html
============================================
 TST Booking Dashboard - Refreshing...
 Range  : Last 24 hour(s)
 Filters: · All licensees & adapters
============================================
[1/4] Querying database (Last 24 hour(s) · All licensees & adapters)...
{
  "status": "ok",
  "generated_at": "2026-05-18 18:03:30 UTC",
  "interval_hours": 24,
  "filters": {
    "licensee_id": "all",
    "adapter_name": "all"
  },
  "summary": {
    "total": 1471,
    "successful": 1384,
    "failed": 87,
    "failure_pct": 5.91,
    "success_pct": 94.09,
    "cc_failed": 22,
    "cc_pct_of_failures": 25.29,
    "non_cc_failed": 65,
    "non_cc_failure_pct": 4.49
  },
  "by_adapter": [
    {
      "adapter": "SABRE_HOTEL",
      "total": 603,
      "successful": 591,
      "failed": 12,
      "failure_pct": 1.99
    },
    {
      "adapter": "EAN_RAPID",
      "total": 461,
      "successful": 439,
      "failed": 22,
      "failure_pct": 4.77
    },
    {
      "adapter": "PRICELINE_HOTEL",
      "total": 275,
      "successful": 255,
      "failed": 20,
      "failure_pct": 7.27
    },
    {
      "adapter": "ATI",
      "total": 58,
      "successful": 29,
      "failed": 29,
      "failure_pct": 50.0
    },
    {
      "adapter": "BEDS_ONLINE",
      "total": 56,
      "successful": 52,
      "failed": 4,
      "failure_pct": 7.14
    },
    {
      "adapter": "GWS",
      "total": 18,
      "successful": 18,
      "failed": 0,
      "failure_pct": 0.0
    }
  ],
  "by_licensee": [
    {
      "licensee_id": 72,
      "total": 304,
      "successful": 278,
      "failed": 26,
      "failure_pct": 8.55
    },
    {
      "licensee_id": 49,
      "total": 207,
      "successful": 190,
      "failed": 17,
      "failure_pct": 8.21
    },
    {
      "licensee_id": 34,
      "total": 198,
      "successful": 191,
      "failed": 7,
      "failure_pct": 3.54
    },
    {
      "licensee_id": 1,
      "total": 164,
      "successful": 158,
      "failed": 6,
      "failure_pct": 3.66
    },
    {
      "licensee_id": 40,
      "total": 143,
      "successful": 136,
      "failed": 7,
      "failure_pct": 4.9
    },
    {
      "licensee_id": 3,
      "total": 75,
      "successful": 69,
      "failed": 6,
      "failure_pct": 8.0
    },
    {
      "licensee_id": 50,
      "total": 71,
      "successful": 68,
      "failed": 3,
      "failure_pct": 4.23
    },
    {
      "licensee_id": 57,
      "total": 54,
      "successful": 50,
      "failed": 4,
      "failure_pct": 7.41
    },
    {
      "licensee_id": 55,
      "total": 44,
      "successful": 41,
      "failed": 3,
      "failure_pct": 6.82
    },
    {
      "licensee_id": 43,
      "total": 39,
      "successful": 36,
      "failed": 3,
      "failure_pct": 7.69
    }
  ],
  "hourly_trend": [
    {
      "hour": "2026-05-17 18:00:00",
      "total": 82,
      "successful": 76,
      "failed": 6
    },
    {
      "hour": "2026-05-17 19:00:00",
      "total": 70,
      "successful": 66,
      "failed": 4
    },
    {
      "hour": "2026-05-17 20:00:00",
      "total": 77,
      "successful": 75,
      "failed": 2
    },
    {
      "hour": "2026-05-17 21:00:00",
      "total": 81,
      "successful": 74,
      "failed": 7
    },
    {
      "hour": "2026-05-17 22:00:00",
      "total": 85,
      "successful": 76,
      "failed": 9
    },
    {
      "hour": "2026-05-17 23:00:00",
      "total": 79,
      "successful": 76,
      "failed": 3
    },
    {
      "hour": "2026-05-18 00:00:00",
      "total": 107,
      "successful": 99,
      "failed": 8
    },
    {
      "hour": "2026-05-18 01:00:00",
      "total": 104,
      "successful": 99,
      "failed": 5
    },
    {
      "hour": "2026-05-18 02:00:00",
      "total": 81,
      "successful": 78,
      "failed": 3
    },
    {
      "hour": "2026-05-18 03:00:00",
      "total": 68,
      "successful": 61,
      "failed": 7
    },
    {
      "hour": "2026-05-18 04:00:00",
      "total": 46,
      "successful": 45,
      "failed": 1
    },
    {
      "hour": "2026-05-18 05:00:00",
      "total": 29,
      "successful": 26,
      "failed": 3
    },
    {
      "hour": "2026-05-18 06:00:00",
      "total": 10,
      "successful": 9,
      "failed": 1
    },
    {
      "hour": "2026-05-18 07:00:00",
      "total": 6,
      "successful": 6,
      "failed": 0
    },
    {
      "hour": "2026-05-18 08:00:00",
      "total": 12,
      "successful": 8,
      "failed": 4
    },
    {
      "hour": "2026-05-18 09:00:00",
      "total": 2,
      "successful": 2,
      "failed": 0
    },
    {
      "hour": "2026-05-18 10:00:00",
      "total": 4,
      "successful": 4,
      "failed": 0
    },
    {
      "hour": "2026-05-18 11:00:00",
      "total": 13,
      "successful": 12,
      "failed": 1
    },
    {
      "hour": "2026-05-18 12:00:00",
      "total": 33,
      "successful": 31,
      "failed": 2
    },
    {
      "hour": "2026-05-18 13:00:00",
      "total": 42,
      "successful": 40,
      "failed": 2
    },
    {
      "hour": "2026-05-18 14:00:00",
      "total": 82,
      "successful": 78,
      "failed": 4
    },
    {
      "hour": "2026-05-18 15:00:00",
      "total": 112,
      "successful": 111,
      "failed": 1
    },
    {
      "hour": "2026-05-18 16:00:00",
      "total": 116,
      "successful": 109,
      "failed": 7
    },
    {
      "hour": "2026-05-18 17:00:00",
      "total": 126,
      "successful": 119,
      "failed": 7
    },
    {
      "hour": "2026-05-18 18:00:00",
      "total": 4,
      "successful": 4,
      "failed": 0
    }
  ],
  "top_failure_reasons": [
    {
      "reason": "This room rate is no longer available. Please select another room.",
      "count": 25,
      "adapters": "ATI"
    },
    {
      "reason": "Hotel.Express.Book: Booking failed due to CC failure",
      "count": 9,
      "adapters": "PRICELINE_HOTEL"
    },
    {
      "reason": "Pnr has not been created successfully, see remaining messages for detailsEnhancedhotelbookrq: unable to perform hotel booking step. see below messages for details.. updatereservationrq: $invalid cc checksum$ (code: 3009)",
      "count": 7,
      "adapters": "SABRE_HOTEL"
    },
    {
      "reason": "Hotel.Express.Book: Requested room is not available",
      "count": 7,
      "adapters": "PRICELINE_HOTEL"
    },
    {
      "reason": "Provided card number is invalid.",
      "count": 6,
      "adapters": "EAN_RAPID"
    },
    {
      "reason": "One or more requested rooms are unavailable.",
      "count": 4,
      "adapters": "EAN_RAPID"
    },
    {
      "reason": "The payment could not be processed because of insufficient funds.",
      "count": 4,
      "adapters": "EAN_RAPID"
    },
    {
      "reason": "The credit card provided has been identified as potential fraud",
      "count": 3,
      "adapters": "BEDS_ONLINE"
    },
    {
      "reason": "Hotel.Express.Contract: Rates not found",
      "count": 3,
      "adapters": "PRICELINE_HOTEL"
    },
    {
      "reason": "Credit card is expired.",
      "count": 2,
      "adapters": "EAN_RAPID"
    }
  ]
}
Archived existing dashboard → index_20260518_140330.html
[2/4] Generating dashboard...
Dashboard saved to: /Users/jayaprasadkakkassery/myExperements/my-dashboard/index.html
Open in browser:    open /Users/jayaprasadkakkassery/myExperements/my-dashboard/index.html
[3/4] Pushing to GitHub Pages...
[gh-pages 2f49974] Dashboard refresh (Last 24 hour(s) · All licensees & adapters) - 2026-05-18 14:03:31
 2 files changed, 606 insertions(+), 95 deletions(-)
 create mode 100644 index_20260518_140330.html
============================================
 TST Booking Dashboard - Refreshing...
 Range  : Last 24 hour(s)
 Filters: · All licensees & adapters
============================================
[1/4] Querying database (Last 24 hour(s) · All licensees & adapters)...
{
  "status": "ok",
  "generated_at": "2026-05-18 19:03:39 UTC",
  "interval_hours": 24,
  "filters": {
    "licensee_id": "all",
    "adapter_name": "all"
  },
  "summary": {
    "total": 1505,
    "successful": 1409,
    "failed": 96,
    "failure_pct": 6.38,
    "success_pct": 93.62,
    "cc_failed": 24,
    "cc_pct_of_failures": 25.0,
    "non_cc_failed": 72,
    "non_cc_failure_pct": 4.86
  },
  "by_adapter": [
    {
      "adapter": "SABRE_HOTEL",
      "total": 607,
      "successful": 593,
      "failed": 14,
      "failure_pct": 2.31
    },
    {
      "adapter": "EAN_RAPID",
      "total": 463,
      "successful": 441,
      "failed": 22,
      "failure_pct": 4.75
    },
    {
      "adapter": "PRICELINE_HOTEL",
      "total": 291,
      "successful": 268,
      "failed": 23,
      "failure_pct": 7.9
    },
    {
      "adapter": "ATI",
      "total": 66,
      "successful": 35,
      "failed": 31,
      "failure_pct": 46.97
    },
    {
      "adapter": "BEDS_ONLINE",
      "total": 60,
      "successful": 54,
      "failed": 6,
      "failure_pct": 10.0
    },
    {
      "adapter": "GWS",
      "total": 18,
      "successful": 18,
      "failed": 0,
      "failure_pct": 0.0
    }
  ],
  "by_licensee": [
    {
      "licensee_id": 72,
      "total": 304,
      "successful": 275,
      "failed": 29,
      "failure_pct": 9.54
    },
    {
      "licensee_id": 49,
      "total": 218,
      "successful": 201,
      "failed": 17,
      "failure_pct": 7.8
    },
    {
      "licensee_id": 34,
      "total": 195,
      "successful": 187,
      "failed": 8,
      "failure_pct": 4.1
    },
    {
      "licensee_id": 1,
      "total": 180,
      "successful": 173,
      "failed": 7,
      "failure_pct": 3.89
    },
    {
      "licensee_id": 40,
      "total": 143,
      "successful": 135,
      "failed": 8,
      "failure_pct": 5.59
    },
    {
      "licensee_id": 3,
      "total": 74,
      "successful": 68,
      "failed": 6,
      "failure_pct": 8.11
    },
    {
      "licensee_id": 50,
      "total": 72,
      "successful": 69,
      "failed": 3,
      "failure_pct": 4.17
    },
    {
      "licensee_id": 57,
      "total": 56,
      "successful": 51,
      "failed": 5,
      "failure_pct": 8.93
    },
    {
      "licensee_id": 55,
      "total": 51,
      "successful": 45,
      "failed": 6,
      "failure_pct": 11.76
    },
    {
      "licensee_id": 43,
      "total": 40,
      "successful": 38,
      "failed": 2,
      "failure_pct": 5.0
    }
  ],
  "hourly_trend": [
    {
      "hour": "2026-05-17 19:00:00",
      "total": 62,
      "successful": 58,
      "failed": 4
    },
    {
      "hour": "2026-05-17 20:00:00",
      "total": 77,
      "successful": 75,
      "failed": 2
    },
    {
      "hour": "2026-05-17 21:00:00",
      "total": 81,
      "successful": 74,
      "failed": 7
    },
    {
      "hour": "2026-05-17 22:00:00",
      "total": 85,
      "successful": 76,
      "failed": 9
    },
    {
      "hour": "2026-05-17 23:00:00",
      "total": 79,
      "successful": 76,
      "failed": 3
    },
    {
      "hour": "2026-05-18 00:00:00",
      "total": 107,
      "successful": 99,
      "failed": 8
    },
    {
      "hour": "2026-05-18 01:00:00",
      "total": 104,
      "successful": 99,
      "failed": 5
    },
    {
      "hour": "2026-05-18 02:00:00",
      "total": 81,
      "successful": 78,
      "failed": 3
    },
    {
      "hour": "2026-05-18 03:00:00",
      "total": 68,
      "successful": 61,
      "failed": 7
    },
    {
      "hour": "2026-05-18 04:00:00",
      "total": 46,
      "successful": 45,
      "failed": 1
    },
    {
      "hour": "2026-05-18 05:00:00",
      "total": 29,
      "successful": 26,
      "failed": 3
    },
    {
      "hour": "2026-05-18 06:00:00",
      "total": 10,
      "successful": 9,
      "failed": 1
    },
    {
      "hour": "2026-05-18 07:00:00",
      "total": 6,
      "successful": 6,
      "failed": 0
    },
    {
      "hour": "2026-05-18 08:00:00",
      "total": 12,
      "successful": 8,
      "failed": 4
    },
    {
      "hour": "2026-05-18 09:00:00",
      "total": 2,
      "successful": 2,
      "failed": 0
    },
    {
      "hour": "2026-05-18 10:00:00",
      "total": 4,
      "successful": 4,
      "failed": 0
    },
    {
      "hour": "2026-05-18 11:00:00",
      "total": 13,
      "successful": 12,
      "failed": 1
    },
    {
      "hour": "2026-05-18 12:00:00",
      "total": 33,
      "successful": 31,
      "failed": 2
    },
    {
      "hour": "2026-05-18 13:00:00",
      "total": 42,
      "successful": 40,
      "failed": 2
    },
    {
      "hour": "2026-05-18 14:00:00",
      "total": 82,
      "successful": 78,
      "failed": 4
    },
    {
      "hour": "2026-05-18 15:00:00",
      "total": 112,
      "successful": 111,
      "failed": 1
    },
    {
      "hour": "2026-05-18 16:00:00",
      "total": 116,
      "successful": 109,
      "failed": 7
    },
    {
      "hour": "2026-05-18 17:00:00",
      "total": 125,
      "successful": 119,
      "failed": 6
    },
    {
      "hour": "2026-05-18 18:00:00",
      "total": 122,
      "successful": 107,
      "failed": 15
    },
    {
      "hour": "2026-05-18 19:00:00",
      "total": 7,
      "successful": 6,
      "failed": 1
    }
  ],
  "top_failure_reasons": [
    {
      "reason": "This room rate is no longer available. Please select another room.",
      "count": 25,
      "adapters": "ATI"
    },
    {
      "reason": "Hotel.Express.Book: Booking failed due to CC failure",
      "count": 11,
      "adapters": "PRICELINE_HOTEL"
    },
    {
      "reason": "Hotel.Express.Book: Requested room is not available",
      "count": 8,
      "adapters": "PRICELINE_HOTEL"
    },
    {
      "reason": "Pnr has not been created successfully, see remaining messages for detailsEnhancedhotelbookrq: unable to perform hotel booking step. see below messages for details.. updatereservationrq: $invalid cc checksum$ (code: 3009)",
      "count": 7,
      "adapters": "SABRE_HOTEL"
    },
    {
      "reason": "Provided card number is invalid.",
      "count": 6,
      "adapters": "EAN_RAPID"
    },
    {
      "reason": "The payment could not be processed because of insufficient funds.",
      "count": 4,
      "adapters": "EAN_RAPID"
    },
    {
      "reason": "One or more requested rooms are unavailable.",
      "count": 3,
      "adapters": "EAN_RAPID"
    },
    {
      "reason": "The credit card provided has been identified as potential fraud",
      "count": 3,
      "adapters": "BEDS_ONLINE"
    },
    {
      "reason": "Hotel.Express.Contract: Rates not found",
      "count": 3,
      "adapters": "PRICELINE_HOTEL"
    },
    {
      "reason": "The payment has been refused, please retry with a different credit card.",
      "count": 2,
      "adapters": "BEDS_ONLINE"
    }
  ]
}
Archived existing dashboard → index_20260518_150339.html
[2/4] Generating dashboard...
Dashboard saved to: /Users/jayaprasadkakkassery/myExperements/my-dashboard/index.html
Open in browser:    open /Users/jayaprasadkakkassery/myExperements/my-dashboard/index.html
[3/4] Pushing to GitHub Pages...
[gh-pages 880fbdf] Dashboard refresh (Last 24 hour(s) · All licensees & adapters) - 2026-05-18 15:03:40
 2 files changed, 618 insertions(+), 107 deletions(-)
 create mode 100644 index_20260518_150339.html
============================================
 TST Booking Dashboard - Refreshing...
 Range  : Last 24 hour(s)
 Filters: · All licensees & adapters
============================================
[1/4] Querying database (Last 24 hour(s) · All licensees & adapters)...
{
  "status": "ok",
  "generated_at": "2026-05-18 20:03:46 UTC",
  "interval_hours": 24,
  "filters": {
    "licensee_id": "all",
    "adapter_name": "all"
  },
  "summary": {
    "total": 1566,
    "successful": 1468,
    "failed": 98,
    "failure_pct": 6.26,
    "success_pct": 93.74,
    "cc_failed": 26,
    "cc_pct_of_failures": 26.53,
    "non_cc_failed": 72,
    "non_cc_failure_pct": 4.68
  },
  "by_adapter": [
    {
      "adapter": "SABRE_HOTEL",
      "total": 632,
      "successful": 618,
      "failed": 14,
      "failure_pct": 2.22
    },
    {
      "adapter": "EAN_RAPID",
      "total": 497,
      "successful": 473,
      "failed": 24,
      "failure_pct": 4.83
    },
    {
      "adapter": "PRICELINE_HOTEL",
      "total": 294,
      "successful": 272,
      "failed": 22,
      "failure_pct": 7.48
    },
    {
      "adapter": "ATI",
      "total": 69,
      "successful": 37,
      "failed": 32,
      "failure_pct": 46.38
    },
    {
      "adapter": "BEDS_ONLINE",
      "total": 56,
      "successful": 50,
      "failed": 6,
      "failure_pct": 10.71
    },
    {
      "adapter": "GWS",
      "total": 18,
      "successful": 18,
      "failed": 0,
      "failure_pct": 0.0
    }
  ],
  "by_licensee": [
    {
      "licensee_id": 72,
      "total": 312,
      "successful": 281,
      "failed": 31,
      "failure_pct": 9.94
    },
    {
      "licensee_id": 49,
      "total": 232,
      "successful": 213,
      "failed": 19,
      "failure_pct": 8.19
    },
    {
      "licensee_id": 34,
      "total": 193,
      "successful": 185,
      "failed": 8,
      "failure_pct": 4.15
    },
    {
      "licensee_id": 1,
      "total": 193,
      "successful": 187,
      "failed": 6,
      "failure_pct": 3.11
    },
    {
      "licensee_id": 40,
      "total": 150,
      "successful": 141,
      "failed": 9,
      "failure_pct": 6.0
    },
    {
      "licensee_id": 50,
      "total": 81,
      "successful": 79,
      "failed": 2,
      "failure_pct": 2.47
    },
    {
      "licensee_id": 3,
      "total": 71,
      "successful": 67,
      "failed": 4,
      "failure_pct": 5.63
    },
    {
      "licensee_id": 57,
      "total": 60,
      "successful": 55,
      "failed": 5,
      "failure_pct": 8.33
    },
    {
      "licensee_id": 55,
      "total": 55,
      "successful": 49,
      "failed": 6,
      "failure_pct": 10.91
    },
    {
      "licensee_id": 43,
      "total": 39,
      "successful": 37,
      "failed": 2,
      "failure_pct": 5.13
    }
  ],
  "hourly_trend": [
    {
      "hour": "2026-05-17 20:00:00",
      "total": 74,
      "successful": 72,
      "failed": 2
    },
    {
      "hour": "2026-05-17 21:00:00",
      "total": 81,
      "successful": 74,
      "failed": 7
    },
    {
      "hour": "2026-05-17 22:00:00",
      "total": 85,
      "successful": 76,
      "failed": 9
    },
    {
      "hour": "2026-05-17 23:00:00",
      "total": 79,
      "successful": 76,
      "failed": 3
    },
    {
      "hour": "2026-05-18 00:00:00",
      "total": 107,
      "successful": 99,
      "failed": 8
    },
    {
      "hour": "2026-05-18 01:00:00",
      "total": 104,
      "successful": 99,
      "failed": 5
    },
    {
      "hour": "2026-05-18 02:00:00",
      "total": 81,
      "successful": 78,
      "failed": 3
    },
    {
      "hour": "2026-05-18 03:00:00",
      "total": 68,
      "successful": 61,
      "failed": 7
    },
    {
      "hour": "2026-05-18 04:00:00",
      "total": 46,
      "successful": 45,
      "failed": 1
    },
    {
      "hour": "2026-05-18 05:00:00",
      "total": 29,
      "successful": 26,
      "failed": 3
    },
    {
      "hour": "2026-05-18 06:00:00",
      "total": 10,
      "successful": 9,
      "failed": 1
    },
    {
      "hour": "2026-05-18 07:00:00",
      "total": 6,
      "successful": 6,
      "failed": 0
    },
    {
      "hour": "2026-05-18 08:00:00",
      "total": 12,
      "successful": 8,
      "failed": 4
    },
    {
      "hour": "2026-05-18 09:00:00",
      "total": 2,
      "successful": 2,
      "failed": 0
    },
    {
      "hour": "2026-05-18 10:00:00",
      "total": 4,
      "successful": 4,
      "failed": 0
    },
    {
      "hour": "2026-05-18 11:00:00",
      "total": 13,
      "successful": 12,
      "failed": 1
    },
    {
      "hour": "2026-05-18 12:00:00",
      "total": 33,
      "successful": 31,
      "failed": 2
    },
    {
      "hour": "2026-05-18 13:00:00",
      "total": 42,
      "successful": 40,
      "failed": 2
    },
    {
      "hour": "2026-05-18 14:00:00",
      "total": 82,
      "successful": 78,
      "failed": 4
    },
    {
      "hour": "2026-05-18 15:00:00",
      "total": 112,
      "successful": 111,
      "failed": 1
    },
    {
      "hour": "2026-05-18 16:00:00",
      "total": 116,
      "successful": 109,
      "failed": 7
    },
    {
      "hour": "2026-05-18 17:00:00",
      "total": 125,
      "successful": 119,
      "failed": 6
    },
    {
      "hour": "2026-05-18 18:00:00",
      "total": 122,
      "successful": 107,
      "failed": 15
    },
    {
      "hour": "2026-05-18 19:00:00",
      "total": 119,
      "successful": 113,
      "failed": 6
    },
    {
      "hour": "2026-05-18 20:00:00",
      "total": 14,
      "successful": 13,
      "failed": 1
    }
  ],
  "top_failure_reasons": [
    {
      "reason": "This room rate is no longer available. Please select another room.",
      "count": 26,
      "adapters": "ATI"
    },
    {
      "reason": "Hotel.Express.Book: Booking failed due to CC failure",
      "count": 12,
      "adapters": "PRICELINE_HOTEL"
    },
    {
      "reason": "Pnr has not been created successfully, see remaining messages for detailsEnhancedhotelbookrq: unable to perform hotel booking step. see below messages for details.. updatereservationrq: $invalid cc checksum$ (code: 3009)",
      "count": 7,
      "adapters": "SABRE_HOTEL"
    },
    {
      "reason": "Provided card number is invalid.",
      "count": 6,
      "adapters": "EAN_RAPID"
    },
    {
      "reason": "Hotel.Express.Book: Requested room is not available",
      "count": 6,
      "adapters": "PRICELINE_HOTEL"
    },
    {
      "reason": "The payment could not be processed because of insufficient funds.",
      "count": 4,
      "adapters": "EAN_RAPID"
    },
    {
      "reason": "Hotel.Express.Contract: Rates not found",
      "count": 3,
      "adapters": "PRICELINE_HOTEL"
    },
    {
      "reason": "The credit card provided has been identified as potential fraud",
      "count": 3,
      "adapters": "BEDS_ONLINE"
    },
    {
      "reason": "One or more requested rooms are unavailable.",
      "count": 3,
      "adapters": "EAN_RAPID"
    },
    {
      "reason": "The payment could not be processed. The card holder should contact their issuing bank for more information.",
      "count": 3,
      "adapters": "EAN_RAPID"
    }
  ]
}
Archived existing dashboard → index_20260518_160346.html
[2/4] Generating dashboard...
Dashboard saved to: /Users/jayaprasadkakkassery/myExperements/my-dashboard/index.html
Open in browser:    open /Users/jayaprasadkakkassery/myExperements/my-dashboard/index.html
[3/4] Pushing to GitHub Pages...
[gh-pages d27cd39] Dashboard refresh (Last 24 hour(s) · All licensees & adapters) - 2026-05-18 16:03:46
 2 files changed, 621 insertions(+), 110 deletions(-)
 create mode 100644 index_20260518_160346.html
============================================
 TST Booking Dashboard - Refreshing...
 Range  : Last 24 hour(s)
 Filters: · All licensees & adapters
============================================
[1/4] Querying database (Last 24 hour(s) · All licensees & adapters)...
{
  "status": "ok",
  "generated_at": "2026-05-18 21:03:51 UTC",
  "interval_hours": 24,
  "filters": {
    "licensee_id": "all",
    "adapter_name": "all"
  },
  "summary": {
    "total": 1613,
    "successful": 1510,
    "failed": 103,
    "failure_pct": 6.39,
    "success_pct": 93.61,
    "cc_failed": 26,
    "cc_pct_of_failures": 25.24,
    "non_cc_failed": 77,
    "non_cc_failure_pct": 4.85
  },
  "by_adapter": [
    {
      "adapter": "SABRE_HOTEL",
      "total": 660,
      "successful": 643,
      "failed": 17,
      "failure_pct": 2.58
    },
    {
      "adapter": "EAN_RAPID",
      "total": 504,
      "successful": 480,
      "failed": 24,
      "failure_pct": 4.76
    },
    {
      "adapter": "PRICELINE_HOTEL",
      "total": 296,
      "successful": 274,
      "failed": 22,
      "failure_pct": 7.43
    },
    {
      "adapter": "ATI",
      "total": 72,
      "successful": 38,
      "failed": 34,
      "failure_pct": 47.22
    },
    {
      "adapter": "BEDS_ONLINE",
      "total": 61,
      "successful": 55,
      "failed": 6,
      "failure_pct": 9.84
    },
    {
      "adapter": "GWS",
      "total": 20,
      "successful": 20,
      "failed": 0,
      "failure_pct": 0.0
    }
  ],
  "by_licensee": [
    {
      "licensee_id": 72,
      "total": 304,
      "successful": 271,
      "failed": 33,
      "failure_pct": 10.86
    },
    {
      "licensee_id": 49,
      "total": 243,
      "successful": 226,
      "failed": 17,
      "failure_pct": 7.0
    },
    {
      "licensee_id": 1,
      "total": 210,
      "successful": 202,
      "failed": 8,
      "failure_pct": 3.81
    },
    {
      "licensee_id": 34,
      "total": 185,
      "successful": 177,
      "failed": 8,
      "failure_pct": 4.32
    },
    {
      "licensee_id": 40,
      "total": 149,
      "successful": 138,
      "failed": 11,
      "failure_pct": 7.38
    },
    {
      "licensee_id": 50,
      "total": 90,
      "successful": 88,
      "failed": 2,
      "failure_pct": 2.22
    },
    {
      "licensee_id": 3,
      "total": 76,
      "successful": 72,
      "failed": 4,
      "failure_pct": 5.26
    },
    {
      "licensee_id": 57,
      "total": 65,
      "successful": 60,
      "failed": 5,
      "failure_pct": 7.69
    },
    {
      "licensee_id": 55,
      "total": 64,
      "successful": 58,
      "failed": 6,
      "failure_pct": 9.38
    },
    {
      "licensee_id": 43,
      "total": 42,
      "successful": 39,
      "failed": 3,
      "failure_pct": 7.14
    }
  ],
  "hourly_trend": [
    {
      "hour": "2026-05-17 21:00:00",
      "total": 74,
      "successful": 68,
      "failed": 6
    },
    {
      "hour": "2026-05-17 22:00:00",
      "total": 85,
      "successful": 76,
      "failed": 9
    },
    {
      "hour": "2026-05-17 23:00:00",
      "total": 79,
      "successful": 76,
      "failed": 3
    },
    {
      "hour": "2026-05-18 00:00:00",
      "total": 107,
      "successful": 99,
      "failed": 8
    },
    {
      "hour": "2026-05-18 01:00:00",
      "total": 104,
      "successful": 99,
      "failed": 5
    },
    {
      "hour": "2026-05-18 02:00:00",
      "total": 81,
      "successful": 78,
      "failed": 3
    },
    {
      "hour": "2026-05-18 03:00:00",
      "total": 68,
      "successful": 61,
      "failed": 7
    },
    {
      "hour": "2026-05-18 04:00:00",
      "total": 46,
      "successful": 45,
      "failed": 1
    },
    {
      "hour": "2026-05-18 05:00:00",
      "total": 29,
      "successful": 26,
      "failed": 3
    },
    {
      "hour": "2026-05-18 06:00:00",
      "total": 10,
      "successful": 9,
      "failed": 1
    },
    {
      "hour": "2026-05-18 07:00:00",
      "total": 6,
      "successful": 6,
      "failed": 0
    },
    {
      "hour": "2026-05-18 08:00:00",
      "total": 12,
      "successful": 8,
      "failed": 4
    },
    {
      "hour": "2026-05-18 09:00:00",
      "total": 2,
      "successful": 2,
      "failed": 0
    },
    {
      "hour": "2026-05-18 10:00:00",
      "total": 4,
      "successful": 4,
      "failed": 0
    },
    {
      "hour": "2026-05-18 11:00:00",
      "total": 13,
      "successful": 12,
      "failed": 1
    },
    {
      "hour": "2026-05-18 12:00:00",
      "total": 33,
      "successful": 31,
      "failed": 2
    },
    {
      "hour": "2026-05-18 13:00:00",
      "total": 42,
      "successful": 40,
      "failed": 2
    },
    {
      "hour": "2026-05-18 14:00:00",
      "total": 82,
      "successful": 78,
      "failed": 4
    },
    {
      "hour": "2026-05-18 15:00:00",
      "total": 112,
      "successful": 111,
      "failed": 1
    },
    {
      "hour": "2026-05-18 16:00:00",
      "total": 116,
      "successful": 109,
      "failed": 7
    },
    {
      "hour": "2026-05-18 17:00:00",
      "total": 125,
      "successful": 119,
      "failed": 6
    },
    {
      "hour": "2026-05-18 18:00:00",
      "total": 122,
      "successful": 107,
      "failed": 15
    },
    {
      "hour": "2026-05-18 19:00:00",
      "total": 119,
      "successful": 113,
      "failed": 6
    },
    {
      "hour": "2026-05-18 20:00:00",
      "total": 138,
      "successful": 129,
      "failed": 9
    },
    {
      "hour": "2026-05-18 21:00:00",
      "total": 4,
      "successful": 4,
      "failed": 0
    }
  ],
  "top_failure_reasons": [
    {
      "reason": "This room rate is no longer available. Please select another room.",
      "count": 28,
      "adapters": "ATI"
    },
    {
      "reason": "Hotel.Express.Book: Booking failed due to CC failure",
      "count": 12,
      "adapters": "PRICELINE_HOTEL"
    },
    {
      "reason": "Pnr has not been created successfully, see remaining messages for detailsEnhancedhotelbookrq: unable to perform hotel booking step. see below messages for details.. updatereservationrq: $invalid cc checksum$ (code: 3009)",
      "count": 7,
      "adapters": "SABRE_HOTEL"
    },
    {
      "reason": "Hotel.Express.Book: Requested room is not available",
      "count": 7,
      "adapters": "PRICELINE_HOTEL"
    },
    {
      "reason": "Provided card number is invalid.",
      "count": 6,
      "adapters": "EAN_RAPID"
    },
    {
      "reason": "The payment could not be processed because of insufficient funds.",
      "count": 4,
      "adapters": "EAN_RAPID"
    },
    {
      "reason": "One or more requested rooms are unavailable.",
      "count": 3,
      "adapters": "EAN_RAPID"
    },
    {
      "reason": "The credit card provided has been identified as potential fraud",
      "count": 3,
      "adapters": "BEDS_ONLINE"
    },
    {
      "reason": "The payment could not be processed. The card holder should contact their issuing bank for more information.",
      "count": 3,
      "adapters": "EAN_RAPID"
    },
    {
      "reason": "The payment has been refused, please retry with a different credit card.",
      "count": 2,
      "adapters": "BEDS_ONLINE"
    }
  ]
}
Archived existing dashboard → index_20260518_170351.html
[2/4] Generating dashboard...
Dashboard saved to: /Users/jayaprasadkakkassery/myExperements/my-dashboard/index.html
Open in browser:    open /Users/jayaprasadkakkassery/myExperements/my-dashboard/index.html
[3/4] Pushing to GitHub Pages...
[gh-pages f57878c] Dashboard refresh (Last 24 hour(s) · All licensees & adapters) - 2026-05-18 17:03:52
 2 files changed, 620 insertions(+), 109 deletions(-)
 create mode 100644 index_20260518_170351.html
============================================
 TST Booking Dashboard - Refreshing...
 Range  : Last 24 hour(s)
 Filters: · All licensees & adapters
============================================
[1/4] Querying database (Last 24 hour(s) · All licensees & adapters)...
{
  "status": "ok",
  "generated_at": "2026-05-18 22:03:58 UTC",
  "interval_hours": 24,
  "filters": {
    "licensee_id": "all",
    "adapter_name": "all"
  },
  "summary": {
    "total": 1666,
    "successful": 1562,
    "failed": 104,
    "failure_pct": 6.24,
    "success_pct": 93.76,
    "cc_failed": 27,
    "cc_pct_of_failures": 25.96,
    "non_cc_failed": 77,
    "non_cc_failure_pct": 4.7
  },
  "by_adapter": [
    {
      "adapter": "SABRE_HOTEL",
      "total": 681,
      "successful": 667,
      "failed": 14,
      "failure_pct": 2.06
    },
    {
      "adapter": "EAN_RAPID",
      "total": 521,
      "successful": 496,
      "failed": 25,
      "failure_pct": 4.8
    },
    {
      "adapter": "PRICELINE_HOTEL",
      "total": 300,
      "successful": 280,
      "failed": 20,
      "failure_pct": 6.67
    },
    {
      "adapter": "ATI",
      "total": 78,
      "successful": 39,
      "failed": 39,
      "failure_pct": 50.0
    },
    {
      "adapter": "BEDS_ONLINE",
      "total": 65,
      "successful": 59,
      "failed": 6,
      "failure_pct": 9.23
    },
    {
      "adapter": "GWS",
      "total": 21,
      "successful": 21,
      "failed": 0,
      "failure_pct": 0.0
    }
  ],
  "by_licensee": [
    {
      "licensee_id": 72,
      "total": 297,
      "successful": 266,
      "failed": 31,
      "failure_pct": 10.44
    },
    {
      "licensee_id": 49,
      "total": 247,
      "successful": 230,
      "failed": 17,
      "failure_pct": 6.88
    },
    {
      "licensee_id": 1,
      "total": 224,
      "successful": 212,
      "failed": 12,
      "failure_pct": 5.36
    },
    {
      "licensee_id": 34,
      "total": 196,
      "successful": 188,
      "failed": 8,
      "failure_pct": 4.08
    },
    {
      "licensee_id": 40,
      "total": 149,
      "successful": 139,
      "failed": 10,
      "failure_pct": 6.71
    },
    {
      "licensee_id": 50,
      "total": 115,
      "successful": 113,
      "failed": 2,
      "failure_pct": 1.74
    },
    {
      "licensee_id": 3,
      "total": 72,
      "successful": 66,
      "failed": 6,
      "failure_pct": 8.33
    },
    {
      "licensee_id": 57,
      "total": 67,
      "successful": 63,
      "failed": 4,
      "failure_pct": 5.97
    },
    {
      "licensee_id": 55,
      "total": 66,
      "successful": 60,
      "failed": 6,
      "failure_pct": 9.09
    },
    {
      "licensee_id": 43,
      "total": 44,
      "successful": 41,
      "failed": 3,
      "failure_pct": 6.82
    }
  ],
  "hourly_trend": [
    {
      "hour": "2026-05-17 22:00:00",
      "total": 77,
      "successful": 69,
      "failed": 8
    },
    {
      "hour": "2026-05-17 23:00:00",
      "total": 79,
      "successful": 76,
      "failed": 3
    },
    {
      "hour": "2026-05-18 00:00:00",
      "total": 107,
      "successful": 99,
      "failed": 8
    },
    {
      "hour": "2026-05-18 01:00:00",
      "total": 104,
      "successful": 99,
      "failed": 5
    },
    {
      "hour": "2026-05-18 02:00:00",
      "total": 81,
      "successful": 78,
      "failed": 3
    },
    {
      "hour": "2026-05-18 03:00:00",
      "total": 68,
      "successful": 61,
      "failed": 7
    },
    {
      "hour": "2026-05-18 04:00:00",
      "total": 46,
      "successful": 45,
      "failed": 1
    },
    {
      "hour": "2026-05-18 05:00:00",
      "total": 29,
      "successful": 26,
      "failed": 3
    },
    {
      "hour": "2026-05-18 06:00:00",
      "total": 10,
      "successful": 9,
      "failed": 1
    },
    {
      "hour": "2026-05-18 07:00:00",
      "total": 6,
      "successful": 6,
      "failed": 0
    },
    {
      "hour": "2026-05-18 08:00:00",
      "total": 12,
      "successful": 8,
      "failed": 4
    },
    {
      "hour": "2026-05-18 09:00:00",
      "total": 2,
      "successful": 2,
      "failed": 0
    },
    {
      "hour": "2026-05-18 10:00:00",
      "total": 4,
      "successful": 4,
      "failed": 0
    },
    {
      "hour": "2026-05-18 11:00:00",
      "total": 13,
      "successful": 12,
      "failed": 1
    },
    {
      "hour": "2026-05-18 12:00:00",
      "total": 33,
      "successful": 31,
      "failed": 2
    },
    {
      "hour": "2026-05-18 13:00:00",
      "total": 42,
      "successful": 40,
      "failed": 2
    },
    {
      "hour": "2026-05-18 14:00:00",
      "total": 82,
      "successful": 78,
      "failed": 4
    },
    {
      "hour": "2026-05-18 15:00:00",
      "total": 112,
      "successful": 111,
      "failed": 1
    },
    {
      "hour": "2026-05-18 16:00:00",
      "total": 116,
      "successful": 109,
      "failed": 7
    },
    {
      "hour": "2026-05-18 17:00:00",
      "total": 125,
      "successful": 119,
      "failed": 6
    },
    {
      "hour": "2026-05-18 18:00:00",
      "total": 122,
      "successful": 107,
      "failed": 15
    },
    {
      "hour": "2026-05-18 19:00:00",
      "total": 119,
      "successful": 113,
      "failed": 6
    },
    {
      "hour": "2026-05-18 20:00:00",
      "total": 138,
      "successful": 129,
      "failed": 9
    },
    {
      "hour": "2026-05-18 21:00:00",
      "total": 132,
      "successful": 125,
      "failed": 7
    },
    {
      "hour": "2026-05-18 22:00:00",
      "total": 7,
      "successful": 6,
      "failed": 1
    }
  ],
  "top_failure_reasons": [
    {
      "reason": "This room rate is no longer available. Please select another room.",
      "count": 32,
      "adapters": "ATI"
    },
    {
      "reason": "Hotel.Express.Book: Booking failed due to CC failure",
      "count": 10,
      "adapters": "PRICELINE_HOTEL"
    },
    {
      "reason": "Provided card number is invalid.",
      "count": 8,
      "adapters": "EAN_RAPID"
    },
    {
      "reason": "Hotel.Express.Book: Requested room is not available",
      "count": 7,
      "adapters": "PRICELINE_HOTEL"
    },
    {
      "reason": "The payment could not be processed because of insufficient funds.",
      "count": 4,
      "adapters": "EAN_RAPID"
    },
    {
      "reason": "Pnr has not been created successfully, see remaining messages for detailsEnhancedhotelbookrq: unable to perform hotel booking step. see below messages for details.. updatereservationrq: $invalid cc checksum$ (code: 3009)",
      "count": 4,
      "adapters": "SABRE_HOTEL"
    },
    {
      "reason": "The payment could not be processed. The card holder should contact their issuing bank for more information.",
      "count": 3,
      "adapters": "EAN_RAPID"
    },
    {
      "reason": "One or more requested rooms are unavailable.",
      "count": 3,
      "adapters": "EAN_RAPID"
    },
    {
      "reason": "The credit card provided has been identified as potential fraud",
      "count": 3,
      "adapters": "BEDS_ONLINE"
    },
    {
      "reason": "Pnr has not been created successfully, see remaining messages for detailsEnhancedhotelbookrq: unable to perform hotel booking step. see below messages for details.. updatereservationrq: nghp.err.0450: hotelresservice unknown problem. (code: 4)",
      "count": 2,
      "adapters": "SABRE_HOTEL"
    }
  ]
}
Archived existing dashboard → index_20260518_180358.html
[2/4] Generating dashboard...
Dashboard saved to: /Users/jayaprasadkakkassery/myExperements/my-dashboard/index.html
Open in browser:    open /Users/jayaprasadkakkassery/myExperements/my-dashboard/index.html
[3/4] Pushing to GitHub Pages...
[gh-pages caf0c8d] Dashboard refresh (Last 24 hour(s) · All licensees & adapters) - 2026-05-18 18:03:58
 2 files changed, 619 insertions(+), 108 deletions(-)
 create mode 100644 index_20260518_180358.html
============================================
 TST Booking Dashboard - Refreshing...
 Range  : Last 24 hour(s)
 Filters: · All licensees & adapters
============================================
[1/4] Querying database (Last 24 hour(s) · All licensees & adapters)...
{
  "status": "ok",
  "generated_at": "2026-05-18 23:04:05 UTC",
  "interval_hours": 24,
  "filters": {
    "licensee_id": "all",
    "adapter_name": "all"
  },
  "summary": {
    "total": 1674,
    "successful": 1576,
    "failed": 98,
    "failure_pct": 5.85,
    "success_pct": 94.15,
    "cc_failed": 26,
    "cc_pct_of_failures": 26.53,
    "non_cc_failed": 72,
    "non_cc_failure_pct": 4.37
  },
  "by_adapter": [
    {
      "adapter": "SABRE_HOTEL",
      "total": 699,
      "successful": 687,
      "failed": 12,
      "failure_pct": 1.72
    },
    {
      "adapter": "EAN_RAPID",
      "total": 518,
      "successful": 496,
      "failed": 22,
      "failure_pct": 4.25
    },
    {
      "adapter": "PRICELINE_HOTEL",
      "total": 295,
      "successful": 275,
      "failed": 20,
      "failure_pct": 6.78
    },
    {
      "adapter": "ATI",
      "total": 77,
      "successful": 39,
      "failed": 38,
      "failure_pct": 49.35
    },
    {
      "adapter": "BEDS_ONLINE",
      "total": 62,
      "successful": 56,
      "failed": 6,
      "failure_pct": 9.68
    },
    {
      "adapter": "GWS",
      "total": 23,
      "successful": 23,
      "failed": 0,
      "failure_pct": 0.0
    }
  ],
  "by_licensee": [
    {
      "licensee_id": 72,
      "total": 280,
      "successful": 252,
      "failed": 28,
      "failure_pct": 10.0
    },
    {
      "licensee_id": 49,
      "total": 254,
      "successful": 237,
      "failed": 17,
      "failure_pct": 6.69
    },
    {
      "licensee_id": 1,
      "total": 221,
      "successful": 210,
      "failed": 11,
      "failure_pct": 4.98
    },
    {
      "licensee_id": 34,
      "total": 199,
      "successful": 191,
      "failed": 8,
      "failure_pct": 4.02
    },
    {
      "licensee_id": 40,
      "total": 155,
      "successful": 144,
      "failed": 11,
      "failure_pct": 7.1
    },
    {
      "licensee_id": 50,
      "total": 114,
      "successful": 112,
      "failed": 2,
      "failure_pct": 1.75
    },
    {
      "licensee_id": 3,
      "total": 74,
      "successful": 68,
      "failed": 6,
      "failure_pct": 8.11
    },
    {
      "licensee_id": 55,
      "total": 68,
      "successful": 63,
      "failed": 5,
      "failure_pct": 7.35
    },
    {
      "licensee_id": 57,
      "total": 67,
      "successful": 63,
      "failed": 4,
      "failure_pct": 5.97
    },
    {
      "licensee_id": 43,
      "total": 48,
      "successful": 45,
      "failed": 3,
      "failure_pct": 6.25
    }
  ],
  "hourly_trend": [
    {
      "hour": "2026-05-17 23:00:00",
      "total": 71,
      "successful": 69,
      "failed": 2
    },
    {
      "hour": "2026-05-18 00:00:00",
      "total": 107,
      "successful": 99,
      "failed": 8
    },
    {
      "hour": "2026-05-18 01:00:00",
      "total": 104,
      "successful": 99,
      "failed": 5
    },
    {
      "hour": "2026-05-18 02:00:00",
      "total": 81,
      "successful": 78,
      "failed": 3
    },
    {
      "hour": "2026-05-18 03:00:00",
      "total": 68,
      "successful": 61,
      "failed": 7
    },
    {
      "hour": "2026-05-18 04:00:00",
      "total": 46,
      "successful": 45,
      "failed": 1
    },
    {
      "hour": "2026-05-18 05:00:00",
      "total": 29,
      "successful": 26,
      "failed": 3
    },
    {
      "hour": "2026-05-18 06:00:00",
      "total": 10,
      "successful": 9,
      "failed": 1
    },
    {
      "hour": "2026-05-18 07:00:00",
      "total": 6,
      "successful": 6,
      "failed": 0
    },
    {
      "hour": "2026-05-18 08:00:00",
      "total": 12,
      "successful": 8,
      "failed": 4
    },
    {
      "hour": "2026-05-18 09:00:00",
      "total": 2,
      "successful": 2,
      "failed": 0
    },
    {
      "hour": "2026-05-18 10:00:00",
      "total": 4,
      "successful": 4,
      "failed": 0
    },
    {
      "hour": "2026-05-18 11:00:00",
      "total": 13,
      "successful": 12,
      "failed": 1
    },
    {
      "hour": "2026-05-18 12:00:00",
      "total": 33,
      "successful": 31,
      "failed": 2
    },
    {
      "hour": "2026-05-18 13:00:00",
      "total": 42,
      "successful": 40,
      "failed": 2
    },
    {
      "hour": "2026-05-18 14:00:00",
      "total": 82,
      "successful": 78,
      "failed": 4
    },
    {
      "hour": "2026-05-18 15:00:00",
      "total": 112,
      "successful": 111,
      "failed": 1
    },
    {
      "hour": "2026-05-18 16:00:00",
      "total": 116,
      "successful": 109,
      "failed": 7
    },
    {
      "hour": "2026-05-18 17:00:00",
      "total": 125,
      "successful": 119,
      "failed": 6
    },
    {
      "hour": "2026-05-18 18:00:00",
      "total": 122,
      "successful": 107,
      "failed": 15
    },
    {
      "hour": "2026-05-18 19:00:00",
      "total": 119,
      "successful": 113,
      "failed": 6
    },
    {
      "hour": "2026-05-18 20:00:00",
      "total": 138,
      "successful": 129,
      "failed": 9
    },
    {
      "hour": "2026-05-18 21:00:00",
      "total": 132,
      "successful": 125,
      "failed": 7
    },
    {
      "hour": "2026-05-18 22:00:00",
      "total": 94,
      "successful": 91,
      "failed": 3
    },
    {
      "hour": "2026-05-18 23:00:00",
      "total": 6,
      "successful": 5,
      "failed": 1
    }
  ],
  "top_failure_reasons": [
    {
      "reason": "This room rate is no longer available. Please select another room.",
      "count": 32,
      "adapters": "ATI"
    },
    {
      "reason": "Hotel.Express.Book: Booking failed due to CC failure",
      "count": 11,
      "adapters": "PRICELINE_HOTEL"
    },
    {
      "reason": "Provided card number is invalid.",
      "count": 8,
      "adapters": "EAN_RAPID"
    },
    {
      "reason": "Hotel.Express.Book: Requested room is not available",
      "count": 6,
      "adapters": "PRICELINE_HOTEL"
    },
    {
      "reason": "Pnr has not been created successfully, see remaining messages for detailsEnhancedhotelbookrq: unable to perform hotel booking step. see below messages for details.. updatereservationrq: $invalid cc checksum$ (code: 3009)",
      "count": 4,
      "adapters": "SABRE_HOTEL"
    },
    {
      "reason": "The payment could not be processed because of insufficient funds.",
      "count": 3,
      "adapters": "EAN_RAPID"
    },
    {
      "reason": "The credit card provided has been identified as potential fraud",
      "count": 3,
      "adapters": "BEDS_ONLINE"
    },
    {
      "reason": "The payment could not be processed. The card holder should contact their issuing bank for more information.",
      "count": 3,
      "adapters": "EAN_RAPID"
    },
    {
      "reason": "The payment could not be processed due to suspected fraud. The card holder should contact their issuing bank for more information.",
      "count": 2,
      "adapters": "EAN_RAPID"
    },
    {
      "reason": "Pnr has not been created successfully, see remaining messages for detailsEnhancedhotelbookrq: unable to perform hotel booking step. see below messages for details.. updatereservationrq: nghp.err.0450: hotelresservice unknown problem. (code: 4)",
      "count": 2,
      "adapters": "SABRE_HOTEL"
    }
  ]
}
Archived existing dashboard → index_20260518_190405.html
[2/4] Generating dashboard...
Dashboard saved to: /Users/jayaprasadkakkassery/myExperements/my-dashboard/index.html
Open in browser:    open /Users/jayaprasadkakkassery/myExperements/my-dashboard/index.html
[3/4] Pushing to GitHub Pages...
[gh-pages c98a2fa] Dashboard refresh (Last 24 hour(s) · All licensees & adapters) - 2026-05-18 19:04:05
 2 files changed, 620 insertions(+), 109 deletions(-)
 create mode 100644 index_20260518_190405.html
============================================
 TST Booking Dashboard - Refreshing...
 Range  : Last 24 hour(s)
 Filters: · All licensees & adapters
============================================
[1/4] Querying database (Last 24 hour(s) · All licensees & adapters)...
{
  "status": "ok",
  "generated_at": "2026-05-19 00:04:11 UTC",
  "interval_hours": 24,
  "filters": {
    "licensee_id": "all",
    "adapter_name": "all"
  },
  "summary": {
    "total": 1701,
    "successful": 1599,
    "failed": 102,
    "failure_pct": 6.0,
    "success_pct": 94.0,
    "cc_failed": 25,
    "cc_pct_of_failures": 24.51,
    "non_cc_failed": 77,
    "non_cc_failure_pct": 4.59
  },
  "by_adapter": [
    {
      "adapter": "SABRE_HOTEL",
      "total": 714,
      "successful": 701,
      "failed": 13,
      "failure_pct": 1.82
    },
    {
      "adapter": "EAN_RAPID",
      "total": 527,
      "successful": 505,
      "failed": 22,
      "failure_pct": 4.17
    },
    {
      "adapter": "PRICELINE_HOTEL",
      "total": 295,
      "successful": 273,
      "failed": 22,
      "failure_pct": 7.46
    },
    {
      "adapter": "ATI",
      "total": 76,
      "successful": 37,
      "failed": 39,
      "failure_pct": 51.32
    },
    {
      "adapter": "BEDS_ONLINE",
      "total": 66,
      "successful": 60,
      "failed": 6,
      "failure_pct": 9.09
    },
    {
      "adapter": "GWS",
      "total": 23,
      "successful": 23,
      "failed": 0,
      "failure_pct": 0.0
    }
  ],
  "by_licensee": [
    {
      "licensee_id": 72,
      "total": 284,
      "successful": 255,
      "failed": 29,
      "failure_pct": 10.21
    },
    {
      "licensee_id": 49,
      "total": 262,
      "successful": 246,
      "failed": 16,
      "failure_pct": 6.11
    },
    {
      "licensee_id": 1,
      "total": 230,
      "successful": 218,
      "failed": 12,
      "failure_pct": 5.22
    },
    {
      "licensee_id": 34,
      "total": 200,
      "successful": 191,
      "failed": 9,
      "failure_pct": 4.5
    },
    {
      "licensee_id": 40,
      "total": 157,
      "successful": 145,
      "failed": 12,
      "failure_pct": 7.64
    },
    {
      "licensee_id": 50,
      "total": 116,
      "successful": 114,
      "failed": 2,
      "failure_pct": 1.72
    },
    {
      "licensee_id": 3,
      "total": 70,
      "successful": 64,
      "failed": 6,
      "failure_pct": 8.57
    },
    {
      "licensee_id": 55,
      "total": 70,
      "successful": 64,
      "failed": 6,
      "failure_pct": 8.57
    },
    {
      "licensee_id": 57,
      "total": 64,
      "successful": 60,
      "failed": 4,
      "failure_pct": 6.25
    },
    {
      "licensee_id": 43,
      "total": 51,
      "successful": 48,
      "failed": 3,
      "failure_pct": 5.88
    }
  ],
  "hourly_trend": [
    {
      "hour": "2026-05-18 00:00:00",
      "total": 102,
      "successful": 94,
      "failed": 8
    },
    {
      "hour": "2026-05-18 01:00:00",
      "total": 104,
      "successful": 99,
      "failed": 5
    },
    {
      "hour": "2026-05-18 02:00:00",
      "total": 81,
      "successful": 78,
      "failed": 3
    },
    {
      "hour": "2026-05-18 03:00:00",
      "total": 68,
      "successful": 61,
      "failed": 7
    },
    {
      "hour": "2026-05-18 04:00:00",
      "total": 46,
      "successful": 45,
      "failed": 1
    },
    {
      "hour": "2026-05-18 05:00:00",
      "total": 29,
      "successful": 26,
      "failed": 3
    },
    {
      "hour": "2026-05-18 06:00:00",
      "total": 10,
      "successful": 9,
      "failed": 1
    },
    {
      "hour": "2026-05-18 07:00:00",
      "total": 6,
      "successful": 6,
      "failed": 0
    },
    {
      "hour": "2026-05-18 08:00:00",
      "total": 12,
      "successful": 8,
      "failed": 4
    },
    {
      "hour": "2026-05-18 09:00:00",
      "total": 2,
      "successful": 2,
      "failed": 0
    },
    {
      "hour": "2026-05-18 10:00:00",
      "total": 4,
      "successful": 4,
      "failed": 0
    },
    {
      "hour": "2026-05-18 11:00:00",
      "total": 13,
      "successful": 12,
      "failed": 1
    },
    {
      "hour": "2026-05-18 12:00:00",
      "total": 33,
      "successful": 31,
      "failed": 2
    },
    {
      "hour": "2026-05-18 13:00:00",
      "total": 42,
      "successful": 40,
      "failed": 2
    },
    {
      "hour": "2026-05-18 14:00:00",
      "total": 82,
      "successful": 78,
      "failed": 4
    },
    {
      "hour": "2026-05-18 15:00:00",
      "total": 112,
      "successful": 111,
      "failed": 1
    },
    {
      "hour": "2026-05-18 16:00:00",
      "total": 116,
      "successful": 109,
      "failed": 7
    },
    {
      "hour": "2026-05-18 17:00:00",
      "total": 125,
      "successful": 119,
      "failed": 6
    },
    {
      "hour": "2026-05-18 18:00:00",
      "total": 122,
      "successful": 107,
      "failed": 15
    },
    {
      "hour": "2026-05-18 19:00:00",
      "total": 119,
      "successful": 113,
      "failed": 6
    },
    {
      "hour": "2026-05-18 20:00:00",
      "total": 138,
      "successful": 129,
      "failed": 9
    },
    {
      "hour": "2026-05-18 21:00:00",
      "total": 132,
      "successful": 125,
      "failed": 7
    },
    {
      "hour": "2026-05-18 22:00:00",
      "total": 94,
      "successful": 91,
      "failed": 3
    },
    {
      "hour": "2026-05-18 23:00:00",
      "total": 105,
      "successful": 98,
      "failed": 7
    },
    {
      "hour": "2026-05-19 00:00:00",
      "total": 4,
      "successful": 4,
      "failed": 0
    }
  ],
  "top_failure_reasons": [
    {
      "reason": "This room rate is no longer available. Please select another room.",
      "count": 33,
      "adapters": "ATI"
    },
    {
      "reason": "Hotel.Express.Book: Booking failed due to CC failure",
      "count": 12,
      "adapters": "PRICELINE_HOTEL"
    },
    {
      "reason": "Provided card number is invalid.",
      "count": 8,
      "adapters": "EAN_RAPID"
    },
    {
      "reason": "Hotel.Express.Book: Requested room is not available",
      "count": 7,
      "adapters": "PRICELINE_HOTEL"
    },
    {
      "reason": "Pnr has not been created successfully, see remaining messages for detailsEnhancedhotelbookrq: unable to perform hotel booking step. see below messages for details.. updatereservationrq: $invalid cc checksum$ (code: 3009)",
      "count": 4,
      "adapters": "SABRE_HOTEL"
    },
    {
      "reason": "The payment could not be processed because of insufficient funds.",
      "count": 3,
      "adapters": "EAN_RAPID"
    },
    {
      "reason": "The credit card provided has been identified as potential fraud",
      "count": 3,
      "adapters": "BEDS_ONLINE"
    },
    {
      "reason": "The payment could not be processed. The card holder should contact their issuing bank for more information.",
      "count": 3,
      "adapters": "EAN_RAPID"
    },
    {
      "reason": "Hotel.Express.Contract: Rates not found",
      "count": 2,
      "adapters": "PRICELINE_HOTEL"
    },
    {
      "reason": "Pnr has not been created successfully, see remaining messages for detailsEnhancedhotelbookrq: unable to perform hotel booking step. see below messages for details.. updatereservationrq: nghp.err.0450: hotelresservice unknown problem. (code: 4)",
      "count": 2,
      "adapters": "SABRE_HOTEL"
    }
  ]
}
Archived existing dashboard → index_20260518_200411.html
[2/4] Generating dashboard...
Dashboard saved to: /Users/jayaprasadkakkassery/myExperements/my-dashboard/index.html
Open in browser:    open /Users/jayaprasadkakkassery/myExperements/my-dashboard/index.html
[3/4] Pushing to GitHub Pages...
[gh-pages b0a4e80] Dashboard refresh (Last 24 hour(s) · All licensees & adapters) - 2026-05-18 20:04:12
 2 files changed, 608 insertions(+), 97 deletions(-)
 create mode 100644 index_20260518_200411.html
============================================
 TST Booking Dashboard - Refreshing...
 Range  : Last 24 hour(s)
 Filters: · All licensees & adapters
============================================
[1/4] Querying database (Last 24 hour(s) · All licensees & adapters)...
{
  "status": "ok",
  "generated_at": "2026-05-19 01:04:18 UTC",
  "interval_hours": 24,
  "filters": {
    "licensee_id": "all",
    "adapter_name": "all"
  },
  "summary": {
    "total": 1682,
    "successful": 1584,
    "failed": 98,
    "failure_pct": 5.83,
    "success_pct": 94.17,
    "cc_failed": 24,
    "cc_pct_of_failures": 24.49,
    "non_cc_failed": 74,
    "non_cc_failure_pct": 4.46
  },
  "by_adapter": [
    {
      "adapter": "SABRE_HOTEL",
      "total": 705,
      "successful": 692,
      "failed": 13,
      "failure_pct": 1.84
    },
    {
      "adapter": "EAN_RAPID",
      "total": 532,
      "successful": 510,
      "failed": 22,
      "failure_pct": 4.14
    },
    {
      "adapter": "PRICELINE_HOTEL",
      "total": 285,
      "successful": 264,
      "failed": 21,
      "failure_pct": 7.37
    },
    {
      "adapter": "ATI",
      "total": 74,
      "successful": 37,
      "failed": 37,
      "failure_pct": 50.0
    },
    {
      "adapter": "BEDS_ONLINE",
      "total": 63,
      "successful": 58,
      "failed": 5,
      "failure_pct": 7.94
    },
    {
      "adapter": "GWS",
      "total": 23,
      "successful": 23,
      "failed": 0,
      "failure_pct": 0.0
    }
  ],
  "by_licensee": [
    {
      "licensee_id": 72,
      "total": 285,
      "successful": 257,
      "failed": 28,
      "failure_pct": 9.82
    },
    {
      "licensee_id": 49,
      "total": 267,
      "successful": 249,
      "failed": 18,
      "failure_pct": 6.74
    },
    {
      "licensee_id": 1,
      "total": 232,
      "successful": 220,
      "failed": 12,
      "failure_pct": 5.17
    },
    {
      "licensee_id": 34,
      "total": 199,
      "successful": 193,
      "failed": 6,
      "failure_pct": 3.02
    },
    {
      "licensee_id": 40,
      "total": 142,
      "successful": 132,
      "failed": 10,
      "failure_pct": 7.04
    },
    {
      "licensee_id": 50,
      "total": 117,
      "successful": 115,
      "failed": 2,
      "failure_pct": 1.71
    },
    {
      "licensee_id": 55,
      "total": 67,
      "successful": 61,
      "failed": 6,
      "failure_pct": 8.96
    },
    {
      "licensee_id": 3,
      "total": 66,
      "successful": 61,
      "failed": 5,
      "failure_pct": 7.58
    },
    {
      "licensee_id": 57,
      "total": 64,
      "successful": 60,
      "failed": 4,
      "failure_pct": 6.25
    },
    {
      "licensee_id": 43,
      "total": 55,
      "successful": 52,
      "failed": 3,
      "failure_pct": 5.45
    }
  ],
  "hourly_trend": [
    {
      "hour": "2026-05-18 01:00:00",
      "total": 96,
      "successful": 91,
      "failed": 5
    },
    {
      "hour": "2026-05-18 02:00:00",
      "total": 81,
      "successful": 78,
      "failed": 3
    },
    {
      "hour": "2026-05-18 03:00:00",
      "total": 68,
      "successful": 61,
      "failed": 7
    },
    {
      "hour": "2026-05-18 04:00:00",
      "total": 46,
      "successful": 45,
      "failed": 1
    },
    {
      "hour": "2026-05-18 05:00:00",
      "total": 29,
      "successful": 26,
      "failed": 3
    },
    {
      "hour": "2026-05-18 06:00:00",
      "total": 10,
      "successful": 9,
      "failed": 1
    },
    {
      "hour": "2026-05-18 07:00:00",
      "total": 6,
      "successful": 6,
      "failed": 0
    },
    {
      "hour": "2026-05-18 08:00:00",
      "total": 12,
      "successful": 8,
      "failed": 4
    },
    {
      "hour": "2026-05-18 09:00:00",
      "total": 2,
      "successful": 2,
      "failed": 0
    },
    {
      "hour": "2026-05-18 10:00:00",
      "total": 4,
      "successful": 4,
      "failed": 0
    },
    {
      "hour": "2026-05-18 11:00:00",
      "total": 13,
      "successful": 12,
      "failed": 1
    },
    {
      "hour": "2026-05-18 12:00:00",
      "total": 33,
      "successful": 31,
      "failed": 2
    },
    {
      "hour": "2026-05-18 13:00:00",
      "total": 42,
      "successful": 40,
      "failed": 2
    },
    {
      "hour": "2026-05-18 14:00:00",
      "total": 82,
      "successful": 78,
      "failed": 4
    },
    {
      "hour": "2026-05-18 15:00:00",
      "total": 112,
      "successful": 111,
      "failed": 1
    },
    {
      "hour": "2026-05-18 16:00:00",
      "total": 116,
      "successful": 109,
      "failed": 7
    },
    {
      "hour": "2026-05-18 17:00:00",
      "total": 125,
      "successful": 119,
      "failed": 6
    },
    {
      "hour": "2026-05-18 18:00:00",
      "total": 122,
      "successful": 107,
      "failed": 15
    },
    {
      "hour": "2026-05-18 19:00:00",
      "total": 119,
      "successful": 113,
      "failed": 6
    },
    {
      "hour": "2026-05-18 20:00:00",
      "total": 138,
      "successful": 129,
      "failed": 9
    },
    {
      "hour": "2026-05-18 21:00:00",
      "total": 132,
      "successful": 125,
      "failed": 7
    },
    {
      "hour": "2026-05-18 22:00:00",
      "total": 94,
      "successful": 91,
      "failed": 3
    },
    {
      "hour": "2026-05-18 23:00:00",
      "total": 105,
      "successful": 98,
      "failed": 7
    },
    {
      "hour": "2026-05-19 00:00:00",
      "total": 80,
      "successful": 77,
      "failed": 3
    },
    {
      "hour": "2026-05-19 01:00:00",
      "total": 15,
      "successful": 14,
      "failed": 1
    }
  ],
  "top_failure_reasons": [
    {
      "reason": "This room rate is no longer available. Please select another room.",
      "count": 31,
      "adapters": "ATI"
    },
    {
      "reason": "Hotel.Express.Book: Booking failed due to CC failure",
      "count": 11,
      "adapters": "PRICELINE_HOTEL"
    },
    {
      "reason": "Provided card number is invalid.",
      "count": 8,
      "adapters": "EAN_RAPID"
    },
    {
      "reason": "Hotel.Express.Book: Requested room is not available",
      "count": 7,
      "adapters": "PRICELINE_HOTEL"
    },
    {
      "reason": "The payment could not be processed. The card holder should contact their issuing bank for more information.",
      "count": 3,
      "adapters": "EAN_RAPID"
    },
    {
      "reason": "The payment could not be processed because of insufficient funds.",
      "count": 3,
      "adapters": "EAN_RAPID"
    },
    {
      "reason": "The credit card provided has been identified as potential fraud",
      "count": 3,
      "adapters": "BEDS_ONLINE"
    },
    {
      "reason": "Pnr has not been created successfully, see remaining messages for detailsEnhancedhotelbookrq: hotel booking segment status is unconfirmed. please retry the transaction.. updatereservationrq: requested rate not available (code: warn.0450)",
      "count": 2,
      "adapters": "SABRE_HOTEL"
    },
    {
      "reason": "Pnr has not been created successfully, see remaining messages for detailsEnhancedhotelbookrq: unable to perform hotel booking step. see below messages for details.. updatereservationrq: nghp.err.0450: hotelresservice unknown problem. (code: 4)",
      "count": 2,
      "adapters": "SABRE_HOTEL"
    },
    {
      "reason": "Pnr has not been created successfully, see remaining messages for detailsEnhancedhotelbookrq: unable to perform hotel booking step. see below messages for details.. updatereservationrq: $invalid cc checksum$ (code: 3009)",
      "count": 2,
      "adapters": "SABRE_HOTEL"
    }
  ]
}
Archived existing dashboard → index_20260518_210418.html
[2/4] Generating dashboard...
Dashboard saved to: /Users/jayaprasadkakkassery/myExperements/my-dashboard/index.html
Open in browser:    open /Users/jayaprasadkakkassery/myExperements/my-dashboard/index.html
[3/4] Pushing to GitHub Pages...
[gh-pages d4ec553] Dashboard refresh (Last 24 hour(s) · All licensees & adapters) - 2026-05-18 21:04:18
 2 files changed, 612 insertions(+), 101 deletions(-)
 create mode 100644 index_20260518_210418.html
============================================
 TST Booking Dashboard - Refreshing...
 Range  : Last 24 hour(s)
 Filters: · All licensees & adapters
============================================
[1/4] Querying database (Last 24 hour(s) · All licensees & adapters)...
{
  "status": "ok",
  "generated_at": "2026-05-19 02:04:32 UTC",
  "interval_hours": 24,
  "filters": {
    "licensee_id": "all",
    "adapter_name": "all"
  },
  "summary": {
    "total": 1656,
    "successful": 1556,
    "failed": 100,
    "failure_pct": 6.04,
    "success_pct": 93.96,
    "cc_failed": 24,
    "cc_pct_of_failures": 24.0,
    "non_cc_failed": 76,
    "non_cc_failure_pct": 4.66
  },
  "by_adapter": [
    {
      "adapter": "SABRE_HOTEL",
      "total": 696,
      "successful": 682,
      "failed": 14,
      "failure_pct": 2.01
    },
    {
      "adapter": "EAN_RAPID",
      "total": 522,
      "successful": 499,
      "failed": 23,
      "failure_pct": 4.41
    },
    {
      "adapter": "PRICELINE_HOTEL",
      "total": 286,
      "successful": 266,
      "failed": 20,
      "failure_pct": 6.99
    },
    {
      "adapter": "ATI",
      "total": 71,
      "successful": 33,
      "failed": 38,
      "failure_pct": 53.52
    },
    {
      "adapter": "BEDS_ONLINE",
      "total": 58,
      "successful": 53,
      "failed": 5,
      "failure_pct": 8.62
    },
    {
      "adapter": "GWS",
      "total": 23,
      "successful": 23,
      "failed": 0,
      "failure_pct": 0.0
    }
  ],
  "by_licensee": [
    {
      "licensee_id": 72,
      "total": 277,
      "successful": 250,
      "failed": 27,
      "failure_pct": 9.75
    },
    {
      "licensee_id": 49,
      "total": 271,
      "successful": 252,
      "failed": 19,
      "failure_pct": 7.01
    },
    {
      "licensee_id": 1,
      "total": 226,
      "successful": 214,
      "failed": 12,
      "failure_pct": 5.31
    },
    {
      "licensee_id": 34,
      "total": 197,
      "successful": 189,
      "failed": 8,
      "failure_pct": 4.06
    },
    {
      "licensee_id": 40,
      "total": 142,
      "successful": 133,
      "failed": 9,
      "failure_pct": 6.34
    },
    {
      "licensee_id": 50,
      "total": 111,
      "successful": 110,
      "failed": 1,
      "failure_pct": 0.9
    },
    {
      "licensee_id": 55,
      "total": 65,
      "successful": 59,
      "failed": 6,
      "failure_pct": 9.23
    },
    {
      "licensee_id": 3,
      "total": 64,
      "successful": 59,
      "failed": 5,
      "failure_pct": 7.81
    },
    {
      "licensee_id": 57,
      "total": 61,
      "successful": 57,
      "failed": 4,
      "failure_pct": 6.56
    },
    {
      "licensee_id": 43,
      "total": 59,
      "successful": 56,
      "failed": 3,
      "failure_pct": 5.08
    }
  ],
  "hourly_trend": [
    {
      "hour": "2026-05-18 02:00:00",
      "total": 76,
      "successful": 73,
      "failed": 3
    },
    {
      "hour": "2026-05-18 03:00:00",
      "total": 68,
      "successful": 61,
      "failed": 7
    },
    {
      "hour": "2026-05-18 04:00:00",
      "total": 46,
      "successful": 45,
      "failed": 1
    },
    {
      "hour": "2026-05-18 05:00:00",
      "total": 29,
      "successful": 26,
      "failed": 3
    },
    {
      "hour": "2026-05-18 06:00:00",
      "total": 10,
      "successful": 9,
      "failed": 1
    },
    {
      "hour": "2026-05-18 07:00:00",
      "total": 6,
      "successful": 6,
      "failed": 0
    },
    {
      "hour": "2026-05-18 08:00:00",
      "total": 12,
      "successful": 8,
      "failed": 4
    },
    {
      "hour": "2026-05-18 09:00:00",
      "total": 2,
      "successful": 2,
      "failed": 0
    },
    {
      "hour": "2026-05-18 10:00:00",
      "total": 4,
      "successful": 4,
      "failed": 0
    },
    {
      "hour": "2026-05-18 11:00:00",
      "total": 13,
      "successful": 12,
      "failed": 1
    },
    {
      "hour": "2026-05-18 12:00:00",
      "total": 33,
      "successful": 31,
      "failed": 2
    },
    {
      "hour": "2026-05-18 13:00:00",
      "total": 42,
      "successful": 40,
      "failed": 2
    },
    {
      "hour": "2026-05-18 14:00:00",
      "total": 82,
      "successful": 78,
      "failed": 4
    },
    {
      "hour": "2026-05-18 15:00:00",
      "total": 112,
      "successful": 111,
      "failed": 1
    },
    {
      "hour": "2026-05-18 16:00:00",
      "total": 116,
      "successful": 109,
      "failed": 7
    },
    {
      "hour": "2026-05-18 17:00:00",
      "total": 125,
      "successful": 119,
      "failed": 6
    },
    {
      "hour": "2026-05-18 18:00:00",
      "total": 122,
      "successful": 107,
      "failed": 15
    },
    {
      "hour": "2026-05-18 19:00:00",
      "total": 119,
      "successful": 113,
      "failed": 6
    },
    {
      "hour": "2026-05-18 20:00:00",
      "total": 138,
      "successful": 129,
      "failed": 9
    },
    {
      "hour": "2026-05-18 21:00:00",
      "total": 132,
      "successful": 125,
      "failed": 7
    },
    {
      "hour": "2026-05-18 22:00:00",
      "total": 94,
      "successful": 91,
      "failed": 3
    },
    {
      "hour": "2026-05-18 23:00:00",
      "total": 105,
      "successful": 98,
      "failed": 7
    },
    {
      "hour": "2026-05-19 00:00:00",
      "total": 80,
      "successful": 77,
      "failed": 3
    },
    {
      "hour": "2026-05-19 01:00:00",
      "total": 81,
      "successful": 73,
      "failed": 8
    },
    {
      "hour": "2026-05-19 02:00:00",
      "total": 9,
      "successful": 9,
      "failed": 0
    }
  ],
  "top_failure_reasons": [
    {
      "reason": "This room rate is no longer available. Please select another room.",
      "count": 32,
      "adapters": "ATI"
    },
    {
      "reason": "Hotel.Express.Book: Booking failed due to CC failure",
      "count": 10,
      "adapters": "PRICELINE_HOTEL"
    },
    {
      "reason": "Provided card number is invalid.",
      "count": 8,
      "adapters": "EAN_RAPID"
    },
    {
      "reason": "Hotel.Express.Book: Requested room is not available",
      "count": 8,
      "adapters": "PRICELINE_HOTEL"
    },
    {
      "reason": "The payment could not be processed because of insufficient funds.",
      "count": 3,
      "adapters": "EAN_RAPID"
    },
    {
      "reason": "Pnr has not been created successfully, see remaining messages for detailsEnhancedhotelbookrq: unable to perform hotel booking step. see below messages for details.. updatereservationrq: $invalid cc checksum$ (code: 3009)",
      "count": 3,
      "adapters": "SABRE_HOTEL"
    },
    {
      "reason": "The credit card provided has been identified as potential fraud",
      "count": 3,
      "adapters": "BEDS_ONLINE"
    },
    {
      "reason": "The payment could not be processed. The card holder should contact their issuing bank for more information.",
      "count": 3,
      "adapters": "EAN_RAPID"
    },
    {
      "reason": "Pnr has not been created successfully, see remaining messages for detailsEnhancedhotelbookrq: hotel booking segment status is unconfirmed. please retry the transaction.. updatereservationrq: requested rate not available (code: warn.0450)",
      "count": 2,
      "adapters": "SABRE_HOTEL"
    },
    {
      "reason": "Email address is invalid.",
      "count": 2,
      "adapters": "EAN_RAPID"
    }
  ]
}
Archived existing dashboard → index_20260518_220433.html
[2/4] Generating dashboard...
Dashboard saved to: /Users/jayaprasadkakkassery/myExperements/my-dashboard/index.html
Open in browser:    open /Users/jayaprasadkakkassery/myExperements/my-dashboard/index.html
[3/4] Pushing to GitHub Pages...
[gh-pages 80f285e] Dashboard refresh (Last 24 hour(s) · All licensees & adapters) - 2026-05-18 22:04:33
 2 files changed, 615 insertions(+), 104 deletions(-)
 create mode 100644 index_20260518_220433.html
============================================
 TST Booking Dashboard - Refreshing...
 Range  : Last 24 hour(s)
 Filters: · All licensees & adapters
============================================
[1/4] Querying database (Last 24 hour(s) · All licensees & adapters)...
{
  "status": "ok",
  "generated_at": "2026-05-19 03:04:40 UTC",
  "interval_hours": 24,
  "filters": {
    "licensee_id": "all",
    "adapter_name": "all"
  },
  "summary": {
    "total": 1657,
    "successful": 1552,
    "failed": 105,
    "failure_pct": 6.34,
    "success_pct": 93.66,
    "cc_failed": 27,
    "cc_pct_of_failures": 25.71,
    "non_cc_failed": 78,
    "non_cc_failure_pct": 4.79
  },
  "by_adapter": [
    {
      "adapter": "SABRE_HOTEL",
      "total": 694,
      "successful": 679,
      "failed": 15,
      "failure_pct": 2.16
    },
    {
      "adapter": "EAN_RAPID",
      "total": 522,
      "successful": 496,
      "failed": 26,
      "failure_pct": 4.98
    },
    {
      "adapter": "PRICELINE_HOTEL",
      "total": 293,
      "successful": 274,
      "failed": 19,
      "failure_pct": 6.48
    },
    {
      "adapter": "ATI",
      "total": 71,
      "successful": 31,
      "failed": 40,
      "failure_pct": 56.34
    },
    {
      "adapter": "BEDS_ONLINE",
      "total": 54,
      "successful": 49,
      "failed": 5,
      "failure_pct": 9.26
    },
    {
      "adapter": "GWS",
      "total": 23,
      "successful": 23,
      "failed": 0,
      "failure_pct": 0.0
    }
  ],
  "by_licensee": [
    {
      "licensee_id": 72,
      "total": 284,
      "successful": 255,
      "failed": 29,
      "failure_pct": 10.21
    },
    {
      "licensee_id": 49,
      "total": 265,
      "successful": 247,
      "failed": 18,
      "failure_pct": 6.79
    },
    {
      "licensee_id": 1,
      "total": 227,
      "successful": 215,
      "failed": 12,
      "failure_pct": 5.29
    },
    {
      "licensee_id": 34,
      "total": 195,
      "successful": 185,
      "failed": 10,
      "failure_pct": 5.13
    },
    {
      "licensee_id": 40,
      "total": 145,
      "successful": 135,
      "failed": 10,
      "failure_pct": 6.9
    },
    {
      "licensee_id": 50,
      "total": 114,
      "successful": 113,
      "failed": 1,
      "failure_pct": 0.88
    },
    {
      "licensee_id": 55,
      "total": 63,
      "successful": 57,
      "failed": 6,
      "failure_pct": 9.52
    },
    {
      "licensee_id": 57,
      "total": 61,
      "successful": 58,
      "failed": 3,
      "failure_pct": 4.92
    },
    {
      "licensee_id": 43,
      "total": 60,
      "successful": 56,
      "failed": 4,
      "failure_pct": 6.67
    },
    {
      "licensee_id": 3,
      "total": 57,
      "successful": 52,
      "failed": 5,
      "failure_pct": 8.77
    }
  ],
  "hourly_trend": [
    {
      "hour": "2026-05-18 03:00:00",
      "total": 63,
      "successful": 56,
      "failed": 7
    },
    {
      "hour": "2026-05-18 04:00:00",
      "total": 46,
      "successful": 45,
      "failed": 1
    },
    {
      "hour": "2026-05-18 05:00:00",
      "total": 29,
      "successful": 26,
      "failed": 3
    },
    {
      "hour": "2026-05-18 06:00:00",
      "total": 10,
      "successful": 9,
      "failed": 1
    },
    {
      "hour": "2026-05-18 07:00:00",
      "total": 6,
      "successful": 6,
      "failed": 0
    },
    {
      "hour": "2026-05-18 08:00:00",
      "total": 12,
      "successful": 8,
      "failed": 4
    },
    {
      "hour": "2026-05-18 09:00:00",
      "total": 2,
      "successful": 2,
      "failed": 0
    },
    {
      "hour": "2026-05-18 10:00:00",
      "total": 4,
      "successful": 4,
      "failed": 0
    },
    {
      "hour": "2026-05-18 11:00:00",
      "total": 13,
      "successful": 12,
      "failed": 1
    },
    {
      "hour": "2026-05-18 12:00:00",
      "total": 33,
      "successful": 31,
      "failed": 2
    },
    {
      "hour": "2026-05-18 13:00:00",
      "total": 42,
      "successful": 40,
      "failed": 2
    },
    {
      "hour": "2026-05-18 14:00:00",
      "total": 82,
      "successful": 78,
      "failed": 4
    },
    {
      "hour": "2026-05-18 15:00:00",
      "total": 112,
      "successful": 111,
      "failed": 1
    },
    {
      "hour": "2026-05-18 16:00:00",
      "total": 116,
      "successful": 109,
      "failed": 7
    },
    {
      "hour": "2026-05-18 17:00:00",
      "total": 125,
      "successful": 119,
      "failed": 6
    },
    {
      "hour": "2026-05-18 18:00:00",
      "total": 122,
      "successful": 107,
      "failed": 15
    },
    {
      "hour": "2026-05-18 19:00:00",
      "total": 119,
      "successful": 113,
      "failed": 6
    },
    {
      "hour": "2026-05-18 20:00:00",
      "total": 138,
      "successful": 129,
      "failed": 9
    },
    {
      "hour": "2026-05-18 21:00:00",
      "total": 132,
      "successful": 125,
      "failed": 7
    },
    {
      "hour": "2026-05-18 22:00:00",
      "total": 94,
      "successful": 91,
      "failed": 3
    },
    {
      "hour": "2026-05-18 23:00:00",
      "total": 105,
      "successful": 98,
      "failed": 7
    },
    {
      "hour": "2026-05-19 00:00:00",
      "total": 80,
      "successful": 77,
      "failed": 3
    },
    {
      "hour": "2026-05-19 01:00:00",
      "total": 80,
      "successful": 73,
      "failed": 7
    },
    {
      "hour": "2026-05-19 02:00:00",
      "total": 85,
      "successful": 76,
      "failed": 9
    },
    {
      "hour": "2026-05-19 03:00:00",
      "total": 7,
      "successful": 7,
      "failed": 0
    }
  ],
  "top_failure_reasons": [
    {
      "reason": "This room rate is no longer available. Please select another room.",
      "count": 34,
      "adapters": "ATI"
    },
    {
      "reason": "Provided card number is invalid.",
      "count": 11,
      "adapters": "EAN_RAPID"
    },
    {
      "reason": "Hotel.Express.Book: Booking failed due to CC failure",
      "count": 10,
      "adapters": "PRICELINE_HOTEL"
    },
    {
      "reason": "Hotel.Express.Book: Requested room is not available",
      "count": 7,
      "adapters": "PRICELINE_HOTEL"
    },
    {
      "reason": "Pnr has not been created successfully, see remaining messages for detailsEnhancedhotelbookrq: unable to perform hotel booking step. see below messages for details.. updatereservationrq: $invalid cc checksum$ (code: 3009)",
      "count": 4,
      "adapters": "SABRE_HOTEL"
    },
    {
      "reason": "The payment could not be processed because of insufficient funds.",
      "count": 3,
      "adapters": "EAN_RAPID"
    },
    {
      "reason": "The credit card provided has been identified as potential fraud",
      "count": 3,
      "adapters": "BEDS_ONLINE"
    },
    {
      "reason": "The payment could not be processed. The card holder should contact their issuing bank for more information.",
      "count": 3,
      "adapters": "EAN_RAPID"
    },
    {
      "reason": "Pnr has not been created successfully, see remaining messages for detailsEnhancedhotelbookrq: hotel booking segment status is unconfirmed. please retry the transaction.. updatereservationrq: requested rate not available (code: warn.0450)",
      "count": 2,
      "adapters": "SABRE_HOTEL"
    },
    {
      "reason": "Email address is invalid.",
      "count": 2,
      "adapters": "EAN_RAPID"
    }
  ]
}
Archived existing dashboard → index_20260518_230441.html
[2/4] Generating dashboard...
Dashboard saved to: /Users/jayaprasadkakkassery/myExperements/my-dashboard/index.html
Open in browser:    open /Users/jayaprasadkakkassery/myExperements/my-dashboard/index.html
[3/4] Pushing to GitHub Pages...
[gh-pages 2d53c72] Dashboard refresh (Last 24 hour(s) · All licensees & adapters) - 2026-05-18 23:04:41
 2 files changed, 622 insertions(+), 111 deletions(-)
 create mode 100644 index_20260518_230441.html
============================================
 TST Booking Dashboard - Refreshing...
 Range  : Last 24 hour(s)
 Filters: · All licensees & adapters
============================================
[1/4] Querying database (Last 24 hour(s) · All licensees & adapters)...
{
  "status": "ok",
  "generated_at": "2026-05-19 04:04:47 UTC",
  "interval_hours": 24,
  "filters": {
    "licensee_id": "all",
    "adapter_name": "all"
  },
  "summary": {
    "total": 1644,
    "successful": 1545,
    "failed": 99,
    "failure_pct": 6.02,
    "success_pct": 93.98,
    "cc_failed": 25,
    "cc_pct_of_failures": 25.25,
    "non_cc_failed": 74,
    "non_cc_failure_pct": 4.57
  },
  "by_adapter": [
    {
      "adapter": "SABRE_HOTEL",
      "total": 688,
      "successful": 673,
      "failed": 15,
      "failure_pct": 2.18
    },
    {
      "adapter": "EAN_RAPID",
      "total": 522,
      "successful": 501,
      "failed": 21,
      "failure_pct": 4.02
    },
    {
      "adapter": "PRICELINE_HOTEL",
      "total": 290,
      "successful": 271,
      "failed": 19,
      "failure_pct": 6.55
    },
    {
      "adapter": "ATI",
      "total": 68,
      "successful": 29,
      "failed": 39,
      "failure_pct": 57.35
    },
    {
      "adapter": "BEDS_ONLINE",
      "total": 53,
      "successful": 48,
      "failed": 5,
      "failure_pct": 9.43
    },
    {
      "adapter": "GWS",
      "total": 23,
      "successful": 23,
      "failed": 0,
      "failure_pct": 0.0
    }
  ],
  "by_licensee": [
    {
      "licensee_id": 72,
      "total": 284,
      "successful": 256,
      "failed": 28,
      "failure_pct": 9.86
    },
    {
      "licensee_id": 49,
      "total": 257,
      "successful": 242,
      "failed": 15,
      "failure_pct": 5.84
    },
    {
      "licensee_id": 1,
      "total": 225,
      "successful": 213,
      "failed": 12,
      "failure_pct": 5.33
    },
    {
      "licensee_id": 34,
      "total": 200,
      "successful": 190,
      "failed": 10,
      "failure_pct": 5.0
    },
    {
      "licensee_id": 40,
      "total": 144,
      "successful": 133,
      "failed": 11,
      "failure_pct": 7.64
    },
    {
      "licensee_id": 50,
      "total": 107,
      "successful": 106,
      "failed": 1,
      "failure_pct": 0.93
    },
    {
      "licensee_id": 55,
      "total": 62,
      "successful": 57,
      "failed": 5,
      "failure_pct": 8.06
    },
    {
      "licensee_id": 57,
      "total": 61,
      "successful": 59,
      "failed": 2,
      "failure_pct": 3.28
    },
    {
      "licensee_id": 43,
      "total": 57,
      "successful": 54,
      "failed": 3,
      "failure_pct": 5.26
    },
    {
      "licensee_id": 3,
      "total": 56,
      "successful": 51,
      "failed": 5,
      "failure_pct": 8.93
    }
  ],
  "hourly_trend": [
    {
      "hour": "2026-05-18 04:00:00",
      "total": 40,
      "successful": 39,
      "failed": 1
    },
    {
      "hour": "2026-05-18 05:00:00",
      "total": 29,
      "successful": 26,
      "failed": 3
    },
    {
      "hour": "2026-05-18 06:00:00",
      "total": 10,
      "successful": 9,
      "failed": 1
    },
    {
      "hour": "2026-05-18 07:00:00",
      "total": 6,
      "successful": 6,
      "failed": 0
    },
    {
      "hour": "2026-05-18 08:00:00",
      "total": 12,
      "successful": 8,
      "failed": 4
    },
    {
      "hour": "2026-05-18 09:00:00",
      "total": 2,
      "successful": 2,
      "failed": 0
    },
    {
      "hour": "2026-05-18 10:00:00",
      "total": 4,
      "successful": 4,
      "failed": 0
    },
    {
      "hour": "2026-05-18 11:00:00",
      "total": 13,
      "successful": 12,
      "failed": 1
    },
    {
      "hour": "2026-05-18 12:00:00",
      "total": 33,
      "successful": 31,
      "failed": 2
    },
    {
      "hour": "2026-05-18 13:00:00",
      "total": 42,
      "successful": 40,
      "failed": 2
    },
    {
      "hour": "2026-05-18 14:00:00",
      "total": 82,
      "successful": 78,
      "failed": 4
    },
    {
      "hour": "2026-05-18 15:00:00",
      "total": 112,
      "successful": 111,
      "failed": 1
    },
    {
      "hour": "2026-05-18 16:00:00",
      "total": 116,
      "successful": 109,
      "failed": 7
    },
    {
      "hour": "2026-05-18 17:00:00",
      "total": 125,
      "successful": 119,
      "failed": 6
    },
    {
      "hour": "2026-05-18 18:00:00",
      "total": 122,
      "successful": 107,
      "failed": 15
    },
    {
      "hour": "2026-05-18 19:00:00",
      "total": 119,
      "successful": 113,
      "failed": 6
    },
    {
      "hour": "2026-05-18 20:00:00",
      "total": 138,
      "successful": 129,
      "failed": 9
    },
    {
      "hour": "2026-05-18 21:00:00",
      "total": 132,
      "successful": 125,
      "failed": 7
    },
    {
      "hour": "2026-05-18 22:00:00",
      "total": 94,
      "successful": 91,
      "failed": 3
    },
    {
      "hour": "2026-05-18 23:00:00",
      "total": 105,
      "successful": 98,
      "failed": 7
    },
    {
      "hour": "2026-05-19 00:00:00",
      "total": 80,
      "successful": 77,
      "failed": 3
    },
    {
      "hour": "2026-05-19 01:00:00",
      "total": 80,
      "successful": 73,
      "failed": 7
    },
    {
      "hour": "2026-05-19 02:00:00",
      "total": 84,
      "successful": 76,
      "failed": 8
    },
    {
      "hour": "2026-05-19 03:00:00",
      "total": 58,
      "successful": 56,
      "failed": 2
    },
    {
      "hour": "2026-05-19 04:00:00",
      "total": 6,
      "successful": 6,
      "failed": 0
    }
  ],
  "top_failure_reasons": [
    {
      "reason": "This room rate is no longer available. Please select another room.",
      "count": 33,
      "adapters": "ATI"
    },
    {
      "reason": "Provided card number is invalid.",
      "count": 11,
      "adapters": "EAN_RAPID"
    },
    {
      "reason": "Hotel.Express.Book: Booking failed due to CC failure",
      "count": 9,
      "adapters": "PRICELINE_HOTEL"
    },
    {
      "reason": "Hotel.Express.Book: Requested room is not available",
      "count": 6,
      "adapters": "PRICELINE_HOTEL"
    },
    {
      "reason": "Pnr has not been created successfully, see remaining messages for detailsEnhancedhotelbookrq: unable to perform hotel booking step. see below messages for details.. updatereservationrq: $invalid cc checksum$ (code: 3009)",
      "count": 4,
      "adapters": "SABRE_HOTEL"
    },
    {
      "reason": "The payment could not be processed because of insufficient funds.",
      "count": 3,
      "adapters": "EAN_RAPID"
    },
    {
      "reason": "The credit card provided has been identified as potential fraud",
      "count": 3,
      "adapters": "BEDS_ONLINE"
    },
    {
      "reason": "Pnr has not been created successfully, see remaining messages for detailsEnhancedhotelbookrq: hotel booking segment status is unconfirmed. please retry the transaction.. updatereservationrq: invalid loyalty id (code: warn.5136)",
      "count": 2,
      "adapters": "SABRE_HOTEL"
    },
    {
      "reason": "Pnr has not been created successfully, see remaining messages for detailsEnhancedhotelbookrq: hotel booking segment status is unconfirmed. please retry the transaction.. updatereservationrq: requested rate not available (code: warn.0450)",
      "count": 2,
      "adapters": "SABRE_HOTEL"
    },
    {
      "reason": "Pnr has not been created successfully, see remaining messages for detailsEnhancedhotelbookrq: unable to perform hotel booking step. see below messages for details.. updatereservationrq: nghp.err.0450: hotelresservice unknown problem. (code: 4)",
      "count": 2,
      "adapters": "SABRE_HOTEL"
    }
  ]
}
Archived existing dashboard → index_20260519_000447.html
[2/4] Generating dashboard...
Dashboard saved to: /Users/jayaprasadkakkassery/myExperements/my-dashboard/index.html
Open in browser:    open /Users/jayaprasadkakkassery/myExperements/my-dashboard/index.html
[3/4] Pushing to GitHub Pages...
[gh-pages 7d6d095] Dashboard refresh (Last 24 hour(s) · All licensees & adapters) - 2026-05-19 00:04:47
 2 files changed, 610 insertions(+), 99 deletions(-)
 create mode 100644 index_20260519_000447.html
============================================
 TST Booking Dashboard - Refreshing...
 Range  : Last 24 hour(s)
 Filters: · All licensees & adapters
============================================
[1/4] Querying database (Last 24 hour(s) · All licensees & adapters)...
{
  "status": "error",
  "error": "2003 (HY000): Can't connect to MySQL server on 'mysqlread.prod.infra.tstllc.net:3306' (60)"
}
Archived existing dashboard → index_20260519_041931.html
[2/4] Generating dashboard...
Dashboard saved to: /Users/jayaprasadkakkassery/myExperements/my-dashboard/index.html
Open in browser:    open /Users/jayaprasadkakkassery/myExperements/my-dashboard/index.html
[3/4] Pushing to GitHub Pages...
[gh-pages 41b58d0] Dashboard refresh (Last 24 hour(s) · All licensees & adapters) - 2026-05-19 04:19:32
 2 files changed, 514 insertions(+), 511 deletions(-)
 create mode 100644 index_20260519_041931.html
============================================
 TST Booking Dashboard - Refreshing...
 Range  : Last 24 hour(s)
 Filters: · All licensees & adapters
============================================
[1/4] Querying database (Last 24 hour(s) · All licensees & adapters)...
{
  "status": "error",
  "error": "2003 (HY000): Can't connect to MySQL server on 'mysqlread.prod.infra.tstllc.net:3306' (60)"
}
Archived existing dashboard → index_20260519_073813.html
[2/4] Generating dashboard...
Dashboard saved to: /Users/jayaprasadkakkassery/myExperements/my-dashboard/index.html
Open in browser:    open /Users/jayaprasadkakkassery/myExperements/my-dashboard/index.html
[3/4] Pushing to GitHub Pages...
[gh-pages 6cdc1fd] Dashboard refresh (Last 24 hour(s) · All licensees & adapters) - 2026-05-19 07:38:13
 1 file changed, 3 insertions(+)
 create mode 100644 index_20260519_073813.html
============================================
 TST Booking Dashboard - Refreshing...
 Range  : Last 24 hour(s)
 Filters: · All licensees & adapters
============================================
[1/4] Querying database (Last 24 hour(s) · All licensees & adapters)...
{
  "status": "error",
  "error": "2003 (HY000): Can't connect to MySQL server on 'mysqlread.prod.infra.tstllc.net:3306' (60)"
}
Archived existing dashboard → index_20260519_083828.html
[2/4] Generating dashboard...
Dashboard saved to: /Users/jayaprasadkakkassery/myExperements/my-dashboard/index.html
Open in browser:    open /Users/jayaprasadkakkassery/myExperements/my-dashboard/index.html
[3/4] Pushing to GitHub Pages...
[gh-pages 338d03a] Dashboard refresh (Last 24 hour(s) · All licensees & adapters) - 2026-05-19 08:38:28
 1 file changed, 3 insertions(+)
 create mode 100644 index_20260519_083828.html
============================================
 TST Booking Dashboard - Refreshing...
 Range  : Last 24 hour(s)
 Filters: · All licensees & adapters
============================================
[1/4] Querying database (Last 24 hour(s) · All licensees & adapters)...
{
  "status": "ok",
  "generated_at": "2026-05-19 13:38:35 UTC",
  "interval_hours": 24,
  "filters": {
    "licensee_id": "all",
    "adapter_name": "all"
  },
  "summary": {
    "total": 1678,
    "successful": 1570,
    "failed": 108,
    "failure_pct": 6.44,
    "success_pct": 93.56,
    "cc_failed": 25,
    "cc_pct_of_failures": 23.15,
    "non_cc_failed": 83,
    "non_cc_failure_pct": 5.02
  },
  "by_adapter": [
    {
      "adapter": "SABRE_HOTEL",
      "total": 719,
      "successful": 698,
      "failed": 21,
      "failure_pct": 2.92
    },
    {
      "adapter": "EAN_RAPID",
      "total": 525,
      "successful": 504,
      "failed": 21,
      "failure_pct": 4.0
    },
    {
      "adapter": "PRICELINE_HOTEL",
      "total": 300,
      "successful": 274,
      "failed": 26,
      "failure_pct": 8.67
    },
    {
      "adapter": "ATI",
      "total": 65,
      "successful": 28,
      "failed": 37,
      "failure_pct": 56.92
    },
    {
      "adapter": "BEDS_ONLINE",
      "total": 46,
      "successful": 43,
      "failed": 3,
      "failure_pct": 6.52
    },
    {
      "adapter": "GWS",
      "total": 23,
      "successful": 23,
      "failed": 0,
      "failure_pct": 0.0
    }
  ],
  "by_licensee": [
    {
      "licensee_id": 49,
      "total": 267,
      "successful": 252,
      "failed": 15,
      "failure_pct": 5.62
    },
    {
      "licensee_id": 72,
      "total": 267,
      "successful": 242,
      "failed": 25,
      "failure_pct": 9.36
    },
    {
      "licensee_id": 1,
      "total": 229,
      "successful": 218,
      "failed": 11,
      "failure_pct": 4.8
    },
    {
      "licensee_id": 34,
      "total": 207,
      "successful": 197,
      "failed": 10,
      "failure_pct": 4.83
    },
    {
      "licensee_id": 40,
      "total": 153,
      "successful": 141,
      "failed": 12,
      "failure_pct": 7.84
    },
    {
      "licensee_id": 50,
      "total": 109,
      "successful": 107,
      "failed": 2,
      "failure_pct": 1.83
    },
    {
      "licensee_id": 55,
      "total": 66,
      "successful": 59,
      "failed": 7,
      "failure_pct": 10.61
    },
    {
      "licensee_id": 57,
      "total": 61,
      "successful": 59,
      "failed": 2,
      "failure_pct": 3.28
    },
    {
      "licensee_id": 3,
      "total": 61,
      "successful": 54,
      "failed": 7,
      "failure_pct": 11.48
    },
    {
      "licensee_id": 43,
      "total": 57,
      "successful": 54,
      "failed": 3,
      "failure_pct": 5.26
    }
  ],
  "hourly_trend": [
    {
      "hour": "2026-05-18 13:00:00",
      "total": 21,
      "successful": 21,
      "failed": 0
    },
    {
      "hour": "2026-05-18 14:00:00",
      "total": 82,
      "successful": 78,
      "failed": 4
    },
    {
      "hour": "2026-05-18 15:00:00",
      "total": 112,
      "successful": 111,
      "failed": 1
    },
    {
      "hour": "2026-05-18 16:00:00",
      "total": 117,
      "successful": 109,
      "failed": 8
    },
    {
      "hour": "2026-05-18 17:00:00",
      "total": 125,
      "successful": 119,
      "failed": 6
    },
    {
      "hour": "2026-05-18 18:00:00",
      "total": 122,
      "successful": 107,
      "failed": 15
    },
    {
      "hour": "2026-05-18 19:00:00",
      "total": 119,
      "successful": 113,
      "failed": 6
    },
    {
      "hour": "2026-05-18 20:00:00",
      "total": 138,
      "successful": 129,
      "failed": 9
    },
    {
      "hour": "2026-05-18 21:00:00",
      "total": 132,
      "successful": 125,
      "failed": 7
    },
    {
      "hour": "2026-05-18 22:00:00",
      "total": 94,
      "successful": 91,
      "failed": 3
    },
    {
      "hour": "2026-05-18 23:00:00",
      "total": 105,
      "successful": 98,
      "failed": 7
    },
    {
      "hour": "2026-05-19 00:00:00",
      "total": 80,
      "successful": 77,
      "failed": 3
    },
    {
      "hour": "2026-05-19 01:00:00",
      "total": 80,
      "successful": 73,
      "failed": 7
    },
    {
      "hour": "2026-05-19 02:00:00",
      "total": 84,
      "successful": 76,
      "failed": 8
    },
    {
      "hour": "2026-05-19 03:00:00",
      "total": 58,
      "successful": 56,
      "failed": 2
    },
    {
      "hour": "2026-05-19 04:00:00",
      "total": 61,
      "successful": 52,
      "failed": 9
    },
    {
      "hour": "2026-05-19 05:00:00",
      "total": 28,
      "successful": 24,
      "failed": 4
    },
    {
      "hour": "2026-05-19 06:00:00",
      "total": 19,
      "successful": 18,
      "failed": 1
    },
    {
      "hour": "2026-05-19 07:00:00",
      "total": 7,
      "successful": 7,
      "failed": 0
    },
    {
      "hour": "2026-05-19 08:00:00",
      "total": 7,
      "successful": 4,
      "failed": 3
    },
    {
      "hour": "2026-05-19 09:00:00",
      "total": 8,
      "successful": 8,
      "failed": 0
    },
    {
      "hour": "2026-05-19 10:00:00",
      "total": 9,
      "successful": 9,
      "failed": 0
    },
    {
      "hour": "2026-05-19 11:00:00",
      "total": 16,
      "successful": 15,
      "failed": 1
    },
    {
      "hour": "2026-05-19 12:00:00",
      "total": 31,
      "successful": 29,
      "failed": 2
    },
    {
      "hour": "2026-05-19 13:00:00",
      "total": 23,
      "successful": 21,
      "failed": 2
    }
  ],
  "top_failure_reasons": [
    {
      "reason": "This room rate is no longer available. Please select another room.",
      "count": 31,
      "adapters": "ATI"
    },
    {
      "reason": "Provided card number is invalid.",
      "count": 11,
      "adapters": "EAN_RAPID"
    },
    {
      "reason": "Hotel.Express.Book: Requested room is not available",
      "count": 10,
      "adapters": "PRICELINE_HOTEL"
    },
    {
      "reason": "Hotel.Express.Book: Booking failed due to CC failure",
      "count": 10,
      "adapters": "PRICELINE_HOTEL"
    },
    {
      "reason": "Pnr has not been created successfully, see remaining messages for detailsEnhancedhotelbookrq: unable to perform hotel booking step. see below messages for details.. updatereservationrq: $invalid cc checksum$ (code: 3009)",
      "count": 7,
      "adapters": "SABRE_HOTEL"
    },
    {
      "reason": "Pnr has not been created successfully, see remaining messages for detailsEnhancedhotelbookrq: hotel booking segment status is unconfirmed. please retry the transaction.. updatereservationrq: invalid loyalty id (code: warn.5136)",
      "count": 4,
      "adapters": "SABRE_HOTEL"
    },
    {
      "reason": "The payment could not be processed because of insufficient funds.",
      "count": 3,
      "adapters": "EAN_RAPID"
    },
    {
      "reason": "Pnr has not been created successfully, see remaining messages for detailsEnhancedhotelbookrq: hotel booking segment status is unconfirmed. please retry the transaction.. updatereservationrq: requested rate not available (code: warn.0450)",
      "count": 3,
      "adapters": "SABRE_HOTEL"
    },
    {
      "reason": "The payment could not be processed. The card holder should contact their issuing bank for more information.",
      "count": 3,
      "adapters": "EAN_RAPID"
    },
    {
      "reason": "Pnr has not been created successfully, see remaining messages for detailsEnhancedhotelbookrq: unable to perform hotel booking step. see below messages for details.. updatereservationrq: nghp.err.0450: hotelresservice unknown problem. (code: 4)",
      "count": 2,
      "adapters": "SABRE_HOTEL"
    }
  ]
}
Archived existing dashboard → index_20260519_093835.html
[2/4] Generating dashboard...
Dashboard saved to: /Users/jayaprasadkakkassery/myExperements/my-dashboard/index.html
Open in browser:    open /Users/jayaprasadkakkassery/myExperements/my-dashboard/index.html
[3/4] Pushing to GitHub Pages...
[gh-pages 78c582a] Dashboard refresh (Last 24 hour(s) · All licensees & adapters) - 2026-05-19 09:38:35
 2 files changed, 514 insertions(+), 3 deletions(-)
 create mode 100644 index_20260519_093835.html
============================================
 TST Booking Dashboard - Refreshing...
 Range  : Last 24 hour(s)
 Filters: · All licensees & adapters
============================================
[1/4] Querying database (Last 24 hour(s) · All licensees & adapters)...
{
  "status": "ok",
  "generated_at": "2026-05-19 14:38:41 UTC",
  "interval_hours": 24,
  "filters": {
    "licensee_id": "all",
    "adapter_name": "all"
  },
  "summary": {
    "total": 1694,
    "successful": 1582,
    "failed": 112,
    "failure_pct": 6.61,
    "success_pct": 93.39,
    "cc_failed": 26,
    "cc_pct_of_failures": 23.21,
    "non_cc_failed": 86,
    "non_cc_failure_pct": 5.16
  },
  "by_adapter": [
    {
      "adapter": "SABRE_HOTEL",
      "total": 734,
      "successful": 713,
      "failed": 21,
      "failure_pct": 2.86
    },
    {
      "adapter": "EAN_RAPID",
      "total": 523,
      "successful": 502,
      "failed": 21,
      "failure_pct": 4.02
    },
    {
      "adapter": "PRICELINE_HOTEL",
      "total": 304,
      "successful": 278,
      "failed": 26,
      "failure_pct": 8.55
    },
    {
      "adapter": "ATI",
      "total": 65,
      "successful": 26,
      "failed": 39,
      "failure_pct": 60.0
    },
    {
      "adapter": "BEDS_ONLINE",
      "total": 45,
      "successful": 40,
      "failed": 5,
      "failure_pct": 11.11
    },
    {
      "adapter": "GWS",
      "total": 23,
      "successful": 23,
      "failed": 0,
      "failure_pct": 0.0
    }
  ],
  "by_licensee": [
    {
      "licensee_id": 72,
      "total": 276,
      "successful": 251,
      "failed": 25,
      "failure_pct": 9.06
    },
    {
      "licensee_id": 49,
      "total": 269,
      "successful": 252,
      "failed": 17,
      "failure_pct": 6.32
    },
    {
      "licensee_id": 1,
      "total": 232,
      "successful": 219,
      "failed": 13,
      "failure_pct": 5.6
    },
    {
      "licensee_id": 34,
      "total": 209,
      "successful": 199,
      "failed": 10,
      "failure_pct": 4.78
    },
    {
      "licensee_id": 40,
      "total": 147,
      "successful": 135,
      "failed": 12,
      "failure_pct": 8.16
    },
    {
      "licensee_id": 50,
      "total": 109,
      "successful": 107,
      "failed": 2,
      "failure_pct": 1.83
    },
    {
      "licensee_id": 55,
      "total": 68,
      "successful": 61,
      "failed": 7,
      "failure_pct": 10.29
    },
    {
      "licensee_id": 57,
      "total": 64,
      "successful": 62,
      "failed": 2,
      "failure_pct": 3.12
    },
    {
      "licensee_id": 3,
      "total": 63,
      "successful": 56,
      "failed": 7,
      "failure_pct": 11.11
    },
    {
      "licensee_id": 43,
      "total": 58,
      "successful": 55,
      "failed": 3,
      "failure_pct": 5.17
    }
  ],
  "hourly_trend": [
    {
      "hour": "2026-05-18 14:00:00",
      "total": 36,
      "successful": 34,
      "failed": 2
    },
    {
      "hour": "2026-05-18 15:00:00",
      "total": 112,
      "successful": 111,
      "failed": 1
    },
    {
      "hour": "2026-05-18 16:00:00",
      "total": 117,
      "successful": 109,
      "failed": 8
    },
    {
      "hour": "2026-05-18 17:00:00",
      "total": 125,
      "successful": 119,
      "failed": 6
    },
    {
      "hour": "2026-05-18 18:00:00",
      "total": 122,
      "successful": 107,
      "failed": 15
    },
    {
      "hour": "2026-05-18 19:00:00",
      "total": 119,
      "successful": 113,
      "failed": 6
    },
    {
      "hour": "2026-05-18 20:00:00",
      "total": 138,
      "successful": 129,
      "failed": 9
    },
    {
      "hour": "2026-05-18 21:00:00",
      "total": 132,
      "successful": 125,
      "failed": 7
    },
    {
      "hour": "2026-05-18 22:00:00",
      "total": 94,
      "successful": 91,
      "failed": 3
    },
    {
      "hour": "2026-05-18 23:00:00",
      "total": 105,
      "successful": 98,
      "failed": 7
    },
    {
      "hour": "2026-05-19 00:00:00",
      "total": 80,
      "successful": 77,
      "failed": 3
    },
    {
      "hour": "2026-05-19 01:00:00",
      "total": 80,
      "successful": 73,
      "failed": 7
    },
    {
      "hour": "2026-05-19 02:00:00",
      "total": 84,
      "successful": 76,
      "failed": 8
    },
    {
      "hour": "2026-05-19 03:00:00",
      "total": 58,
      "successful": 56,
      "failed": 2
    },
    {
      "hour": "2026-05-19 04:00:00",
      "total": 61,
      "successful": 52,
      "failed": 9
    },
    {
      "hour": "2026-05-19 05:00:00",
      "total": 28,
      "successful": 24,
      "failed": 4
    },
    {
      "hour": "2026-05-19 06:00:00",
      "total": 19,
      "successful": 18,
      "failed": 1
    },
    {
      "hour": "2026-05-19 07:00:00",
      "total": 7,
      "successful": 7,
      "failed": 0
    },
    {
      "hour": "2026-05-19 08:00:00",
      "total": 7,
      "successful": 4,
      "failed": 3
    },
    {
      "hour": "2026-05-19 09:00:00",
      "total": 8,
      "successful": 8,
      "failed": 0
    },
    {
      "hour": "2026-05-19 10:00:00",
      "total": 9,
      "successful": 9,
      "failed": 0
    },
    {
      "hour": "2026-05-19 11:00:00",
      "total": 16,
      "successful": 15,
      "failed": 1
    },
    {
      "hour": "2026-05-19 12:00:00",
      "total": 31,
      "successful": 29,
      "failed": 2
    },
    {
      "hour": "2026-05-19 13:00:00",
      "total": 47,
      "successful": 44,
      "failed": 3
    },
    {
      "hour": "2026-05-19 14:00:00",
      "total": 59,
      "successful": 54,
      "failed": 5
    }
  ],
  "top_failure_reasons": [
    {
      "reason": "This room rate is no longer available. Please select another room.",
      "count": 33,
      "adapters": "ATI"
    },
    {
      "reason": "Provided card number is invalid.",
      "count": 11,
      "adapters": "EAN_RAPID"
    },
    {
      "reason": "Hotel.Express.Book: Booking failed due to CC failure",
      "count": 10,
      "adapters": "PRICELINE_HOTEL"
    },
    {
      "reason": "Hotel.Express.Book: Requested room is not available",
      "count": 10,
      "adapters": "PRICELINE_HOTEL"
    },
    {
      "reason": "Pnr has not been created successfully, see remaining messages for detailsEnhancedhotelbookrq: unable to perform hotel booking step. see below messages for details.. updatereservationrq: $invalid cc checksum$ (code: 3009)",
      "count": 8,
      "adapters": "SABRE_HOTEL"
    },
    {
      "reason": "Pnr has not been created successfully, see remaining messages for detailsEnhancedhotelbookrq: hotel booking segment status is unconfirmed. please retry the transaction.. updatereservationrq: invalid loyalty id (code: warn.5136)",
      "count": 4,
      "adapters": "SABRE_HOTEL"
    },
    {
      "reason": "The payment could not be processed. The card holder should contact their issuing bank for more information.",
      "count": 3,
      "adapters": "EAN_RAPID"
    },
    {
      "reason": "Pnr has not been created successfully, see remaining messages for detailsEnhancedhotelbookrq: hotel booking segment status is unconfirmed. please retry the transaction.. updatereservationrq: requested rate not available (code: warn.0450)",
      "count": 3,
      "adapters": "SABRE_HOTEL"
    },
    {
      "reason": "The payment could not be processed because of insufficient funds.",
      "count": 3,
      "adapters": "EAN_RAPID"
    },
    {
      "reason": "ATI Error Code: 75203, ATI Error Message: Unable to create delayed capture payment. Error response code: [1]. Error message: [Transaction Failed. - 12 - Declined]: ATI Error Code: 75203, ATI Error Message: Unable to create delayed capture payment. Er",
      "count": 2,
      "adapters": "ATI"
    }
  ]
}
Archived existing dashboard → index_20260519_103841.html
[2/4] Generating dashboard...
Dashboard saved to: /Users/jayaprasadkakkassery/myExperements/my-dashboard/index.html
Open in browser:    open /Users/jayaprasadkakkassery/myExperements/my-dashboard/index.html
[3/4] Pushing to GitHub Pages...
[gh-pages 2e5fd07] Dashboard refresh (Last 24 hour(s) · All licensees & adapters) - 2026-05-19 10:38:42
 2 files changed, 609 insertions(+), 98 deletions(-)
 create mode 100644 index_20260519_103841.html
============================================
 TST Booking Dashboard - Refreshing...
 Range  : Last 24 hour(s)
 Filters: · All licensees & adapters
============================================
[1/4] Querying database (Last 24 hour(s) · All licensees & adapters)...
{
  "status": "ok",
  "generated_at": "2026-05-19 15:38:47 UTC",
  "interval_hours": 24,
  "filters": {
    "licensee_id": "all",
    "adapter_name": "all"
  },
  "summary": {
    "total": 1698,
    "successful": 1580,
    "failed": 118,
    "failure_pct": 6.95,
    "success_pct": 93.05,
    "cc_failed": 30,
    "cc_pct_of_failures": 25.42,
    "non_cc_failed": 88,
    "non_cc_failure_pct": 5.28
  },
  "by_adapter": [
    {
      "adapter": "SABRE_HOTEL",
      "total": 727,
      "successful": 704,
      "failed": 23,
      "failure_pct": 3.16
    },
    {
      "adapter": "EAN_RAPID",
      "total": 537,
      "successful": 511,
      "failed": 26,
      "failure_pct": 4.84
    },
    {
      "adapter": "PRICELINE_HOTEL",
      "total": 300,
      "successful": 276,
      "failed": 24,
      "failure_pct": 8.0
    },
    {
      "adapter": "ATI",
      "total": 69,
      "successful": 29,
      "failed": 40,
      "failure_pct": 57.97
    },
    {
      "adapter": "BEDS_ONLINE",
      "total": 44,
      "successful": 39,
      "failed": 5,
      "failure_pct": 11.36
    },
    {
      "adapter": "GWS",
      "total": 21,
      "successful": 21,
      "failed": 0,
      "failure_pct": 0.0
    }
  ],
  "by_licensee": [
    {
      "licensee_id": 72,
      "total": 283,
      "successful": 258,
      "failed": 25,
      "failure_pct": 8.83
    },
    {
      "licensee_id": 49,
      "total": 272,
      "successful": 253,
      "failed": 19,
      "failure_pct": 6.99
    },
    {
      "licensee_id": 1,
      "total": 235,
      "successful": 219,
      "failed": 16,
      "failure_pct": 6.81
    },
    {
      "licensee_id": 34,
      "total": 203,
      "successful": 193,
      "failed": 10,
      "failure_pct": 4.93
    },
    {
      "licensee_id": 40,
      "total": 143,
      "successful": 132,
      "failed": 11,
      "failure_pct": 7.69
    },
    {
      "licensee_id": 50,
      "total": 108,
      "successful": 106,
      "failed": 2,
      "failure_pct": 1.85
    },
    {
      "licensee_id": 55,
      "total": 67,
      "successful": 60,
      "failed": 7,
      "failure_pct": 10.45
    },
    {
      "licensee_id": 57,
      "total": 64,
      "successful": 62,
      "failed": 2,
      "failure_pct": 3.12
    },
    {
      "licensee_id": 3,
      "total": 56,
      "successful": 49,
      "failed": 7,
      "failure_pct": 12.5
    },
    {
      "licensee_id": 43,
      "total": 55,
      "successful": 52,
      "failed": 3,
      "failure_pct": 5.45
    }
  ],
  "hourly_trend": [
    {
      "hour": "2026-05-18 15:00:00",
      "total": 40,
      "successful": 39,
      "failed": 1
    },
    {
      "hour": "2026-05-18 16:00:00",
      "total": 117,
      "successful": 109,
      "failed": 8
    },
    {
      "hour": "2026-05-18 17:00:00",
      "total": 125,
      "successful": 119,
      "failed": 6
    },
    {
      "hour": "2026-05-18 18:00:00",
      "total": 122,
      "successful": 107,
      "failed": 15
    },
    {
      "hour": "2026-05-18 19:00:00",
      "total": 119,
      "successful": 113,
      "failed": 6
    },
    {
      "hour": "2026-05-18 20:00:00",
      "total": 138,
      "successful": 129,
      "failed": 9
    },
    {
      "hour": "2026-05-18 21:00:00",
      "total": 132,
      "successful": 125,
      "failed": 7
    },
    {
      "hour": "2026-05-18 22:00:00",
      "total": 94,
      "successful": 91,
      "failed": 3
    },
    {
      "hour": "2026-05-18 23:00:00",
      "total": 105,
      "successful": 98,
      "failed": 7
    },
    {
      "hour": "2026-05-19 00:00:00",
      "total": 80,
      "successful": 77,
      "failed": 3
    },
    {
      "hour": "2026-05-19 01:00:00",
      "total": 80,
      "successful": 73,
      "failed": 7
    },
    {
      "hour": "2026-05-19 02:00:00",
      "total": 84,
      "successful": 76,
      "failed": 8
    },
    {
      "hour": "2026-05-19 03:00:00",
      "total": 58,
      "successful": 56,
      "failed": 2
    },
    {
      "hour": "2026-05-19 04:00:00",
      "total": 61,
      "successful": 52,
      "failed": 9
    },
    {
      "hour": "2026-05-19 05:00:00",
      "total": 28,
      "successful": 24,
      "failed": 4
    },
    {
      "hour": "2026-05-19 06:00:00",
      "total": 19,
      "successful": 18,
      "failed": 1
    },
    {
      "hour": "2026-05-19 07:00:00",
      "total": 7,
      "successful": 7,
      "failed": 0
    },
    {
      "hour": "2026-05-19 08:00:00",
      "total": 7,
      "successful": 4,
      "failed": 3
    },
    {
      "hour": "2026-05-19 09:00:00",
      "total": 8,
      "successful": 8,
      "failed": 0
    },
    {
      "hour": "2026-05-19 10:00:00",
      "total": 9,
      "successful": 9,
      "failed": 0
    },
    {
      "hour": "2026-05-19 11:00:00",
      "total": 16,
      "successful": 15,
      "failed": 1
    },
    {
      "hour": "2026-05-19 12:00:00",
      "total": 31,
      "successful": 29,
      "failed": 2
    },
    {
      "hour": "2026-05-19 13:00:00",
      "total": 47,
      "successful": 44,
      "failed": 3
    },
    {
      "hour": "2026-05-19 14:00:00",
      "total": 100,
      "successful": 93,
      "failed": 7
    },
    {
      "hour": "2026-05-19 15:00:00",
      "total": 71,
      "successful": 65,
      "failed": 6
    }
  ],
  "top_failure_reasons": [
    {
      "reason": "This room rate is no longer available. Please select another room.",
      "count": 34,
      "adapters": "ATI"
    },
    {
      "reason": "Provided card number is invalid.",
      "count": 12,
      "adapters": "EAN_RAPID"
    },
    {
      "reason": "Hotel.Express.Book: Requested room is not available",
      "count": 10,
      "adapters": "PRICELINE_HOTEL"
    },
    {
      "reason": "Pnr has not been created successfully, see remaining messages for detailsEnhancedhotelbookrq: unable to perform hotel booking step. see below messages for details.. updatereservationrq: $invalid cc checksum$ (code: 3009)",
      "count": 9,
      "adapters": "SABRE_HOTEL"
    },
    {
      "reason": "Hotel.Express.Book: Booking failed due to CC failure",
      "count": 8,
      "adapters": "PRICELINE_HOTEL"
    },
    {
      "reason": "The payment could not be processed because of insufficient funds.",
      "count": 5,
      "adapters": "EAN_RAPID"
    },
    {
      "reason": "Pnr has not been created successfully, see remaining messages for detailsEnhancedhotelbookrq: hotel booking segment status is unconfirmed. please retry the transaction.. updatereservationrq: invalid loyalty id (code: warn.5136)",
      "count": 4,
      "adapters": "SABRE_HOTEL"
    },
    {
      "reason": "The payment could not be processed. The card holder should contact their issuing bank for more information.",
      "count": 3,
      "adapters": "EAN_RAPID"
    },
    {
      "reason": "Pnr has not been created successfully, see remaining messages for detailsEnhancedhotelbookrq: hotel booking segment status is unconfirmed. please retry the transaction.. updatereservationrq: requested rate not available (code: warn.0450)",
      "count": 3,
      "adapters": "SABRE_HOTEL"
    },
    {
      "reason": "The credit card provided has been identified as potential fraud",
      "count": 2,
      "adapters": "BEDS_ONLINE"
    }
  ]
}
Archived existing dashboard → index_20260519_113847.html
[2/4] Generating dashboard...
Dashboard saved to: /Users/jayaprasadkakkassery/myExperements/my-dashboard/index.html
Open in browser:    open /Users/jayaprasadkakkassery/myExperements/my-dashboard/index.html
[3/4] Pushing to GitHub Pages...
[gh-pages 10f7a5e] Dashboard refresh (Last 24 hour(s) · All licensees & adapters) - 2026-05-19 11:38:48
 2 files changed, 620 insertions(+), 109 deletions(-)
 create mode 100644 index_20260519_113847.html
============================================
 TST Booking Dashboard - Refreshing...
 Range  : Last 24 hour(s)
 Filters: · All licensees & adapters
============================================
[1/4] Querying database (Last 24 hour(s) · All licensees & adapters)...
{
  "status": "ok",
  "generated_at": "2026-05-19 16:38:53 UTC",
  "interval_hours": 24,
  "filters": {
    "licensee_id": "all",
    "adapter_name": "all"
  },
  "summary": {
    "total": 1697,
    "successful": 1582,
    "failed": 115,
    "failure_pct": 6.78,
    "success_pct": 93.22,
    "cc_failed": 29,
    "cc_pct_of_failures": 25.22,
    "non_cc_failed": 86,
    "non_cc_failure_pct": 5.16
  },
  "by_adapter": [
    {
      "adapter": "SABRE_HOTEL",
      "total": 726,
      "successful": 703,
      "failed": 23,
      "failure_pct": 3.17
    },
    {
      "adapter": "EAN_RAPID",
      "total": 541,
      "successful": 515,
      "failed": 26,
      "failure_pct": 4.81
    },
    {
      "adapter": "PRICELINE_HOTEL",
      "total": 298,
      "successful": 275,
      "failed": 23,
      "failure_pct": 7.72
    },
    {
      "adapter": "ATI",
      "total": 68,
      "successful": 29,
      "failed": 39,
      "failure_pct": 57.35
    },
    {
      "adapter": "BEDS_ONLINE",
      "total": 43,
      "successful": 39,
      "failed": 4,
      "failure_pct": 9.3
    },
    {
      "adapter": "GWS",
      "total": 21,
      "successful": 21,
      "failed": 0,
      "failure_pct": 0.0
    }
  ],
  "by_licensee": [
    {
      "licensee_id": 72,
      "total": 277,
      "successful": 255,
      "failed": 22,
      "failure_pct": 7.94
    },
    {
      "licensee_id": 49,
      "total": 266,
      "successful": 247,
      "failed": 19,
      "failure_pct": 7.14
    },
    {
      "licensee_id": 1,
      "total": 242,
      "successful": 226,
      "failed": 16,
      "failure_pct": 6.61
    },
    {
      "licensee_id": 34,
      "total": 201,
      "successful": 191,
      "failed": 10,
      "failure_pct": 4.98
    },
    {
      "licensee_id": 40,
      "total": 141,
      "successful": 130,
      "failed": 11,
      "failure_pct": 7.8
    },
    {
      "licensee_id": 50,
      "total": 104,
      "successful": 103,
      "failed": 1,
      "failure_pct": 0.96
    },
    {
      "licensee_id": 55,
      "total": 71,
      "successful": 63,
      "failed": 8,
      "failure_pct": 11.27
    },
    {
      "licensee_id": 57,
      "total": 64,
      "successful": 62,
      "failed": 2,
      "failure_pct": 3.12
    },
    {
      "licensee_id": 43,
      "total": 54,
      "successful": 51,
      "failed": 3,
      "failure_pct": 5.56
    },
    {
      "licensee_id": 3,
      "total": 50,
      "successful": 43,
      "failed": 7,
      "failure_pct": 14.0
    }
  ],
  "hourly_trend": [
    {
      "hour": "2026-05-18 16:00:00",
      "total": 41,
      "successful": 38,
      "failed": 3
    },
    {
      "hour": "2026-05-18 17:00:00",
      "total": 125,
      "successful": 119,
      "failed": 6
    },
    {
      "hour": "2026-05-18 18:00:00",
      "total": 122,
      "successful": 107,
      "failed": 15
    },
    {
      "hour": "2026-05-18 19:00:00",
      "total": 119,
      "successful": 113,
      "failed": 6
    },
    {
      "hour": "2026-05-18 20:00:00",
      "total": 138,
      "successful": 129,
      "failed": 9
    },
    {
      "hour": "2026-05-18 21:00:00",
      "total": 132,
      "successful": 125,
      "failed": 7
    },
    {
      "hour": "2026-05-18 22:00:00",
      "total": 94,
      "successful": 91,
      "failed": 3
    },
    {
      "hour": "2026-05-18 23:00:00",
      "total": 105,
      "successful": 98,
      "failed": 7
    },
    {
      "hour": "2026-05-19 00:00:00",
      "total": 80,
      "successful": 77,
      "failed": 3
    },
    {
      "hour": "2026-05-19 01:00:00",
      "total": 80,
      "successful": 73,
      "failed": 7
    },
    {
      "hour": "2026-05-19 02:00:00",
      "total": 84,
      "successful": 76,
      "failed": 8
    },
    {
      "hour": "2026-05-19 03:00:00",
      "total": 58,
      "successful": 56,
      "failed": 2
    },
    {
      "hour": "2026-05-19 04:00:00",
      "total": 61,
      "successful": 52,
      "failed": 9
    },
    {
      "hour": "2026-05-19 05:00:00",
      "total": 28,
      "successful": 24,
      "failed": 4
    },
    {
      "hour": "2026-05-19 06:00:00",
      "total": 19,
      "successful": 18,
      "failed": 1
    },
    {
      "hour": "2026-05-19 07:00:00",
      "total": 7,
      "successful": 7,
      "failed": 0
    },
    {
      "hour": "2026-05-19 08:00:00",
      "total": 7,
      "successful": 4,
      "failed": 3
    },
    {
      "hour": "2026-05-19 09:00:00",
      "total": 8,
      "successful": 8,
      "failed": 0
    },
    {
      "hour": "2026-05-19 10:00:00",
      "total": 9,
      "successful": 9,
      "failed": 0
    },
    {
      "hour": "2026-05-19 11:00:00",
      "total": 16,
      "successful": 15,
      "failed": 1
    },
    {
      "hour": "2026-05-19 12:00:00",
      "total": 31,
      "successful": 29,
      "failed": 2
    },
    {
      "hour": "2026-05-19 13:00:00",
      "total": 47,
      "successful": 44,
      "failed": 3
    },
    {
      "hour": "2026-05-19 14:00:00",
      "total": 100,
      "successful": 93,
      "failed": 7
    },
    {
      "hour": "2026-05-19 15:00:00",
      "total": 108,
      "successful": 101,
      "failed": 7
    },
    {
      "hour": "2026-05-19 16:00:00",
      "total": 78,
      "successful": 76,
      "failed": 2
    }
  ],
  "top_failure_reasons": [
    {
      "reason": "This room rate is no longer available. Please select another room.",
      "count": 33,
      "adapters": "ATI"
    },
    {
      "reason": "Provided card number is invalid.",
      "count": 12,
      "adapters": "EAN_RAPID"
    },
    {
      "reason": "Hotel.Express.Book: Requested room is not available",
      "count": 9,
      "adapters": "PRICELINE_HOTEL"
    },
    {
      "reason": "Hotel.Express.Book: Booking failed due to CC failure",
      "count": 8,
      "adapters": "PRICELINE_HOTEL"
    },
    {
      "reason": "Pnr has not been created successfully, see remaining messages for detailsEnhancedhotelbookrq: unable to perform hotel booking step. see below messages for details.. updatereservationrq: $invalid cc checksum$ (code: 3009)",
      "count": 7,
      "adapters": "SABRE_HOTEL"
    },
    {
      "reason": "The payment could not be processed because of insufficient funds.",
      "count": 5,
      "adapters": "EAN_RAPID"
    },
    {
      "reason": "Pnr has not been created successfully, see remaining messages for detailsEnhancedhotelbookrq: hotel booking segment status is unconfirmed. please retry the transaction.. updatereservationrq: invalid loyalty id (code: warn.5136)",
      "count": 4,
      "adapters": "SABRE_HOTEL"
    },
    {
      "reason": "The payment could not be processed. The card holder should contact their issuing bank for more information.",
      "count": 3,
      "adapters": "EAN_RAPID"
    },
    {
      "reason": "Pnr has not been created successfully, see remaining messages for detailsEnhancedhotelbookrq: hotel booking segment status is unconfirmed. please retry the transaction.. updatereservationrq: requested rate not available (code: warn.0450)",
      "count": 3,
      "adapters": "SABRE_HOTEL"
    },
    {
      "reason": "Pnr has not been created successfully, see remaining messages for detailsEnhancedhotelbookrq: hotel booking segment status is unconfirmed. please retry the transaction.. updatereservationrq: associate system unable to process (code: warn.5136)",
      "count": 2,
      "adapters": "SABRE_HOTEL"
    }
  ]
}
Archived existing dashboard → index_20260519_123853.html
[2/4] Generating dashboard...
Dashboard saved to: /Users/jayaprasadkakkassery/myExperements/my-dashboard/index.html
Open in browser:    open /Users/jayaprasadkakkassery/myExperements/my-dashboard/index.html
[3/4] Pushing to GitHub Pages...
[gh-pages 05c3947] Dashboard refresh (Last 24 hour(s) · All licensees & adapters) - 2026-05-19 12:38:53
 2 files changed, 611 insertions(+), 100 deletions(-)
 create mode 100644 index_20260519_123853.html
============================================
 TST Booking Dashboard - Refreshing...
 Range  : Last 24 hour(s)
 Filters: · All licensees & adapters
============================================
[1/4] Querying database (Last 24 hour(s) · All licensees & adapters)...
{
  "status": "ok",
  "generated_at": "2026-05-19 17:38:59 UTC",
  "interval_hours": 24,
  "filters": {
    "licensee_id": "all",
    "adapter_name": "all"
  },
  "summary": {
    "total": 1709,
    "successful": 1590,
    "failed": 119,
    "failure_pct": 6.96,
    "success_pct": 93.04,
    "cc_failed": 29,
    "cc_pct_of_failures": 24.37,
    "non_cc_failed": 90,
    "non_cc_failure_pct": 5.36
  },
  "by_adapter": [
    {
      "adapter": "SABRE_HOTEL",
      "total": 720,
      "successful": 696,
      "failed": 24,
      "failure_pct": 3.33
    },
    {
      "adapter": "EAN_RAPID",
      "total": 548,
      "successful": 522,
      "failed": 26,
      "failure_pct": 4.74
    },
    {
      "adapter": "PRICELINE_HOTEL",
      "total": 306,
      "successful": 281,
      "failed": 25,
      "failure_pct": 8.17
    },
    {
      "adapter": "ATI",
      "total": 70,
      "successful": 31,
      "failed": 39,
      "failure_pct": 55.71
    },
    {
      "adapter": "BEDS_ONLINE",
      "total": 44,
      "successful": 39,
      "failed": 5,
      "failure_pct": 11.36
    },
    {
      "adapter": "GWS",
      "total": 21,
      "successful": 21,
      "failed": 0,
      "failure_pct": 0.0
    }
  ],
  "by_licensee": [
    {
      "licensee_id": 72,
      "total": 273,
      "successful": 249,
      "failed": 24,
      "failure_pct": 8.79
    },
    {
      "licensee_id": 49,
      "total": 269,
      "successful": 250,
      "failed": 19,
      "failure_pct": 7.06
    },
    {
      "licensee_id": 1,
      "total": 249,
      "successful": 232,
      "failed": 17,
      "failure_pct": 6.83
    },
    {
      "licensee_id": 34,
      "total": 203,
      "successful": 193,
      "failed": 10,
      "failure_pct": 4.93
    },
    {
      "licensee_id": 40,
      "total": 144,
      "successful": 133,
      "failed": 11,
      "failure_pct": 7.64
    },
    {
      "licensee_id": 50,
      "total": 99,
      "successful": 98,
      "failed": 1,
      "failure_pct": 1.01
    },
    {
      "licensee_id": 55,
      "total": 77,
      "successful": 67,
      "failed": 10,
      "failure_pct": 12.99
    },
    {
      "licensee_id": 57,
      "total": 68,
      "successful": 66,
      "failed": 2,
      "failure_pct": 2.94
    },
    {
      "licensee_id": 39,
      "total": 54,
      "successful": 49,
      "failed": 5,
      "failure_pct": 9.26
    },
    {
      "licensee_id": 43,
      "total": 51,
      "successful": 49,
      "failed": 2,
      "failure_pct": 3.92
    }
  ],
  "hourly_trend": [
    {
      "hour": "2026-05-18 17:00:00",
      "total": 48,
      "successful": 45,
      "failed": 3
    },
    {
      "hour": "2026-05-18 18:00:00",
      "total": 123,
      "successful": 107,
      "failed": 16
    },
    {
      "hour": "2026-05-18 19:00:00",
      "total": 119,
      "successful": 113,
      "failed": 6
    },
    {
      "hour": "2026-05-18 20:00:00",
      "total": 138,
      "successful": 129,
      "failed": 9
    },
    {
      "hour": "2026-05-18 21:00:00",
      "total": 132,
      "successful": 125,
      "failed": 7
    },
    {
      "hour": "2026-05-18 22:00:00",
      "total": 94,
      "successful": 91,
      "failed": 3
    },
    {
      "hour": "2026-05-18 23:00:00",
      "total": 105,
      "successful": 98,
      "failed": 7
    },
    {
      "hour": "2026-05-19 00:00:00",
      "total": 80,
      "successful": 77,
      "failed": 3
    },
    {
      "hour": "2026-05-19 01:00:00",
      "total": 80,
      "successful": 73,
      "failed": 7
    },
    {
      "hour": "2026-05-19 02:00:00",
      "total": 84,
      "successful": 76,
      "failed": 8
    },
    {
      "hour": "2026-05-19 03:00:00",
      "total": 58,
      "successful": 56,
      "failed": 2
    },
    {
      "hour": "2026-05-19 04:00:00",
      "total": 61,
      "successful": 52,
      "failed": 9
    },
    {
      "hour": "2026-05-19 05:00:00",
      "total": 28,
      "successful": 24,
      "failed": 4
    },
    {
      "hour": "2026-05-19 06:00:00",
      "total": 19,
      "successful": 18,
      "failed": 1
    },
    {
      "hour": "2026-05-19 07:00:00",
      "total": 7,
      "successful": 7,
      "failed": 0
    },
    {
      "hour": "2026-05-19 08:00:00",
      "total": 7,
      "successful": 4,
      "failed": 3
    },
    {
      "hour": "2026-05-19 09:00:00",
      "total": 8,
      "successful": 8,
      "failed": 0
    },
    {
      "hour": "2026-05-19 10:00:00",
      "total": 9,
      "successful": 9,
      "failed": 0
    },
    {
      "hour": "2026-05-19 11:00:00",
      "total": 16,
      "successful": 15,
      "failed": 1
    },
    {
      "hour": "2026-05-19 12:00:00",
      "total": 31,
      "successful": 29,
      "failed": 2
    },
    {
      "hour": "2026-05-19 13:00:00",
      "total": 47,
      "successful": 44,
      "failed": 3
    },
    {
      "hour": "2026-05-19 14:00:00",
      "total": 100,
      "successful": 93,
      "failed": 7
    },
    {
      "hour": "2026-05-19 15:00:00",
      "total": 108,
      "successful": 101,
      "failed": 7
    },
    {
      "hour": "2026-05-19 16:00:00",
      "total": 121,
      "successful": 118,
      "failed": 3
    },
    {
      "hour": "2026-05-19 17:00:00",
      "total": 86,
      "successful": 78,
      "failed": 8
    }
  ],
  "top_failure_reasons": [
    {
      "reason": "This room rate is no longer available. Please select another room.",
      "count": 33,
      "adapters": "ATI"
    },
    {
      "reason": "Provided card number is invalid.",
      "count": 12,
      "adapters": "EAN_RAPID"
    },
    {
      "reason": "Hotel.Express.Book: Requested room is not available",
      "count": 10,
      "adapters": "PRICELINE_HOTEL"
    },
    {
      "reason": "Hotel.Express.Book: Booking failed due to CC failure",
      "count": 8,
      "adapters": "PRICELINE_HOTEL"
    },
    {
      "reason": "Pnr has not been created successfully, see remaining messages for detailsEnhancedhotelbookrq: unable to perform hotel booking step. see below messages for details.. updatereservationrq: $invalid cc checksum$ (code: 3009)",
      "count": 7,
      "adapters": "SABRE_HOTEL"
    },
    {
      "reason": "Pnr has not been created successfully, see remaining messages for detailsEnhancedhotelbookrq: hotel booking segment status is unconfirmed. please retry the transaction.. updatereservationrq: invalid loyalty id (code: warn.5136)",
      "count": 4,
      "adapters": "SABRE_HOTEL"
    },
    {
      "reason": "Hotel.Express.Contract: Rates not found",
      "count": 4,
      "adapters": "PRICELINE_HOTEL"
    },
    {
      "reason": "Pnr has not been created successfully, see remaining messages for detailsEnhancedhotelbookrq: hotel booking segment status is unconfirmed. please retry the transaction.. updatereservationrq: requested rate not available (code: warn.0450)",
      "count": 3,
      "adapters": "SABRE_HOTEL"
    },
    {
      "reason": "The payment could not be processed because of insufficient funds.",
      "count": 3,
      "adapters": "EAN_RAPID"
    },
    {
      "reason": "The payment could not be processed. The card holder should contact their issuing bank for more information.",
      "count": 3,
      "adapters": "EAN_RAPID"
    }
  ]
}
Archived existing dashboard → index_20260519_133859.html
[2/4] Generating dashboard...
Dashboard saved to: /Users/jayaprasadkakkassery/myExperements/my-dashboard/index.html
Open in browser:    open /Users/jayaprasadkakkassery/myExperements/my-dashboard/index.html
[3/4] Pushing to GitHub Pages...
[gh-pages 77445a0] Dashboard refresh (Last 24 hour(s) · All licensees & adapters) - 2026-05-19 13:38:59
 2 files changed, 618 insertions(+), 107 deletions(-)
 create mode 100644 index_20260519_133859.html
============================================
 TST Booking Dashboard - Refreshing...
 Range  : Last 24 hour(s)
 Filters: · All licensees & adapters
============================================
[1/4] Querying database (Last 24 hour(s) · All licensees & adapters)...
{
  "status": "ok",
  "generated_at": "2026-05-19 18:39:06 UTC",
  "interval_hours": 24,
  "filters": {
    "licensee_id": "all",
    "adapter_name": "all"
  },
  "summary": {
    "total": 1725,
    "successful": 1611,
    "failed": 114,
    "failure_pct": 6.61,
    "success_pct": 93.39,
    "cc_failed": 28,
    "cc_pct_of_failures": 24.56,
    "non_cc_failed": 86,
    "non_cc_failure_pct": 5.07
  },
  "by_adapter": [
    {
      "adapter": "SABRE_HOTEL",
      "total": 749,
      "successful": 727,
      "failed": 22,
      "failure_pct": 2.94
    },
    {
      "adapter": "EAN_RAPID",
      "total": 544,
      "successful": 519,
      "failed": 25,
      "failure_pct": 4.6
    },
    {
      "adapter": "PRICELINE_HOTEL",
      "total": 311,
      "successful": 287,
      "failed": 24,
      "failure_pct": 7.72
    },
    {
      "adapter": "ATI",
      "total": 68,
      "successful": 30,
      "failed": 38,
      "failure_pct": 55.88
    },
    {
      "adapter": "BEDS_ONLINE",
      "total": 48,
      "successful": 43,
      "failed": 5,
      "failure_pct": 10.42
    },
    {
      "adapter": "GWS",
      "total": 5,
      "successful": 5,
      "failed": 0,
      "failure_pct": 0.0
    }
  ],
  "by_licensee": [
    {
      "licensee_id": 72,
      "total": 279,
      "successful": 257,
      "failed": 22,
      "failure_pct": 7.89
    },
    {
      "licensee_id": 49,
      "total": 274,
      "successful": 256,
      "failed": 18,
      "failure_pct": 6.57
    },
    {
      "licensee_id": 1,
      "total": 257,
      "successful": 239,
      "failed": 18,
      "failure_pct": 7.0
    },
    {
      "licensee_id": 34,
      "total": 202,
      "successful": 191,
      "failed": 11,
      "failure_pct": 5.45
    },
    {
      "licensee_id": 40,
      "total": 142,
      "successful": 130,
      "failed": 12,
      "failure_pct": 8.45
    },
    {
      "licensee_id": 50,
      "total": 103,
      "successful": 102,
      "failed": 1,
      "failure_pct": 0.97
    },
    {
      "licensee_id": 55,
      "total": 80,
      "successful": 74,
      "failed": 6,
      "failure_pct": 7.5
    },
    {
      "licensee_id": 57,
      "total": 66,
      "successful": 65,
      "failed": 1,
      "failure_pct": 1.52
    },
    {
      "licensee_id": 39,
      "total": 54,
      "successful": 49,
      "failed": 5,
      "failure_pct": 9.26
    },
    {
      "licensee_id": 3,
      "total": 52,
      "successful": 44,
      "failed": 8,
      "failure_pct": 15.38
    }
  ],
  "hourly_trend": [
    {
      "hour": "2026-05-18 18:00:00",
      "total": 51,
      "successful": 44,
      "failed": 7
    },
    {
      "hour": "2026-05-18 19:00:00",
      "total": 119,
      "successful": 113,
      "failed": 6
    },
    {
      "hour": "2026-05-18 20:00:00",
      "total": 138,
      "successful": 129,
      "failed": 9
    },
    {
      "hour": "2026-05-18 21:00:00",
      "total": 132,
      "successful": 125,
      "failed": 7
    },
    {
      "hour": "2026-05-18 22:00:00",
      "total": 94,
      "successful": 91,
      "failed": 3
    },
    {
      "hour": "2026-05-18 23:00:00",
      "total": 105,
      "successful": 98,
      "failed": 7
    },
    {
      "hour": "2026-05-19 00:00:00",
      "total": 80,
      "successful": 77,
      "failed": 3
    },
    {
      "hour": "2026-05-19 01:00:00",
      "total": 80,
      "successful": 73,
      "failed": 7
    },
    {
      "hour": "2026-05-19 02:00:00",
      "total": 84,
      "successful": 76,
      "failed": 8
    },
    {
      "hour": "2026-05-19 03:00:00",
      "total": 58,
      "successful": 56,
      "failed": 2
    },
    {
      "hour": "2026-05-19 04:00:00",
      "total": 61,
      "successful": 52,
      "failed": 9
    },
    {
      "hour": "2026-05-19 05:00:00",
      "total": 28,
      "successful": 24,
      "failed": 4
    },
    {
      "hour": "2026-05-19 06:00:00",
      "total": 19,
      "successful": 18,
      "failed": 1
    },
    {
      "hour": "2026-05-19 07:00:00",
      "total": 7,
      "successful": 7,
      "failed": 0
    },
    {
      "hour": "2026-05-19 08:00:00",
      "total": 7,
      "successful": 4,
      "failed": 3
    },
    {
      "hour": "2026-05-19 09:00:00",
      "total": 8,
      "successful": 8,
      "failed": 0
    },
    {
      "hour": "2026-05-19 10:00:00",
      "total": 9,
      "successful": 9,
      "failed": 0
    },
    {
      "hour": "2026-05-19 11:00:00",
      "total": 16,
      "successful": 15,
      "failed": 1
    },
    {
      "hour": "2026-05-19 12:00:00",
      "total": 31,
      "successful": 29,
      "failed": 2
    },
    {
      "hour": "2026-05-19 13:00:00",
      "total": 47,
      "successful": 44,
      "failed": 3
    },
    {
      "hour": "2026-05-19 14:00:00",
      "total": 100,
      "successful": 93,
      "failed": 7
    },
    {
      "hour": "2026-05-19 15:00:00",
      "total": 108,
      "successful": 101,
      "failed": 7
    },
    {
      "hour": "2026-05-19 16:00:00",
      "total": 121,
      "successful": 118,
      "failed": 3
    },
    {
      "hour": "2026-05-19 17:00:00",
      "total": 128,
      "successful": 119,
      "failed": 9
    },
    {
      "hour": "2026-05-19 18:00:00",
      "total": 94,
      "successful": 88,
      "failed": 6
    }
  ],
  "top_failure_reasons": [
    {
      "reason": "This room rate is no longer available. Please select another room.",
      "count": 35,
      "adapters": "ATI"
    },
    {
      "reason": "Provided card number is invalid.",
      "count": 11,
      "adapters": "EAN_RAPID"
    },
    {
      "reason": "Hotel.Express.Book: Requested room is not available",
      "count": 9,
      "adapters": "PRICELINE_HOTEL"
    },
    {
      "reason": "Hotel.Express.Book: Booking failed due to CC failure",
      "count": 7,
      "adapters": "PRICELINE_HOTEL"
    },
    {
      "reason": "Pnr has not been created successfully, see remaining messages for detailsEnhancedhotelbookrq: unable to perform hotel booking step. see below messages for details.. updatereservationrq: $invalid cc checksum$ (code: 3009)",
      "count": 6,
      "adapters": "SABRE_HOTEL"
    },
    {
      "reason": "Pnr has not been created successfully, see remaining messages for detailsEnhancedhotelbookrq: hotel booking segment status is unconfirmed. please retry the transaction.. updatereservationrq: invalid loyalty id (code: warn.5136)",
      "count": 5,
      "adapters": "SABRE_HOTEL"
    },
    {
      "reason": "Hotel.Express.Contract: Rates not found",
      "count": 5,
      "adapters": "PRICELINE_HOTEL"
    },
    {
      "reason": "The payment could not be processed due to suspected fraud. The card holder should contact their issuing bank for more information.",
      "count": 3,
      "adapters": "EAN_RAPID"
    },
    {
      "reason": "Pnr has not been created successfully, see remaining messages for detailsEnhancedhotelbookrq: hotel booking segment status is unconfirmed. please retry the transaction.. updatereservationrq: requested rate not available (code: warn.0450)",
      "count": 3,
      "adapters": "SABRE_HOTEL"
    },
    {
      "reason": "The payment could not be processed. The card holder should contact their issuing bank for more information.",
      "count": 3,
      "adapters": "EAN_RAPID"
    }
  ]
}
Archived existing dashboard → index_20260519_143906.html
[2/4] Generating dashboard...
Dashboard saved to: /Users/jayaprasadkakkassery/myExperements/my-dashboard/index.html
Open in browser:    open /Users/jayaprasadkakkassery/myExperements/my-dashboard/index.html
[3/4] Pushing to GitHub Pages...
[gh-pages 5a790e3] Dashboard refresh (Last 24 hour(s) · All licensees & adapters) - 2026-05-19 14:39:07
 2 files changed, 620 insertions(+), 109 deletions(-)
 create mode 100644 index_20260519_143906.html
============================================
 TST Booking Dashboard - Refreshing...
 Range  : Last 24 hour(s)
 Filters: · All licensees & adapters
============================================
[1/4] Querying database (Last 24 hour(s) · All licensees & adapters)...
{
  "status": "ok",
  "generated_at": "2026-05-19 19:39:12 UTC",
  "interval_hours": 24,
  "filters": {
    "licensee_id": "all",
    "adapter_name": "all"
  },
  "summary": {
    "total": 1756,
    "successful": 1645,
    "failed": 111,
    "failure_pct": 6.32,
    "success_pct": 93.68,
    "cc_failed": 29,
    "cc_pct_of_failures": 26.13,
    "non_cc_failed": 82,
    "non_cc_failure_pct": 4.75
  },
  "by_adapter": [
    {
      "adapter": "SABRE_HOTEL",
      "total": 758,
      "successful": 738,
      "failed": 20,
      "failure_pct": 2.64
    },
    {
      "adapter": "EAN_RAPID",
      "total": 563,
      "successful": 537,
      "failed": 26,
      "failure_pct": 4.62
    },
    {
      "adapter": "PRICELINE_HOTEL",
      "total": 313,
      "successful": 287,
      "failed": 26,
      "failure_pct": 8.31
    },
    {
      "adapter": "ATI",
      "total": 61,
      "successful": 27,
      "failed": 34,
      "failure_pct": 55.74
    },
    {
      "adapter": "BEDS_ONLINE",
      "total": 53,
      "successful": 48,
      "failed": 5,
      "failure_pct": 9.43
    },
    {
      "adapter": "GWS",
      "total": 8,
      "successful": 8,
      "failed": 0,
      "failure_pct": 0.0
    }
  ],
  "by_licensee": [
    {
      "licensee_id": 72,
      "total": 281,
      "successful": 260,
      "failed": 21,
      "failure_pct": 7.47
    },
    {
      "licensee_id": 49,
      "total": 276,
      "successful": 261,
      "failed": 15,
      "failure_pct": 5.43
    },
    {
      "licensee_id": 1,
      "total": 259,
      "successful": 241,
      "failed": 18,
      "failure_pct": 6.95
    },
    {
      "licensee_id": 34,
      "total": 216,
      "successful": 202,
      "failed": 14,
      "failure_pct": 6.48
    },
    {
      "licensee_id": 40,
      "total": 136,
      "successful": 125,
      "failed": 11,
      "failure_pct": 8.09
    },
    {
      "licensee_id": 50,
      "total": 97,
      "successful": 96,
      "failed": 1,
      "failure_pct": 1.03
    },
    {
      "licensee_id": 55,
      "total": 86,
      "successful": 80,
      "failed": 6,
      "failure_pct": 6.98
    },
    {
      "licensee_id": 57,
      "total": 64,
      "successful": 63,
      "failed": 1,
      "failure_pct": 1.56
    },
    {
      "licensee_id": 39,
      "total": 64,
      "successful": 59,
      "failed": 5,
      "failure_pct": 7.81
    },
    {
      "licensee_id": 3,
      "total": 54,
      "successful": 46,
      "failed": 8,
      "failure_pct": 14.81
    }
  ],
  "hourly_trend": [
    {
      "hour": "2026-05-18 19:00:00",
      "total": 40,
      "successful": 38,
      "failed": 2
    },
    {
      "hour": "2026-05-18 20:00:00",
      "total": 138,
      "successful": 129,
      "failed": 9
    },
    {
      "hour": "2026-05-18 21:00:00",
      "total": 132,
      "successful": 125,
      "failed": 7
    },
    {
      "hour": "2026-05-18 22:00:00",
      "total": 94,
      "successful": 91,
      "failed": 3
    },
    {
      "hour": "2026-05-18 23:00:00",
      "total": 105,
      "successful": 98,
      "failed": 7
    },
    {
      "hour": "2026-05-19 00:00:00",
      "total": 80,
      "successful": 77,
      "failed": 3
    },
    {
      "hour": "2026-05-19 01:00:00",
      "total": 80,
      "successful": 73,
      "failed": 7
    },
    {
      "hour": "2026-05-19 02:00:00",
      "total": 84,
      "successful": 76,
      "failed": 8
    },
    {
      "hour": "2026-05-19 03:00:00",
      "total": 58,
      "successful": 56,
      "failed": 2
    },
    {
      "hour": "2026-05-19 04:00:00",
      "total": 61,
      "successful": 52,
      "failed": 9
    },
    {
      "hour": "2026-05-19 05:00:00",
      "total": 28,
      "successful": 24,
      "failed": 4
    },
    {
      "hour": "2026-05-19 06:00:00",
      "total": 19,
      "successful": 18,
      "failed": 1
    },
    {
      "hour": "2026-05-19 07:00:00",
      "total": 7,
      "successful": 7,
      "failed": 0
    },
    {
      "hour": "2026-05-19 08:00:00",
      "total": 7,
      "successful": 4,
      "failed": 3
    },
    {
      "hour": "2026-05-19 09:00:00",
      "total": 8,
      "successful": 8,
      "failed": 0
    },
    {
      "hour": "2026-05-19 10:00:00",
      "total": 9,
      "successful": 9,
      "failed": 0
    },
    {
      "hour": "2026-05-19 11:00:00",
      "total": 16,
      "successful": 15,
      "failed": 1
    },
    {
      "hour": "2026-05-19 12:00:00",
      "total": 31,
      "successful": 29,
      "failed": 2
    },
    {
      "hour": "2026-05-19 13:00:00",
      "total": 47,
      "successful": 44,
      "failed": 3
    },
    {
      "hour": "2026-05-19 14:00:00",
      "total": 100,
      "successful": 93,
      "failed": 7
    },
    {
      "hour": "2026-05-19 15:00:00",
      "total": 108,
      "successful": 101,
      "failed": 7
    },
    {
      "hour": "2026-05-19 16:00:00",
      "total": 121,
      "successful": 118,
      "failed": 3
    },
    {
      "hour": "2026-05-19 17:00:00",
      "total": 128,
      "successful": 119,
      "failed": 9
    },
    {
      "hour": "2026-05-19 18:00:00",
      "total": 140,
      "successful": 131,
      "failed": 9
    },
    {
      "hour": "2026-05-19 19:00:00",
      "total": 115,
      "successful": 110,
      "failed": 5
    }
  ],
  "top_failure_reasons": [
    {
      "reason": "This room rate is no longer available. Please select another room.",
      "count": 32,
      "adapters": "ATI"
    },
    {
      "reason": "Provided card number is invalid.",
      "count": 12,
      "adapters": "EAN_RAPID"
    },
    {
      "reason": "Hotel.Express.Book: Booking failed due to CC failure",
      "count": 9,
      "adapters": "PRICELINE_HOTEL"
    },
    {
      "reason": "Hotel.Express.Book: Requested room is not available",
      "count": 9,
      "adapters": "PRICELINE_HOTEL"
    },
    {
      "reason": "Pnr has not been created successfully, see remaining messages for detailsEnhancedhotelbookrq: unable to perform hotel booking step. see below messages for details.. updatereservationrq: $invalid cc checksum$ (code: 3009)",
      "count": 6,
      "adapters": "SABRE_HOTEL"
    },
    {
      "reason": "Pnr has not been created successfully, see remaining messages for detailsEnhancedhotelbookrq: hotel booking segment status is unconfirmed. please retry the transaction.. updatereservationrq: invalid loyalty id (code: warn.5136)",
      "count": 5,
      "adapters": "SABRE_HOTEL"
    },
    {
      "reason": "The payment could not be processed due to suspected fraud. The card holder should contact their issuing bank for more information.",
      "count": 4,
      "adapters": "EAN_RAPID"
    },
    {
      "reason": "Hotel.Express.Contract: Rates not found",
      "count": 4,
      "adapters": "PRICELINE_HOTEL"
    },
    {
      "reason": "Pnr has not been created successfully, see remaining messages for detailsEnhancedhotelbookrq: hotel booking segment status is unconfirmed. please retry the transaction.. updatereservationrq: requested rate not available (code: warn.0450)",
      "count": 3,
      "adapters": "SABRE_HOTEL"
    },
    {
      "reason": "The payment could not be processed because of insufficient funds.",
      "count": 3,
      "adapters": "EAN_RAPID"
    }
  ]
}
Archived existing dashboard → index_20260519_153913.html
[2/4] Generating dashboard...
Dashboard saved to: /Users/jayaprasadkakkassery/myExperements/my-dashboard/index.html
Open in browser:    open /Users/jayaprasadkakkassery/myExperements/my-dashboard/index.html
[3/4] Pushing to GitHub Pages...
[gh-pages 34940ff] Dashboard refresh (Last 24 hour(s) · All licensees & adapters) - 2026-05-19 15:39:13
 2 files changed, 619 insertions(+), 108 deletions(-)
 create mode 100644 index_20260519_153913.html
============================================
 TST Booking Dashboard - Refreshing...
 Range  : Last 24 hour(s)
 Filters: · All licensees & adapters
============================================
[1/4] Querying database (Last 24 hour(s) · All licensees & adapters)...
{
  "status": "ok",
  "generated_at": "2026-05-19 20:39:19 UTC",
  "interval_hours": 24,
  "filters": {
    "licensee_id": "all",
    "adapter_name": "all"
  },
  "summary": {
    "total": 1757,
    "successful": 1648,
    "failed": 109,
    "failure_pct": 6.2,
    "success_pct": 93.8,
    "cc_failed": 26,
    "cc_pct_of_failures": 23.85,
    "non_cc_failed": 83,
    "non_cc_failure_pct": 4.79
  },
  "by_adapter": [
    {
      "adapter": "SABRE_HOTEL",
      "total": 762,
      "successful": 743,
      "failed": 19,
      "failure_pct": 2.49
    },
    {
      "adapter": "EAN_RAPID",
      "total": 573,
      "successful": 549,
      "failed": 24,
      "failure_pct": 4.19
    },
    {
      "adapter": "PRICELINE_HOTEL",
      "total": 308,
      "successful": 280,
      "failed": 28,
      "failure_pct": 9.09
    },
    {
      "adapter": "ATI",
      "total": 57,
      "successful": 24,
      "failed": 33,
      "failure_pct": 57.89
    },
    {
      "adapter": "BEDS_ONLINE",
      "total": 51,
      "successful": 46,
      "failed": 5,
      "failure_pct": 9.8
    },
    {
      "adapter": "GWS",
      "total": 6,
      "successful": 6,
      "failed": 0,
      "failure_pct": 0.0
    }
  ],
  "by_licensee": [
    {
      "licensee_id": 72,
      "total": 282,
      "successful": 261,
      "failed": 21,
      "failure_pct": 7.45
    },
    {
      "licensee_id": 49,
      "total": 280,
      "successful": 264,
      "failed": 16,
      "failure_pct": 5.71
    },
    {
      "licensee_id": 1,
      "total": 264,
      "successful": 246,
      "failed": 18,
      "failure_pct": 6.82
    },
    {
      "licensee_id": 34,
      "total": 219,
      "successful": 206,
      "failed": 13,
      "failure_pct": 5.94
    },
    {
      "licensee_id": 40,
      "total": 135,
      "successful": 126,
      "failed": 9,
      "failure_pct": 6.67
    },
    {
      "licensee_id": 50,
      "total": 89,
      "successful": 87,
      "failed": 2,
      "failure_pct": 2.25
    },
    {
      "licensee_id": 55,
      "total": 80,
      "successful": 74,
      "failed": 6,
      "failure_pct": 7.5
    },
    {
      "licensee_id": 39,
      "total": 78,
      "successful": 73,
      "failed": 5,
      "failure_pct": 6.41
    },
    {
      "licensee_id": 57,
      "total": 64,
      "successful": 63,
      "failed": 1,
      "failure_pct": 1.56
    },
    {
      "licensee_id": 3,
      "total": 49,
      "successful": 41,
      "failed": 8,
      "failure_pct": 16.33
    }
  ],
  "hourly_trend": [
    {
      "hour": "2026-05-18 20:00:00",
      "total": 51,
      "successful": 46,
      "failed": 5
    },
    {
      "hour": "2026-05-18 21:00:00",
      "total": 132,
      "successful": 125,
      "failed": 7
    },
    {
      "hour": "2026-05-18 22:00:00",
      "total": 94,
      "successful": 91,
      "failed": 3
    },
    {
      "hour": "2026-05-18 23:00:00",
      "total": 105,
      "successful": 98,
      "failed": 7
    },
    {
      "hour": "2026-05-19 00:00:00",
      "total": 80,
      "successful": 77,
      "failed": 3
    },
    {
      "hour": "2026-05-19 01:00:00",
      "total": 80,
      "successful": 73,
      "failed": 7
    },
    {
      "hour": "2026-05-19 02:00:00",
      "total": 84,
      "successful": 76,
      "failed": 8
    },
    {
      "hour": "2026-05-19 03:00:00",
      "total": 58,
      "successful": 56,
      "failed": 2
    },
    {
      "hour": "2026-05-19 04:00:00",
      "total": 61,
      "successful": 52,
      "failed": 9
    },
    {
      "hour": "2026-05-19 05:00:00",
      "total": 28,
      "successful": 24,
      "failed": 4
    },
    {
      "hour": "2026-05-19 06:00:00",
      "total": 19,
      "successful": 18,
      "failed": 1
    },
    {
      "hour": "2026-05-19 07:00:00",
      "total": 7,
      "successful": 7,
      "failed": 0
    },
    {
      "hour": "2026-05-19 08:00:00",
      "total": 7,
      "successful": 4,
      "failed": 3
    },
    {
      "hour": "2026-05-19 09:00:00",
      "total": 8,
      "successful": 8,
      "failed": 0
    },
    {
      "hour": "2026-05-19 10:00:00",
      "total": 9,
      "successful": 9,
      "failed": 0
    },
    {
      "hour": "2026-05-19 11:00:00",
      "total": 16,
      "successful": 15,
      "failed": 1
    },
    {
      "hour": "2026-05-19 12:00:00",
      "total": 31,
      "successful": 29,
      "failed": 2
    },
    {
      "hour": "2026-05-19 13:00:00",
      "total": 47,
      "successful": 44,
      "failed": 3
    },
    {
      "hour": "2026-05-19 14:00:00",
      "total": 100,
      "successful": 93,
      "failed": 7
    },
    {
      "hour": "2026-05-19 15:00:00",
      "total": 108,
      "successful": 101,
      "failed": 7
    },
    {
      "hour": "2026-05-19 16:00:00",
      "total": 121,
      "successful": 118,
      "failed": 3
    },
    {
      "hour": "2026-05-19 17:00:00",
      "total": 128,
      "successful": 119,
      "failed": 9
    },
    {
      "hour": "2026-05-19 18:00:00",
      "total": 139,
      "successful": 131,
      "failed": 8
    },
    {
      "hour": "2026-05-19 19:00:00",
      "total": 153,
      "successful": 146,
      "failed": 7
    },
    {
      "hour": "2026-05-19 20:00:00",
      "total": 91,
      "successful": 88,
      "failed": 3
    }
  ],
  "top_failure_reasons": [
    {
      "reason": "This room rate is no longer available. Please select another room.",
      "count": 31,
      "adapters": "ATI"
    },
    {
      "reason": "Provided card number is invalid.",
      "count": 11,
      "adapters": "EAN_RAPID"
    },
    {
      "reason": "Hotel.Express.Book: Booking failed due to CC failure",
      "count": 10,
      "adapters": "PRICELINE_HOTEL"
    },
    {
      "reason": "Hotel.Express.Book: Requested room is not available",
      "count": 9,
      "adapters": "PRICELINE_HOTEL"
    },
    {
      "reason": "Pnr has not been created successfully, see remaining messages for detailsEnhancedhotelbookrq: unable to perform hotel booking step. see below messages for details.. updatereservationrq: $invalid cc checksum$ (code: 3009)",
      "count": 6,
      "adapters": "SABRE_HOTEL"
    },
    {
      "reason": "Hotel.Express.Contract: Rates not found",
      "count": 5,
      "adapters": "PRICELINE_HOTEL"
    },
    {
      "reason": "Pnr has not been created successfully, see remaining messages for detailsEnhancedhotelbookrq: hotel booking segment status is unconfirmed. please retry the transaction.. updatereservationrq: invalid loyalty id (code: warn.5136)",
      "count": 4,
      "adapters": "SABRE_HOTEL"
    },
    {
      "reason": "The payment could not be processed due to suspected fraud. The card holder should contact their issuing bank for more information.",
      "count": 4,
      "adapters": "EAN_RAPID"
    },
    {
      "reason": "One or more requested rooms are unavailable.",
      "count": 3,
      "adapters": "EAN_RAPID"
    },
    {
      "reason": "Pnr has not been created successfully, see remaining messages for detailsEnhancedhotelbookrq: hotel booking segment status is unconfirmed. please retry the transaction.. updatereservationrq: requested rate not available (code: warn.0450)",
      "count": 3,
      "adapters": "SABRE_HOTEL"
    }
  ]
}
Archived existing dashboard → index_20260519_163919.html
[2/4] Generating dashboard...
Dashboard saved to: /Users/jayaprasadkakkassery/myExperements/my-dashboard/index.html
Open in browser:    open /Users/jayaprasadkakkassery/myExperements/my-dashboard/index.html
[3/4] Pushing to GitHub Pages...
[gh-pages 1f13249] Dashboard refresh (Last 24 hour(s) · All licensees & adapters) - 2026-05-19 16:39:20
 2 files changed, 624 insertions(+), 113 deletions(-)
 create mode 100644 index_20260519_163919.html
============================================
 TST Booking Dashboard - Refreshing...
 Range  : Last 24 hour(s)
 Filters: · All licensees & adapters
============================================
[1/4] Querying database (Last 24 hour(s) · All licensees & adapters)...
{
  "status": "ok",
  "generated_at": "2026-05-19 21:39:26 UTC",
  "interval_hours": 24,
  "filters": {
    "licensee_id": "all",
    "adapter_name": "all"
  },
  "summary": {
    "total": 1745,
    "successful": 1645,
    "failed": 100,
    "failure_pct": 5.73,
    "success_pct": 94.27,
    "cc_failed": 26,
    "cc_pct_of_failures": 26.0,
    "non_cc_failed": 74,
    "non_cc_failure_pct": 4.3
  },
  "by_adapter": [
    {
      "adapter": "SABRE_HOTEL",
      "total": 747,
      "successful": 730,
      "failed": 17,
      "failure_pct": 2.28
    },
    {
      "adapter": "EAN_RAPID",
      "total": 582,
      "successful": 559,
      "failed": 23,
      "failure_pct": 3.95
    },
    {
      "adapter": "PRICELINE_HOTEL",
      "total": 308,
      "successful": 282,
      "failed": 26,
      "failure_pct": 8.44
    },
    {
      "adapter": "ATI",
      "total": 52,
      "successful": 23,
      "failed": 29,
      "failure_pct": 55.77
    },
    {
      "adapter": "BEDS_ONLINE",
      "total": 50,
      "successful": 45,
      "failed": 5,
      "failure_pct": 10.0
    },
    {
      "adapter": "GWS",
      "total": 6,
      "successful": 6,
      "failed": 0,
      "failure_pct": 0.0
    }
  ],
  "by_licensee": [
    {
      "licensee_id": 72,
      "total": 285,
      "successful": 266,
      "failed": 19,
      "failure_pct": 6.67
    },
    {
      "licensee_id": 49,
      "total": 283,
      "successful": 268,
      "failed": 15,
      "failure_pct": 5.3
    },
    {
      "licensee_id": 1,
      "total": 264,
      "successful": 250,
      "failed": 14,
      "failure_pct": 5.3
    },
    {
      "licensee_id": 34,
      "total": 214,
      "successful": 201,
      "failed": 13,
      "failure_pct": 6.07
    },
    {
      "licensee_id": 40,
      "total": 129,
      "successful": 121,
      "failed": 8,
      "failure_pct": 6.2
    },
    {
      "licensee_id": 39,
      "total": 87,
      "successful": 82,
      "failed": 5,
      "failure_pct": 5.75
    },
    {
      "licensee_id": 50,
      "total": 85,
      "successful": 82,
      "failed": 3,
      "failure_pct": 3.53
    },
    {
      "licensee_id": 55,
      "total": 78,
      "successful": 72,
      "failed": 6,
      "failure_pct": 7.69
    },
    {
      "licensee_id": 57,
      "total": 61,
      "successful": 60,
      "failed": 1,
      "failure_pct": 1.64
    },
    {
      "licensee_id": 3,
      "total": 46,
      "successful": 39,
      "failed": 7,
      "failure_pct": 15.22
    }
  ],
  "hourly_trend": [
    {
      "hour": "2026-05-18 21:00:00",
      "total": 61,
      "successful": 57,
      "failed": 4
    },
    {
      "hour": "2026-05-18 22:00:00",
      "total": 94,
      "successful": 91,
      "failed": 3
    },
    {
      "hour": "2026-05-18 23:00:00",
      "total": 105,
      "successful": 98,
      "failed": 7
    },
    {
      "hour": "2026-05-19 00:00:00",
      "total": 80,
      "successful": 77,
      "failed": 3
    },
    {
      "hour": "2026-05-19 01:00:00",
      "total": 80,
      "successful": 73,
      "failed": 7
    },
    {
      "hour": "2026-05-19 02:00:00",
      "total": 84,
      "successful": 76,
      "failed": 8
    },
    {
      "hour": "2026-05-19 03:00:00",
      "total": 58,
      "successful": 56,
      "failed": 2
    },
    {
      "hour": "2026-05-19 04:00:00",
      "total": 61,
      "successful": 52,
      "failed": 9
    },
    {
      "hour": "2026-05-19 05:00:00",
      "total": 28,
      "successful": 24,
      "failed": 4
    },
    {
      "hour": "2026-05-19 06:00:00",
      "total": 19,
      "successful": 18,
      "failed": 1
    },
    {
      "hour": "2026-05-19 07:00:00",
      "total": 7,
      "successful": 7,
      "failed": 0
    },
    {
      "hour": "2026-05-19 08:00:00",
      "total": 7,
      "successful": 4,
      "failed": 3
    },
    {
      "hour": "2026-05-19 09:00:00",
      "total": 8,
      "successful": 8,
      "failed": 0
    },
    {
      "hour": "2026-05-19 10:00:00",
      "total": 9,
      "successful": 9,
      "failed": 0
    },
    {
      "hour": "2026-05-19 11:00:00",
      "total": 16,
      "successful": 15,
      "failed": 1
    },
    {
      "hour": "2026-05-19 12:00:00",
      "total": 31,
      "successful": 29,
      "failed": 2
    },
    {
      "hour": "2026-05-19 13:00:00",
      "total": 47,
      "successful": 44,
      "failed": 3
    },
    {
      "hour": "2026-05-19 14:00:00",
      "total": 100,
      "successful": 93,
      "failed": 7
    },
    {
      "hour": "2026-05-19 15:00:00",
      "total": 108,
      "successful": 101,
      "failed": 7
    },
    {
      "hour": "2026-05-19 16:00:00",
      "total": 121,
      "successful": 118,
      "failed": 3
    },
    {
      "hour": "2026-05-19 17:00:00",
      "total": 128,
      "successful": 119,
      "failed": 9
    },
    {
      "hour": "2026-05-19 18:00:00",
      "total": 139,
      "successful": 131,
      "failed": 8
    },
    {
      "hour": "2026-05-19 19:00:00",
      "total": 153,
      "successful": 146,
      "failed": 7
    },
    {
      "hour": "2026-05-19 20:00:00",
      "total": 127,
      "successful": 126,
      "failed": 1
    },
    {
      "hour": "2026-05-19 21:00:00",
      "total": 74,
      "successful": 73,
      "failed": 1
    }
  ],
  "top_failure_reasons": [
    {
      "reason": "This room rate is no longer available. Please select another room.",
      "count": 27,
      "adapters": "ATI"
    },
    {
      "reason": "Provided card number is invalid.",
      "count": 11,
      "adapters": "EAN_RAPID"
    },
    {
      "reason": "Hotel.Express.Book: Booking failed due to CC failure",
      "count": 9,
      "adapters": "PRICELINE_HOTEL"
    },
    {
      "reason": "Hotel.Express.Book: Requested room is not available",
      "count": 8,
      "adapters": "PRICELINE_HOTEL"
    },
    {
      "reason": "Pnr has not been created successfully, see remaining messages for detailsEnhancedhotelbookrq: unable to perform hotel booking step. see below messages for details.. updatereservationrq: $invalid cc checksum$ (code: 3009)",
      "count": 6,
      "adapters": "SABRE_HOTEL"
    },
    {
      "reason": "Hotel.Express.Contract: Rates not found",
      "count": 5,
      "adapters": "PRICELINE_HOTEL"
    },
    {
      "reason": "The payment could not be processed due to suspected fraud. The card holder should contact their issuing bank for more information.",
      "count": 4,
      "adapters": "EAN_RAPID"
    },
    {
      "reason": "Pnr has not been created successfully, see remaining messages for detailsEnhancedhotelbookrq: hotel booking segment status is unconfirmed. please retry the transaction.. updatereservationrq: invalid loyalty id (code: warn.5136)",
      "count": 3,
      "adapters": "SABRE_HOTEL"
    },
    {
      "reason": "Pnr has not been created successfully, see remaining messages for detailsEnhancedhotelbookrq: hotel booking segment status is unconfirmed. please retry the transaction.. updatereservationrq: requested rate not available (code: warn.0450)",
      "count": 3,
      "adapters": "SABRE_HOTEL"
    },
    {
      "reason": "The payment has been refused, please retry with a different credit card.",
      "count": 3,
      "adapters": "BEDS_ONLINE"
    }
  ]
}
Archived existing dashboard → index_20260519_173926.html
[2/4] Generating dashboard...
Dashboard saved to: /Users/jayaprasadkakkassery/myExperements/my-dashboard/index.html
Open in browser:    open /Users/jayaprasadkakkassery/myExperements/my-dashboard/index.html
[3/4] Pushing to GitHub Pages...
[gh-pages 70f92ca] Dashboard refresh (Last 24 hour(s) · All licensees & adapters) - 2026-05-19 17:39:26
 2 files changed, 621 insertions(+), 110 deletions(-)
 create mode 100644 index_20260519_173926.html
============================================
 TST Booking Dashboard - Refreshing...
 Range  : Last 24 hour(s)
 Filters: · All licensees & adapters
============================================
[1/4] Querying database (Last 24 hour(s) · All licensees & adapters)...
{
  "status": "ok",
  "generated_at": "2026-05-19 22:39:44 UTC",
  "interval_hours": 24,
  "filters": {
    "licensee_id": "all",
    "adapter_name": "all"
  },
  "summary": {
    "total": 1715,
    "successful": 1616,
    "failed": 99,
    "failure_pct": 5.77,
    "success_pct": 94.23,
    "cc_failed": 26,
    "cc_pct_of_failures": 26.26,
    "non_cc_failed": 73,
    "non_cc_failure_pct": 4.32
  },
  "by_adapter": [
    {
      "adapter": "SABRE_HOTEL",
      "total": 746,
      "successful": 729,
      "failed": 17,
      "failure_pct": 2.28
    },
    {
      "adapter": "EAN_RAPID",
      "total": 576,
      "successful": 553,
      "failed": 23,
      "failure_pct": 3.99
    },
    {
      "adapter": "PRICELINE_HOTEL",
      "total": 295,
      "successful": 267,
      "failed": 28,
      "failure_pct": 9.49
    },
    {
      "adapter": "ATI",
      "total": 48,
      "successful": 22,
      "failed": 26,
      "failure_pct": 54.17
    },
    {
      "adapter": "BEDS_ONLINE",
      "total": 47,
      "successful": 42,
      "failed": 5,
      "failure_pct": 10.64
    },
    {
      "adapter": "GWS",
      "total": 3,
      "successful": 3,
      "failed": 0,
      "failure_pct": 0.0
    }
  ],
  "by_licensee": [
    {
      "licensee_id": 72,
      "total": 292,
      "successful": 274,
      "failed": 18,
      "failure_pct": 6.16
    },
    {
      "licensee_id": 1,
      "total": 271,
      "successful": 259,
      "failed": 12,
      "failure_pct": 4.43
    },
    {
      "licensee_id": 49,
      "total": 270,
      "successful": 256,
      "failed": 14,
      "failure_pct": 5.19
    },
    {
      "licensee_id": 34,
      "total": 204,
      "successful": 191,
      "failed": 13,
      "failure_pct": 6.37
    },
    {
      "licensee_id": 40,
      "total": 133,
      "successful": 123,
      "failed": 10,
      "failure_pct": 7.52
    },
    {
      "licensee_id": 39,
      "total": 85,
      "successful": 80,
      "failed": 5,
      "failure_pct": 5.88
    },
    {
      "licensee_id": 55,
      "total": 74,
      "successful": 68,
      "failed": 6,
      "failure_pct": 8.11
    },
    {
      "licensee_id": 50,
      "total": 69,
      "successful": 65,
      "failed": 4,
      "failure_pct": 5.8
    },
    {
      "licensee_id": 57,
      "total": 63,
      "successful": 62,
      "failed": 1,
      "failure_pct": 1.59
    },
    {
      "licensee_id": 3,
      "total": 46,
      "successful": 40,
      "failed": 6,
      "failure_pct": 13.04
    }
  ],
  "hourly_trend": [
    {
      "hour": "2026-05-18 22:00:00",
      "total": 36,
      "successful": 35,
      "failed": 1
    },
    {
      "hour": "2026-05-18 23:00:00",
      "total": 105,
      "successful": 98,
      "failed": 7
    },
    {
      "hour": "2026-05-19 00:00:00",
      "total": 80,
      "successful": 77,
      "failed": 3
    },
    {
      "hour": "2026-05-19 01:00:00",
      "total": 80,
      "successful": 73,
      "failed": 7
    },
    {
      "hour": "2026-05-19 02:00:00",
      "total": 84,
      "successful": 76,
      "failed": 8
    },
    {
      "hour": "2026-05-19 03:00:00",
      "total": 58,
      "successful": 56,
      "failed": 2
    },
    {
      "hour": "2026-05-19 04:00:00",
      "total": 61,
      "successful": 52,
      "failed": 9
    },
    {
      "hour": "2026-05-19 05:00:00",
      "total": 28,
      "successful": 24,
      "failed": 4
    },
    {
      "hour": "2026-05-19 06:00:00",
      "total": 19,
      "successful": 18,
      "failed": 1
    },
    {
      "hour": "2026-05-19 07:00:00",
      "total": 7,
      "successful": 7,
      "failed": 0
    },
    {
      "hour": "2026-05-19 08:00:00",
      "total": 7,
      "successful": 4,
      "failed": 3
    },
    {
      "hour": "2026-05-19 09:00:00",
      "total": 8,
      "successful": 8,
      "failed": 0
    },
    {
      "hour": "2026-05-19 10:00:00",
      "total": 9,
      "successful": 9,
      "failed": 0
    },
    {
      "hour": "2026-05-19 11:00:00",
      "total": 16,
      "successful": 15,
      "failed": 1
    },
    {
      "hour": "2026-05-19 12:00:00",
      "total": 31,
      "successful": 29,
      "failed": 2
    },
    {
      "hour": "2026-05-19 13:00:00",
      "total": 47,
      "successful": 44,
      "failed": 3
    },
    {
      "hour": "2026-05-19 14:00:00",
      "total": 100,
      "successful": 93,
      "failed": 7
    },
    {
      "hour": "2026-05-19 15:00:00",
      "total": 108,
      "successful": 101,
      "failed": 7
    },
    {
      "hour": "2026-05-19 16:00:00",
      "total": 121,
      "successful": 118,
      "failed": 3
    },
    {
      "hour": "2026-05-19 17:00:00",
      "total": 128,
      "successful": 119,
      "failed": 9
    },
    {
      "hour": "2026-05-19 18:00:00",
      "total": 139,
      "successful": 131,
      "failed": 8
    },
    {
      "hour": "2026-05-19 19:00:00",
      "total": 153,
      "successful": 146,
      "failed": 7
    },
    {
      "hour": "2026-05-19 20:00:00",
      "total": 127,
      "successful": 126,
      "failed": 1
    },
    {
      "hour": "2026-05-19 21:00:00",
      "total": 101,
      "successful": 99,
      "failed": 2
    },
    {
      "hour": "2026-05-19 22:00:00",
      "total": 62,
      "successful": 58,
      "failed": 4
    }
  ],
  "top_failure_reasons": [
    {
      "reason": "This room rate is no longer available. Please select another room.",
      "count": 25,
      "adapters": "ATI"
    },
    {
      "reason": "Hotel.Express.Book: Booking failed due to CC failure",
      "count": 11,
      "adapters": "PRICELINE_HOTEL"
    },
    {
      "reason": "Provided card number is invalid.",
      "count": 8,
      "adapters": "EAN_RAPID"
    },
    {
      "reason": "Hotel.Express.Book: Requested room is not available",
      "count": 8,
      "adapters": "PRICELINE_HOTEL"
    },
    {
      "reason": "Pnr has not been created successfully, see remaining messages for detailsEnhancedhotelbookrq: unable to perform hotel booking step. see below messages for details.. updatereservationrq: $invalid cc checksum$ (code: 3009)",
      "count": 6,
      "adapters": "SABRE_HOTEL"
    },
    {
      "reason": "Hotel.Express.Contract: Rates not found",
      "count": 5,
      "adapters": "PRICELINE_HOTEL"
    },
    {
      "reason": "The payment could not be processed due to suspected fraud. The card holder should contact their issuing bank for more information.",
      "count": 4,
      "adapters": "EAN_RAPID"
    },
    {
      "reason": "The card payment could not be processed because the card expiration date has passed.",
      "count": 3,
      "adapters": "EAN_RAPID"
    },
    {
      "reason": "The payment has been refused, please retry with a different credit card.",
      "count": 3,
      "adapters": "BEDS_ONLINE"
    },
    {
      "reason": "Pnr has not been created successfully, see remaining messages for detailsEnhancedhotelbookrq: hotel booking segment status is unconfirmed. please retry the transaction.. updatereservationrq: invalid loyalty id (code: warn.5136)",
      "count": 3,
      "adapters": "SABRE_HOTEL"
    }
  ]
}
Archived existing dashboard → index_20260519_183945.html
[2/4] Generating dashboard...
Dashboard saved to: /Users/jayaprasadkakkassery/myExperements/my-dashboard/index.html
Open in browser:    open /Users/jayaprasadkakkassery/myExperements/my-dashboard/index.html
[3/4] Pushing to GitHub Pages...
[gh-pages 4a43dcd] Dashboard refresh (Last 24 hour(s) · All licensees & adapters) - 2026-05-19 18:39:45
 2 files changed, 616 insertions(+), 105 deletions(-)
 create mode 100644 index_20260519_183945.html
============================================
 TST Booking Dashboard - Refreshing...
 Range  : Last 24 hour(s)
 Filters: · All licensees & adapters
============================================
[1/4] Querying database (Last 24 hour(s) · All licensees & adapters)...
{
  "status": "ok",
  "generated_at": "2026-05-19 23:39:50 UTC",
  "interval_hours": 24,
  "filters": {
    "licensee_id": "all",
    "adapter_name": "all"
  },
  "summary": {
    "total": 1719,
    "successful": 1619,
    "failed": 100,
    "failure_pct": 5.82,
    "success_pct": 94.18,
    "cc_failed": 24,
    "cc_pct_of_failures": 24.0,
    "non_cc_failed": 76,
    "non_cc_failure_pct": 4.48
  },
  "by_adapter": [
    {
      "adapter": "SABRE_HOTEL",
      "total": 747,
      "successful": 727,
      "failed": 20,
      "failure_pct": 2.68
    },
    {
      "adapter": "EAN_RAPID",
      "total": 576,
      "successful": 554,
      "failed": 22,
      "failure_pct": 3.82
    },
    {
      "adapter": "PRICELINE_HOTEL",
      "total": 299,
      "successful": 273,
      "failed": 26,
      "failure_pct": 8.7
    },
    {
      "adapter": "ATI",
      "total": 52,
      "successful": 25,
      "failed": 27,
      "failure_pct": 51.92
    },
    {
      "adapter": "BEDS_ONLINE",
      "total": 42,
      "successful": 37,
      "failed": 5,
      "failure_pct": 11.9
    },
    {
      "adapter": "GWS",
      "total": 3,
      "successful": 3,
      "failed": 0,
      "failure_pct": 0.0
    }
  ],
  "by_licensee": [
    {
      "licensee_id": 72,
      "total": 291,
      "successful": 273,
      "failed": 18,
      "failure_pct": 6.19
    },
    {
      "licensee_id": 49,
      "total": 276,
      "successful": 260,
      "failed": 16,
      "failure_pct": 5.8
    },
    {
      "licensee_id": 1,
      "total": 266,
      "successful": 253,
      "failed": 13,
      "failure_pct": 4.89
    },
    {
      "licensee_id": 34,
      "total": 210,
      "successful": 198,
      "failed": 12,
      "failure_pct": 5.71
    },
    {
      "licensee_id": 40,
      "total": 127,
      "successful": 121,
      "failed": 6,
      "failure_pct": 4.72
    },
    {
      "licensee_id": 39,
      "total": 84,
      "successful": 79,
      "failed": 5,
      "failure_pct": 5.95
    },
    {
      "licensee_id": 55,
      "total": 74,
      "successful": 68,
      "failed": 6,
      "failure_pct": 8.11
    },
    {
      "licensee_id": 50,
      "total": 67,
      "successful": 63,
      "failed": 4,
      "failure_pct": 5.97
    },
    {
      "licensee_id": 57,
      "total": 66,
      "successful": 65,
      "failed": 1,
      "failure_pct": 1.52
    },
    {
      "licensee_id": 3,
      "total": 49,
      "successful": 42,
      "failed": 7,
      "failure_pct": 14.29
    }
  ],
  "hourly_trend": [
    {
      "hour": "2026-05-18 23:00:00",
      "total": 41,
      "successful": 38,
      "failed": 3
    },
    {
      "hour": "2026-05-19 00:00:00",
      "total": 80,
      "successful": 77,
      "failed": 3
    },
    {
      "hour": "2026-05-19 01:00:00",
      "total": 80,
      "successful": 73,
      "failed": 7
    },
    {
      "hour": "2026-05-19 02:00:00",
      "total": 84,
      "successful": 76,
      "failed": 8
    },
    {
      "hour": "2026-05-19 03:00:00",
      "total": 58,
      "successful": 56,
      "failed": 2
    },
    {
      "hour": "2026-05-19 04:00:00",
      "total": 61,
      "successful": 52,
      "failed": 9
    },
    {
      "hour": "2026-05-19 05:00:00",
      "total": 28,
      "successful": 24,
      "failed": 4
    },
    {
      "hour": "2026-05-19 06:00:00",
      "total": 19,
      "successful": 18,
      "failed": 1
    },
    {
      "hour": "2026-05-19 07:00:00",
      "total": 7,
      "successful": 7,
      "failed": 0
    },
    {
      "hour": "2026-05-19 08:00:00",
      "total": 7,
      "successful": 4,
      "failed": 3
    },
    {
      "hour": "2026-05-19 09:00:00",
      "total": 8,
      "successful": 8,
      "failed": 0
    },
    {
      "hour": "2026-05-19 10:00:00",
      "total": 9,
      "successful": 9,
      "failed": 0
    },
    {
      "hour": "2026-05-19 11:00:00",
      "total": 16,
      "successful": 15,
      "failed": 1
    },
    {
      "hour": "2026-05-19 12:00:00",
      "total": 31,
      "successful": 29,
      "failed": 2
    },
    {
      "hour": "2026-05-19 13:00:00",
      "total": 47,
      "successful": 44,
      "failed": 3
    },
    {
      "hour": "2026-05-19 14:00:00",
      "total": 100,
      "successful": 93,
      "failed": 7
    },
    {
      "hour": "2026-05-19 15:00:00",
      "total": 108,
      "successful": 101,
      "failed": 7
    },
    {
      "hour": "2026-05-19 16:00:00",
      "total": 121,
      "successful": 118,
      "failed": 3
    },
    {
      "hour": "2026-05-19 17:00:00",
      "total": 128,
      "successful": 119,
      "failed": 9
    },
    {
      "hour": "2026-05-19 18:00:00",
      "total": 139,
      "successful": 131,
      "failed": 8
    },
    {
      "hour": "2026-05-19 19:00:00",
      "total": 153,
      "successful": 146,
      "failed": 7
    },
    {
      "hour": "2026-05-19 20:00:00",
      "total": 127,
      "successful": 126,
      "failed": 1
    },
    {
      "hour": "2026-05-19 21:00:00",
      "total": 101,
      "successful": 99,
      "failed": 2
    },
    {
      "hour": "2026-05-19 22:00:00",
      "total": 94,
      "successful": 90,
      "failed": 4
    },
    {
      "hour": "2026-05-19 23:00:00",
      "total": 72,
      "successful": 66,
      "failed": 6
    }
  ],
  "top_failure_reasons": [
    {
      "reason": "This room rate is no longer available. Please select another room.",
      "count": 26,
      "adapters": "ATI"
    },
    {
      "reason": "Hotel.Express.Book: Booking failed due to CC failure",
      "count": 9,
      "adapters": "PRICELINE_HOTEL"
    },
    {
      "reason": "Provided card number is invalid.",
      "count": 8,
      "adapters": "EAN_RAPID"
    },
    {
      "reason": "Hotel.Express.Book: Requested room is not available",
      "count": 8,
      "adapters": "PRICELINE_HOTEL"
    },
    {
      "reason": "Pnr has not been created successfully, see remaining messages for detailsEnhancedhotelbookrq: unable to perform hotel booking step. see below messages for details.. updatereservationrq: $invalid cc checksum$ (code: 3009)",
      "count": 7,
      "adapters": "SABRE_HOTEL"
    },
    {
      "reason": "Pnr has not been created successfully, see remaining messages for detailsEnhancedhotelbookrq: hotel booking segment status is unconfirmed. please retry the transaction.. updatereservationrq: associate system unable to process (code: warn.5136)",
      "count": 5,
      "adapters": "SABRE_HOTEL"
    },
    {
      "reason": "Hotel.Express.Contract: Rates not found",
      "count": 5,
      "adapters": "PRICELINE_HOTEL"
    },
    {
      "reason": "The payment could not be processed due to suspected fraud. The card holder should contact their issuing bank for more information.",
      "count": 4,
      "adapters": "EAN_RAPID"
    },
    {
      "reason": "The payment has been refused, please retry with a different credit card.",
      "count": 3,
      "adapters": "BEDS_ONLINE"
    },
    {
      "reason": "One or more requested rooms are unavailable.",
      "count": 3,
      "adapters": "EAN_RAPID"
    }
  ]
}
Archived existing dashboard → index_20260519_193950.html
[2/4] Generating dashboard...
Dashboard saved to: /Users/jayaprasadkakkassery/myExperements/my-dashboard/index.html
Open in browser:    open /Users/jayaprasadkakkassery/myExperements/my-dashboard/index.html
[3/4] Pushing to GitHub Pages...
[gh-pages 519bd15] Dashboard refresh (Last 24 hour(s) · All licensees & adapters) - 2026-05-19 19:39:51
 2 files changed, 613 insertions(+), 102 deletions(-)
 create mode 100644 index_20260519_193950.html
============================================
 TST Booking Dashboard - Refreshing...
 Range  : Last 24 hour(s)
 Filters: · All licensees & adapters
============================================
[1/4] Querying database (Last 24 hour(s) · All licensees & adapters)...
{
  "status": "ok",
  "generated_at": "2026-05-20 00:39:56 UTC",
  "interval_hours": 24,
  "filters": {
    "licensee_id": "all",
    "adapter_name": "all"
  },
  "summary": {
    "total": 1744,
    "successful": 1641,
    "failed": 103,
    "failure_pct": 5.91,
    "success_pct": 94.09,
    "cc_failed": 26,
    "cc_pct_of_failures": 25.24,
    "non_cc_failed": 77,
    "non_cc_failure_pct": 4.48
  },
  "by_adapter": [
    {
      "adapter": "SABRE_HOTEL",
      "total": 760,
      "successful": 739,
      "failed": 21,
      "failure_pct": 2.76
    },
    {
      "adapter": "EAN_RAPID",
      "total": 589,
      "successful": 565,
      "failed": 24,
      "failure_pct": 4.07
    },
    {
      "adapter": "PRICELINE_HOTEL",
      "total": 300,
      "successful": 273,
      "failed": 27,
      "failure_pct": 9.0
    },
    {
      "adapter": "ATI",
      "total": 50,
      "successful": 24,
      "failed": 26,
      "failure_pct": 52.0
    },
    {
      "adapter": "BEDS_ONLINE",
      "total": 42,
      "successful": 37,
      "failed": 5,
      "failure_pct": 11.9
    },
    {
      "adapter": "GWS",
      "total": 3,
      "successful": 3,
      "failed": 0,
      "failure_pct": 0.0
    }
  ],
  "by_licensee": [
    {
      "licensee_id": 72,
      "total": 291,
      "successful": 272,
      "failed": 19,
      "failure_pct": 6.53
    },
    {
      "licensee_id": 1,
      "total": 280,
      "successful": 266,
      "failed": 14,
      "failure_pct": 5.0
    },
    {
      "licensee_id": 49,
      "total": 274,
      "successful": 258,
      "failed": 16,
      "failure_pct": 5.84
    },
    {
      "licensee_id": 34,
      "total": 219,
      "successful": 207,
      "failed": 12,
      "failure_pct": 5.48
    },
    {
      "licensee_id": 40,
      "total": 128,
      "successful": 120,
      "failed": 8,
      "failure_pct": 6.25
    },
    {
      "licensee_id": 39,
      "total": 86,
      "successful": 81,
      "failed": 5,
      "failure_pct": 5.81
    },
    {
      "licensee_id": 55,
      "total": 72,
      "successful": 67,
      "failed": 5,
      "failure_pct": 6.94
    },
    {
      "licensee_id": 50,
      "total": 68,
      "successful": 64,
      "failed": 4,
      "failure_pct": 5.88
    },
    {
      "licensee_id": 57,
      "total": 68,
      "successful": 67,
      "failed": 1,
      "failure_pct": 1.47
    },
    {
      "licensee_id": 3,
      "total": 52,
      "successful": 46,
      "failed": 6,
      "failure_pct": 11.54
    }
  ],
  "hourly_trend": [
    {
      "hour": "2026-05-19 00:00:00",
      "total": 31,
      "successful": 28,
      "failed": 3
    },
    {
      "hour": "2026-05-19 01:00:00",
      "total": 80,
      "successful": 73,
      "failed": 7
    },
    {
      "hour": "2026-05-19 02:00:00",
      "total": 84,
      "successful": 76,
      "failed": 8
    },
    {
      "hour": "2026-05-19 03:00:00",
      "total": 58,
      "successful": 56,
      "failed": 2
    },
    {
      "hour": "2026-05-19 04:00:00",
      "total": 61,
      "successful": 52,
      "failed": 9
    },
    {
      "hour": "2026-05-19 05:00:00",
      "total": 28,
      "successful": 24,
      "failed": 4
    },
    {
      "hour": "2026-05-19 06:00:00",
      "total": 19,
      "successful": 18,
      "failed": 1
    },
    {
      "hour": "2026-05-19 07:00:00",
      "total": 7,
      "successful": 7,
      "failed": 0
    },
    {
      "hour": "2026-05-19 08:00:00",
      "total": 7,
      "successful": 4,
      "failed": 3
    },
    {
      "hour": "2026-05-19 09:00:00",
      "total": 8,
      "successful": 8,
      "failed": 0
    },
    {
      "hour": "2026-05-19 10:00:00",
      "total": 9,
      "successful": 9,
      "failed": 0
    },
    {
      "hour": "2026-05-19 11:00:00",
      "total": 16,
      "successful": 15,
      "failed": 1
    },
    {
      "hour": "2026-05-19 12:00:00",
      "total": 31,
      "successful": 29,
      "failed": 2
    },
    {
      "hour": "2026-05-19 13:00:00",
      "total": 47,
      "successful": 44,
      "failed": 3
    },
    {
      "hour": "2026-05-19 14:00:00",
      "total": 100,
      "successful": 93,
      "failed": 7
    },
    {
      "hour": "2026-05-19 15:00:00",
      "total": 108,
      "successful": 101,
      "failed": 7
    },
    {
      "hour": "2026-05-19 16:00:00",
      "total": 121,
      "successful": 118,
      "failed": 3
    },
    {
      "hour": "2026-05-19 17:00:00",
      "total": 128,
      "successful": 119,
      "failed": 9
    },
    {
      "hour": "2026-05-19 18:00:00",
      "total": 139,
      "successful": 131,
      "failed": 8
    },
    {
      "hour": "2026-05-19 19:00:00",
      "total": 153,
      "successful": 146,
      "failed": 7
    },
    {
      "hour": "2026-05-19 20:00:00",
      "total": 127,
      "successful": 126,
      "failed": 1
    },
    {
      "hour": "2026-05-19 21:00:00",
      "total": 101,
      "successful": 99,
      "failed": 2
    },
    {
      "hour": "2026-05-19 22:00:00",
      "total": 94,
      "successful": 90,
      "failed": 4
    },
    {
      "hour": "2026-05-19 23:00:00",
      "total": 112,
      "successful": 105,
      "failed": 7
    },
    {
      "hour": "2026-05-20 00:00:00",
      "total": 75,
      "successful": 70,
      "failed": 5
    }
  ],
  "top_failure_reasons": [
    {
      "reason": "This room rate is no longer available. Please select another room.",
      "count": 25,
      "adapters": "ATI"
    },
    {
      "reason": "Provided card number is invalid.",
      "count": 10,
      "adapters": "EAN_RAPID"
    },
    {
      "reason": "Hotel.Express.Book: Requested room is not available",
      "count": 9,
      "adapters": "PRICELINE_HOTEL"
    },
    {
      "reason": "Hotel.Express.Book: Booking failed due to CC failure",
      "count": 8,
      "adapters": "PRICELINE_HOTEL"
    },
    {
      "reason": "Pnr has not been created successfully, see remaining messages for detailsEnhancedhotelbookrq: unable to perform hotel booking step. see below messages for details.. updatereservationrq: $invalid cc checksum$ (code: 3009)",
      "count": 7,
      "adapters": "SABRE_HOTEL"
    },
    {
      "reason": "Hotel.Express.Contract: Rates not found",
      "count": 5,
      "adapters": "PRICELINE_HOTEL"
    },
    {
      "reason": "One or more requested rooms are unavailable.",
      "count": 4,
      "adapters": "EAN_RAPID"
    },
    {
      "reason": "Pnr has not been created successfully, see remaining messages for detailsEnhancedhotelbookrq: hotel booking segment status is unconfirmed. please retry the transaction.. updatereservationrq: associate system unable to process (code: warn.5136)",
      "count": 4,
      "adapters": "SABRE_HOTEL"
    },
    {
      "reason": "The payment could not be processed due to suspected fraud. The card holder should contact their issuing bank for more information.",
      "count": 4,
      "adapters": "EAN_RAPID"
    },
    {
      "reason": "Pnr has not been created successfully, see remaining messages for detailsEnhancedhotelbookrq: hotel booking segment status is unconfirmed. please retry the transaction.. updatereservationrq: invalid loyalty id (code: warn.5136)",
      "count": 3,
      "adapters": "SABRE_HOTEL"
    }
  ]
}
Archived existing dashboard → index_20260519_203956.html
[2/4] Generating dashboard...
Dashboard saved to: /Users/jayaprasadkakkassery/myExperements/my-dashboard/index.html
Open in browser:    open /Users/jayaprasadkakkassery/myExperements/my-dashboard/index.html
[3/4] Pushing to GitHub Pages...
[gh-pages 8f0c814] Dashboard refresh (Last 24 hour(s) · All licensees & adapters) - 2026-05-19 20:39:56
 2 files changed, 623 insertions(+), 112 deletions(-)
 create mode 100644 index_20260519_203956.html
============================================
 TST Booking Dashboard - Refreshing...
 Range  : Last 24 hour(s)
 Filters: · All licensees & adapters
============================================
[1/4] Querying database (Last 24 hour(s) · All licensees & adapters)...
{
  "status": "ok",
  "generated_at": "2026-05-20 01:40:11 UTC",
  "interval_hours": 24,
  "filters": {
    "licensee_id": "all",
    "adapter_name": "all"
  },
  "summary": {
    "total": 1750,
    "successful": 1650,
    "failed": 100,
    "failure_pct": 5.71,
    "success_pct": 94.29,
    "cc_failed": 27,
    "cc_pct_of_failures": 27.0,
    "non_cc_failed": 73,
    "non_cc_failure_pct": 4.24
  },
  "by_adapter": [
    {
      "adapter": "SABRE_HOTEL",
      "total": 766,
      "successful": 747,
      "failed": 19,
      "failure_pct": 2.48
    },
    {
      "adapter": "EAN_RAPID",
      "total": 585,
      "successful": 561,
      "failed": 24,
      "failure_pct": 4.1
    },
    {
      "adapter": "PRICELINE_HOTEL",
      "total": 303,
      "successful": 273,
      "failed": 30,
      "failure_pct": 9.9
    },
    {
      "adapter": "ATI",
      "total": 49,
      "successful": 27,
      "failed": 22,
      "failure_pct": 44.9
    },
    {
      "adapter": "BEDS_ONLINE",
      "total": 44,
      "successful": 39,
      "failed": 5,
      "failure_pct": 11.36
    },
    {
      "adapter": "GWS",
      "total": 3,
      "successful": 3,
      "failed": 0,
      "failure_pct": 0.0
    }
  ],
  "by_licensee": [
    {
      "licensee_id": 72,
      "total": 292,
      "successful": 273,
      "failed": 19,
      "failure_pct": 6.51
    },
    {
      "licensee_id": 1,
      "total": 286,
      "successful": 272,
      "failed": 14,
      "failure_pct": 4.9
    },
    {
      "licensee_id": 49,
      "total": 277,
      "successful": 262,
      "failed": 15,
      "failure_pct": 5.42
    },
    {
      "licensee_id": 34,
      "total": 222,
      "successful": 210,
      "failed": 12,
      "failure_pct": 5.41
    },
    {
      "licensee_id": 40,
      "total": 129,
      "successful": 120,
      "failed": 9,
      "failure_pct": 6.98
    },
    {
      "licensee_id": 39,
      "total": 83,
      "successful": 79,
      "failed": 4,
      "failure_pct": 4.82
    },
    {
      "licensee_id": 55,
      "total": 72,
      "successful": 67,
      "failed": 5,
      "failure_pct": 6.94
    },
    {
      "licensee_id": 57,
      "total": 68,
      "successful": 67,
      "failed": 1,
      "failure_pct": 1.47
    },
    {
      "licensee_id": 50,
      "total": 67,
      "successful": 63,
      "failed": 4,
      "failure_pct": 5.97
    },
    {
      "licensee_id": 3,
      "total": 57,
      "successful": 51,
      "failed": 6,
      "failure_pct": 10.53
    }
  ],
  "hourly_trend": [
    {
      "hour": "2026-05-19 01:00:00",
      "total": 17,
      "successful": 15,
      "failed": 2
    },
    {
      "hour": "2026-05-19 02:00:00",
      "total": 84,
      "successful": 76,
      "failed": 8
    },
    {
      "hour": "2026-05-19 03:00:00",
      "total": 58,
      "successful": 56,
      "failed": 2
    },
    {
      "hour": "2026-05-19 04:00:00",
      "total": 61,
      "successful": 52,
      "failed": 9
    },
    {
      "hour": "2026-05-19 05:00:00",
      "total": 28,
      "successful": 24,
      "failed": 4
    },
    {
      "hour": "2026-05-19 06:00:00",
      "total": 19,
      "successful": 18,
      "failed": 1
    },
    {
      "hour": "2026-05-19 07:00:00",
      "total": 7,
      "successful": 7,
      "failed": 0
    },
    {
      "hour": "2026-05-19 08:00:00",
      "total": 7,
      "successful": 4,
      "failed": 3
    },
    {
      "hour": "2026-05-19 09:00:00",
      "total": 8,
      "successful": 8,
      "failed": 0
    },
    {
      "hour": "2026-05-19 10:00:00",
      "total": 9,
      "successful": 9,
      "failed": 0
    },
    {
      "hour": "2026-05-19 11:00:00",
      "total": 16,
      "successful": 15,
      "failed": 1
    },
    {
      "hour": "2026-05-19 12:00:00",
      "total": 31,
      "successful": 29,
      "failed": 2
    },
    {
      "hour": "2026-05-19 13:00:00",
      "total": 47,
      "successful": 44,
      "failed": 3
    },
    {
      "hour": "2026-05-19 14:00:00",
      "total": 100,
      "successful": 93,
      "failed": 7
    },
    {
      "hour": "2026-05-19 15:00:00",
      "total": 108,
      "successful": 101,
      "failed": 7
    },
    {
      "hour": "2026-05-19 16:00:00",
      "total": 121,
      "successful": 118,
      "failed": 3
    },
    {
      "hour": "2026-05-19 17:00:00",
      "total": 128,
      "successful": 119,
      "failed": 9
    },
    {
      "hour": "2026-05-19 18:00:00",
      "total": 139,
      "successful": 131,
      "failed": 8
    },
    {
      "hour": "2026-05-19 19:00:00",
      "total": 153,
      "successful": 146,
      "failed": 7
    },
    {
      "hour": "2026-05-19 20:00:00",
      "total": 127,
      "successful": 126,
      "failed": 1
    },
    {
      "hour": "2026-05-19 21:00:00",
      "total": 101,
      "successful": 99,
      "failed": 2
    },
    {
      "hour": "2026-05-19 22:00:00",
      "total": 94,
      "successful": 90,
      "failed": 4
    },
    {
      "hour": "2026-05-19 23:00:00",
      "total": 112,
      "successful": 105,
      "failed": 7
    },
    {
      "hour": "2026-05-20 00:00:00",
      "total": 109,
      "successful": 102,
      "failed": 7
    },
    {
      "hour": "2026-05-20 01:00:00",
      "total": 66,
      "successful": 63,
      "failed": 3
    }
  ],
  "top_failure_reasons": [
    {
      "reason": "This room rate is no longer available. Please select another room.",
      "count": 21,
      "adapters": "ATI"
    },
    {
      "reason": "Provided card number is invalid.",
      "count": 9,
      "adapters": "EAN_RAPID"
    },
    {
      "reason": "Hotel.Express.Book: Booking failed due to CC failure",
      "count": 9,
      "adapters": "PRICELINE_HOTEL"
    },
    {
      "reason": "Hotel.Express.Book: Requested room is not available",
      "count": 9,
      "adapters": "PRICELINE_HOTEL"
    },
    {
      "reason": "Pnr has not been created successfully, see remaining messages for detailsEnhancedhotelbookrq: unable to perform hotel booking step. see below messages for details.. updatereservationrq: $invalid cc checksum$ (code: 3009)",
      "count": 7,
      "adapters": "SABRE_HOTEL"
    },
    {
      "reason": "Hotel.Express.Contract: Rates not found",
      "count": 6,
      "adapters": "PRICELINE_HOTEL"
    },
    {
      "reason": "The payment could not be processed due to suspected fraud. The card holder should contact their issuing bank for more information.",
      "count": 5,
      "adapters": "EAN_RAPID"
    },
    {
      "reason": "Pnr has not been created successfully, see remaining messages for detailsEnhancedhotelbookrq: hotel booking segment status is unconfirmed. please retry the transaction.. updatereservationrq: associate system unable to process (code: warn.5136)",
      "count": 4,
      "adapters": "SABRE_HOTEL"
    },
    {
      "reason": "Pnr has not been created successfully, see remaining messages for detailsEnhancedhotelbookrq: hotel booking segment status is unconfirmed. please retry the transaction.. updatereservationrq: invalid loyalty id (code: warn.5136)",
      "count": 3,
      "adapters": "SABRE_HOTEL"
    },
    {
      "reason": "Hotel.Express.Book: Booking failed",
      "count": 3,
      "adapters": "PRICELINE_HOTEL"
    }
  ]
}
Archived existing dashboard → index_20260519_214011.html
[2/4] Generating dashboard...
Dashboard saved to: /Users/jayaprasadkakkassery/myExperements/my-dashboard/index.html
Open in browser:    open /Users/jayaprasadkakkassery/myExperements/my-dashboard/index.html
[3/4] Pushing to GitHub Pages...
[gh-pages b452b5a] Dashboard refresh (Last 24 hour(s) · All licensees & adapters) - 2026-05-19 21:40:12
 2 files changed, 614 insertions(+), 103 deletions(-)
 create mode 100644 index_20260519_214011.html
============================================
 TST Booking Dashboard - Refreshing...
 Range  : Last 24 hour(s)
 Filters: · All licensees & adapters
============================================
[1/4] Querying database (Last 24 hour(s) · All licensees & adapters)...
{
  "status": "error",
  "error": "2003 (HY000): Can't connect to MySQL server on 'mysqlread.prod.infra.tstllc.net:3306' (60)"
}
Archived existing dashboard → index_20260519_224031.html
[2/4] Generating dashboard...
Dashboard saved to: /Users/jayaprasadkakkassery/myExperements/my-dashboard/index.html
Open in browser:    open /Users/jayaprasadkakkassery/myExperements/my-dashboard/index.html
[3/4] Pushing to GitHub Pages...
[gh-pages 12bd706] Dashboard refresh (Last 24 hour(s) · All licensees & adapters) - 2026-05-19 22:40:32
 2 files changed, 514 insertions(+), 511 deletions(-)
 create mode 100644 index_20260519_224031.html
============================================
 TST Booking Dashboard - Refreshing...
 Range  : Last 24 hour(s)
 Filters: · All licensees & adapters
============================================
[1/4] Querying database (Last 24 hour(s) · All licensees & adapters)...
{
  "status": "error",
  "error": "2003 (HY000): Can't connect to MySQL server on 'mysqlread.prod.infra.tstllc.net:3306' (60)"
}
Archived existing dashboard → index_20260519_234048.html
[2/4] Generating dashboard...
Dashboard saved to: /Users/jayaprasadkakkassery/myExperements/my-dashboard/index.html
Open in browser:    open /Users/jayaprasadkakkassery/myExperements/my-dashboard/index.html
[3/4] Pushing to GitHub Pages...
[gh-pages 712e624] Dashboard refresh (Last 24 hour(s) · All licensees & adapters) - 2026-05-19 23:40:49
 1 file changed, 3 insertions(+)
 create mode 100644 index_20260519_234048.html
============================================
 TST Booking Dashboard - Refreshing...
 Range  : Last 24 hour(s)
 Filters: · All licensees & adapters
============================================
[1/4] Querying database (Last 24 hour(s) · All licensees & adapters)...
{
  "status": "error",
  "error": "2003 (HY000): Can't connect to MySQL server on 'mysqlread.prod.infra.tstllc.net:3306' (60)"
}
Archived existing dashboard → index_20260520_004104.html
[2/4] Generating dashboard...
Dashboard saved to: /Users/jayaprasadkakkassery/myExperements/my-dashboard/index.html
Open in browser:    open /Users/jayaprasadkakkassery/myExperements/my-dashboard/index.html
[3/4] Pushing to GitHub Pages...
[gh-pages 2de42c6] Dashboard refresh (Last 24 hour(s) · All licensees & adapters) - 2026-05-20 00:41:04
 1 file changed, 3 insertions(+)
 create mode 100644 index_20260520_004104.html
============================================
 TST Booking Dashboard - Refreshing...
 Range  : Last 24 hour(s)
 Filters: · All licensees & adapters
============================================
[1/4] Querying database (Last 24 hour(s) · All licensees & adapters)...
{
  "status": "error",
  "error": "2003 (HY000): Can't connect to MySQL server on 'mysqlread.prod.infra.tstllc.net:3306' (60)"
}
Archived existing dashboard → index_20260520_014119.html
[2/4] Generating dashboard...
Dashboard saved to: /Users/jayaprasadkakkassery/myExperements/my-dashboard/index.html
Open in browser:    open /Users/jayaprasadkakkassery/myExperements/my-dashboard/index.html
[3/4] Pushing to GitHub Pages...
[gh-pages f94fa9c] Dashboard refresh (Last 24 hour(s) · All licensees & adapters) - 2026-05-20 01:41:19
 1 file changed, 3 insertions(+)
 create mode 100644 index_20260520_014119.html
============================================
 TST Booking Dashboard - Refreshing...
 Range  : Last 24 hour(s)
 Filters: · All licensees & adapters
============================================
[1/4] Querying database (Last 24 hour(s) · All licensees & adapters)...
{
  "status": "error",
  "error": "2003 (HY000): Can't connect to MySQL server on 'mysqlread.prod.infra.tstllc.net:3306' (60)"
}
Archived existing dashboard → index_20260520_024133.html
[2/4] Generating dashboard...
Dashboard saved to: /Users/jayaprasadkakkassery/myExperements/my-dashboard/index.html
Open in browser:    open /Users/jayaprasadkakkassery/myExperements/my-dashboard/index.html
[3/4] Pushing to GitHub Pages...
[gh-pages 6db5338] Dashboard refresh (Last 24 hour(s) · All licensees & adapters) - 2026-05-20 02:41:34
 1 file changed, 3 insertions(+)
 create mode 100644 index_20260520_024133.html
============================================
 TST Booking Dashboard - Refreshing...
 Range  : Last 24 hour(s)
 Filters: · All licensees & adapters
============================================
[1/4] Querying database (Last 24 hour(s) · All licensees & adapters)...
{
  "status": "error",
  "error": "2003 (HY000): Can't connect to MySQL server on 'mysqlread.prod.infra.tstllc.net:3306' (60)"
}
Archived existing dashboard → index_20260520_034148.html
[2/4] Generating dashboard...
Dashboard saved to: /Users/jayaprasadkakkassery/myExperements/my-dashboard/index.html
Open in browser:    open /Users/jayaprasadkakkassery/myExperements/my-dashboard/index.html
[3/4] Pushing to GitHub Pages...
[gh-pages 5dd7b25] Dashboard refresh (Last 24 hour(s) · All licensees & adapters) - 2026-05-20 03:41:49
 1 file changed, 3 insertions(+)
 create mode 100644 index_20260520_034148.html
============================================
 TST Booking Dashboard - Refreshing...
 Range  : Last 24 hour(s)
 Filters: · All licensees & adapters
============================================
[1/4] Querying database (Last 24 hour(s) · All licensees & adapters)...
{
  "status": "error",
  "error": "2003 (HY000): Can't connect to MySQL server on 'mysqlread.prod.infra.tstllc.net:3306' (60)"
}
Archived existing dashboard → index_20260520_044206.html
[2/4] Generating dashboard...
Dashboard saved to: /Users/jayaprasadkakkassery/myExperements/my-dashboard/index.html
Open in browser:    open /Users/jayaprasadkakkassery/myExperements/my-dashboard/index.html
[3/4] Pushing to GitHub Pages...
[gh-pages 6730e8f] Dashboard refresh (Last 24 hour(s) · All licensees & adapters) - 2026-05-20 04:42:06
 1 file changed, 3 insertions(+)
 create mode 100644 index_20260520_044206.html
============================================
 TST Booking Dashboard - Refreshing...
 Range  : Last 24 hour(s)
 Filters: · All licensees & adapters
============================================
[1/4] Querying database (Last 24 hour(s) · All licensees & adapters)...
{
  "status": "error",
  "error": "2003 (HY000): Can't connect to MySQL server on 'mysqlread.prod.infra.tstllc.net:3306' (60)"
}
Archived existing dashboard → index_20260520_054235.html
[2/4] Generating dashboard...
Dashboard saved to: /Users/jayaprasadkakkassery/myExperements/my-dashboard/index.html
Open in browser:    open /Users/jayaprasadkakkassery/myExperements/my-dashboard/index.html
[3/4] Pushing to GitHub Pages...
[gh-pages 748aa43] Dashboard refresh (Last 24 hour(s) · All licensees & adapters) - 2026-05-20 05:42:36
 1 file changed, 3 insertions(+)
 create mode 100644 index_20260520_054235.html
============================================
 TST Booking Dashboard - Refreshing...
 Range  : Last 24 hour(s)
 Filters: · All licensees & adapters
============================================
[1/4] Querying database (Last 24 hour(s) · All licensees & adapters)...
{
  "status": "error",
  "error": "2003 (HY000): Can't connect to MySQL server on 'mysqlread.prod.infra.tstllc.net:3306' (60)"
}
Archived existing dashboard → index_20260520_064509.html
[2/4] Generating dashboard...
Dashboard saved to: /Users/jayaprasadkakkassery/myExperements/my-dashboard/index.html
Open in browser:    open /Users/jayaprasadkakkassery/myExperements/my-dashboard/index.html
[3/4] Pushing to GitHub Pages...
[gh-pages da5db26] Dashboard refresh (Last 24 hour(s) · All licensees & adapters) - 2026-05-20 06:45:17
 1 file changed, 3 insertions(+)
 create mode 100644 index_20260520_064509.html
============================================
 TST Booking Dashboard - Refreshing...
 Range  : Last 24 hour(s)
 Filters: · All licensees & adapters
============================================
[1/4] Querying database (Last 24 hour(s) · All licensees & adapters)...
============================================
 TST Booking Dashboard - Refreshing...
 Range  : Last 24 hour(s)
 Filters: · All licensees & adapters
============================================
[1/4] Querying database (Last 24 hour(s) · All licensees & adapters)...
{
  "status": "ok",
  "generated_at": "2026-05-20 15:08:59 UTC",
  "interval_hours": 24,
  "filters": {
    "licensee_id": "all",
    "adapter_name": "all"
  },
  "summary": {
    "total": 1753,
    "successful": 1668,
    "failed": 85,
    "failure_pct": 4.85,
    "success_pct": 95.15,
    "cc_failed": 28,
    "cc_pct_of_failures": 32.94,
    "non_cc_failed": 57,
    "non_cc_failure_pct": 3.3
  },
  "by_adapter": [
    {
      "adapter": "SABRE_HOTEL",
      "total": 800,
      "successful": 786,
      "failed": 14,
      "failure_pct": 1.75
    },
    {
      "adapter": "EAN_RAPID",
      "total": 598,
      "successful": 566,
      "failed": 32,
      "failure_pct": 5.35
    },
    {
      "adapter": "PRICELINE_HOTEL",
      "total": 269,
      "successful": 241,
      "failed": 28,
      "failure_pct": 10.41
    },
    {
      "adapter": "BEDS_ONLINE",
      "total": 51,
      "successful": 46,
      "failed": 5,
      "failure_pct": 9.8
    },
    {
      "adapter": "ATI",
      "total": 32,
      "successful": 26,
      "failed": 6,
      "failure_pct": 18.75
    },
    {
      "adapter": "GWS",
      "total": 3,
      "successful": 3,
      "failed": 0,
      "failure_pct": 0.0
    }
  ],
  "by_licensee": [
    {
      "licensee_id": 72,
      "total": 294,
      "successful": 272,
      "failed": 22,
      "failure_pct": 7.48
    },
    {
      "licensee_id": 1,
      "total": 279,
      "successful": 267,
      "failed": 12,
      "failure_pct": 4.3
    },
    {
      "licensee_id": 49,
      "total": 272,
      "successful": 262,
      "failed": 10,
      "failure_pct": 3.68
    },
    {
      "licensee_id": 34,
      "total": 240,
      "successful": 225,
      "failed": 15,
      "failure_pct": 6.25
    },
    {
      "licensee_id": 40,
      "total": 115,
      "successful": 108,
      "failed": 7,
      "failure_pct": 6.09
    },
    {
      "licensee_id": 39,
      "total": 75,
      "successful": 73,
      "failed": 2,
      "failure_pct": 2.67
    },
    {
      "licensee_id": 55,
      "total": 72,
      "successful": 68,
      "failed": 4,
      "failure_pct": 5.56
    },
    {
      "licensee_id": 3,
      "total": 64,
      "successful": 58,
      "failed": 6,
      "failure_pct": 9.38
    },
    {
      "licensee_id": 50,
      "total": 64,
      "successful": 61,
      "failed": 3,
      "failure_pct": 4.69
    },
    {
      "licensee_id": 57,
      "total": 62,
      "successful": 62,
      "failed": 0,
      "failure_pct": 0.0
    }
  ],
  "hourly_trend": [
    {
      "hour": "2026-05-19 15:00:00",
      "total": 94,
      "successful": 88,
      "failed": 6
    },
    {
      "hour": "2026-05-19 16:00:00",
      "total": 121,
      "successful": 118,
      "failed": 3
    },
    {
      "hour": "2026-05-19 17:00:00",
      "total": 128,
      "successful": 119,
      "failed": 9
    },
    {
      "hour": "2026-05-19 18:00:00",
      "total": 139,
      "successful": 131,
      "failed": 8
    },
    {
      "hour": "2026-05-19 19:00:00",
      "total": 153,
      "successful": 146,
      "failed": 7
    },
    {
      "hour": "2026-05-19 20:00:00",
      "total": 127,
      "successful": 126,
      "failed": 1
    },
    {
      "hour": "2026-05-19 21:00:00",
      "total": 101,
      "successful": 99,
      "failed": 2
    },
    {
      "hour": "2026-05-19 22:00:00",
      "total": 94,
      "successful": 90,
      "failed": 4
    },
    {
      "hour": "2026-05-19 23:00:00",
      "total": 112,
      "successful": 105,
      "failed": 7
    },
    {
      "hour": "2026-05-20 00:00:00",
      "total": 109,
      "successful": 102,
      "failed": 7
    },
    {
      "hour": "2026-05-20 01:00:00",
      "total": 111,
      "successful": 106,
      "failed": 5
    },
    {
      "hour": "2026-05-20 02:00:00",
      "total": 93,
      "successful": 90,
      "failed": 3
    },
    {
      "hour": "2026-05-20 03:00:00",
      "total": 63,
      "successful": 58,
      "failed": 5
    },
    {
      "hour": "2026-05-20 04:00:00",
      "total": 52,
      "successful": 50,
      "failed": 2
    },
    {
      "hour": "2026-05-20 05:00:00",
      "total": 33,
      "successful": 30,
      "failed": 3
    },
    {
      "hour": "2026-05-20 06:00:00",
      "total": 9,
      "successful": 7,
      "failed": 2
    },
    {
      "hour": "2026-05-20 07:00:00",
      "total": 5,
      "successful": 5,
      "failed": 0
    },
    {
      "hour": "2026-05-20 08:00:00",
      "total": 7,
      "successful": 7,
      "failed": 0
    },
    {
      "hour": "2026-05-20 09:00:00",
      "total": 6,
      "successful": 6,
      "failed": 0
    },
    {
      "hour": "2026-05-20 10:00:00",
      "total": 10,
      "successful": 9,
      "failed": 1
    },
    {
      "hour": "2026-05-20 11:00:00",
      "total": 12,
      "successful": 11,
      "failed": 1
    },
    {
      "hour": "2026-05-20 12:00:00",
      "total": 27,
      "successful": 27,
      "failed": 0
    },
    {
      "hour": "2026-05-20 13:00:00",
      "total": 44,
      "successful": 42,
      "failed": 2
    },
    {
      "hour": "2026-05-20 14:00:00",
      "total": 88,
      "successful": 82,
      "failed": 6
    },
    {
      "hour": "2026-05-20 15:00:00",
      "total": 15,
      "successful": 14,
      "failed": 1
    }
  ],
  "top_failure_reasons": [
    {
      "reason": "Hotel.Express.Book: Booking failed due to CC failure",
      "count": 14,
      "adapters": "PRICELINE_HOTEL"
    },
    {
      "reason": "Provided card number is invalid.",
      "count": 11,
      "adapters": "EAN_RAPID"
    },
    {
      "reason": "This room rate is no longer available. Please select another room.",
      "count": 6,
      "adapters": "ATI"
    },
    {
      "reason": "The payment could not be processed due to suspected fraud. The card holder should contact their issuing bank for more information.",
      "count": 6,
      "adapters": "EAN_RAPID"
    },
    {
      "reason": "Hotel.Express.Book: Requested room is not available",
      "count": 5,
      "adapters": "PRICELINE_HOTEL"
    },
    {
      "reason": "Hotel.Express.Contract: Rates not found",
      "count": 5,
      "adapters": "PRICELINE_HOTEL"
    },
    {
      "reason": "One or more requested rooms are unavailable.",
      "count": 4,
      "adapters": "EAN_RAPID"
    },
    {
      "reason": "Pnr has not been created successfully, see remaining messages for detailsEnhancedhotelbookrq: hotel booking segment status is unconfirmed. please retry the transaction.. updatereservationrq: associate system unable to process (code: warn.5136)",
      "count": 4,
      "adapters": "SABRE_HOTEL"
    },
    {
      "reason": "Credit card is expired.",
      "count": 3,
      "adapters": "EAN_RAPID"
    },
    {
      "reason": "The payment has been refused, please retry with a different credit card.",
      "count": 3,
      "adapters": "BEDS_ONLINE"
    }
  ]
}
Archived existing dashboard → index_20260520_110859.html
[2/4] Generating dashboard...
Dashboard saved to: /Users/jayaprasadkakkassery/myExperements/my-dashboard/index.html
Open in browser:    open /Users/jayaprasadkakkassery/myExperements/my-dashboard/index.html
[3/4] Pushing to GitHub Pages...
[gh-pages 4d7f151] Dashboard refresh (Last 24 hour(s) · All licensees & adapters) - 2026-05-20 11:08:59
 2 files changed, 633 insertions(+), 122 deletions(-)
 create mode 100644 index_20260520_110859.html
============================================
 TST Booking Dashboard - Refreshing...
 Range  : Last 24 hour(s)
 Filters: · All licensees & adapters
============================================
[1/4] Querying database (Last 24 hour(s) · All licensees & adapters)...
{
  "status": "error",
  "error": "2003 (HY000): Can't connect to MySQL server on 'mysqlread.prod.infra.tstllc.net:3306' (60)"
}
Archived existing dashboard → index_20260520_120914.html
[2/4] Generating dashboard...
Dashboard saved to: /Users/jayaprasadkakkassery/myExperements/my-dashboard/index.html
Open in browser:    open /Users/jayaprasadkakkassery/myExperements/my-dashboard/index.html
[3/4] Pushing to GitHub Pages...
[gh-pages 6a4e58a] Dashboard refresh (Last 24 hour(s) · All licensees & adapters) - 2026-05-20 12:09:14
 2 files changed, 474 insertions(+), 471 deletions(-)
 create mode 100644 index_20260520_120914.html
============================================
 TST Booking Dashboard - Refreshing...
 Range  : Last 24 hour(s)
 Filters: · All licensees & adapters
============================================
[1/4] Querying database (Last 24 hour(s) · All licensees & adapters)...
{
  "status": "ok",
  "generated_at": "2026-05-20 17:41:30 UTC",
  "interval_hours": 24,
  "filters": {
    "licensee_id": "all",
    "adapter_name": "all"
  },
  "summary": {
    "total": 1729,
    "successful": 1653,
    "failed": 76,
    "failure_pct": 4.4,
    "success_pct": 95.6,
    "cc_failed": 23,
    "cc_pct_of_failures": 30.26,
    "non_cc_failed": 53,
    "non_cc_failure_pct": 3.11
  },
  "by_adapter": [
    {
      "adapter": "SABRE_HOTEL",
      "total": 787,
      "successful": 775,
      "failed": 12,
      "failure_pct": 1.52
    },
    {
      "adapter": "EAN_RAPID",
      "total": 585,
      "successful": 559,
      "failed": 26,
      "failure_pct": 4.44
    },
    {
      "adapter": "PRICELINE_HOTEL",
      "total": 266,
      "successful": 238,
      "failed": 28,
      "failure_pct": 10.53
    },
    {
      "adapter": "BEDS_ONLINE",
      "total": 55,
      "successful": 49,
      "failed": 6,
      "failure_pct": 10.91
    },
    {
      "adapter": "ATI",
      "total": 33,
      "successful": 29,
      "failed": 4,
      "failure_pct": 12.12
    },
    {
      "adapter": "GWS",
      "total": 3,
      "successful": 3,
      "failed": 0,
      "failure_pct": 0.0
    }
  ],
  "by_licensee": [
    {
      "licensee_id": 72,
      "total": 288,
      "successful": 273,
      "failed": 15,
      "failure_pct": 5.21
    },
    {
      "licensee_id": 49,
      "total": 277,
      "successful": 268,
      "failed": 9,
      "failure_pct": 3.25
    },
    {
      "licensee_id": 1,
      "total": 275,
      "successful": 265,
      "failed": 10,
      "failure_pct": 3.64
    },
    {
      "licensee_id": 34,
      "total": 231,
      "successful": 216,
      "failed": 15,
      "failure_pct": 6.49
    },
    {
      "licensee_id": 40,
      "total": 111,
      "successful": 104,
      "failed": 7,
      "failure_pct": 6.31
    },
    {
      "licensee_id": 50,
      "total": 73,
      "successful": 69,
      "failed": 4,
      "failure_pct": 5.48
    },
    {
      "licensee_id": 55,
      "total": 69,
      "successful": 67,
      "failed": 2,
      "failure_pct": 2.9
    },
    {
      "licensee_id": 3,
      "total": 68,
      "successful": 59,
      "failed": 9,
      "failure_pct": 13.24
    },
    {
      "licensee_id": 39,
      "total": 61,
      "successful": 61,
      "failed": 0,
      "failure_pct": 0.0
    },
    {
      "licensee_id": 57,
      "total": 57,
      "successful": 57,
      "failed": 0,
      "failure_pct": 0.0
    }
  ],
  "hourly_trend": [
    {
      "hour": "2026-05-19 17:00:00",
      "total": 35,
      "successful": 33,
      "failed": 2
    },
    {
      "hour": "2026-05-19 18:00:00",
      "total": 139,
      "successful": 131,
      "failed": 8
    },
    {
      "hour": "2026-05-19 19:00:00",
      "total": 153,
      "successful": 146,
      "failed": 7
    },
    {
      "hour": "2026-05-19 20:00:00",
      "total": 127,
      "successful": 126,
      "failed": 1
    },
    {
      "hour": "2026-05-19 21:00:00",
      "total": 101,
      "successful": 99,
      "failed": 2
    },
    {
      "hour": "2026-05-19 22:00:00",
      "total": 95,
      "successful": 90,
      "failed": 5
    },
    {
      "hour": "2026-05-19 23:00:00",
      "total": 112,
      "successful": 105,
      "failed": 7
    },
    {
      "hour": "2026-05-20 00:00:00",
      "total": 109,
      "successful": 102,
      "failed": 7
    },
    {
      "hour": "2026-05-20 01:00:00",
      "total": 111,
      "successful": 106,
      "failed": 5
    },
    {
      "hour": "2026-05-20 02:00:00",
      "total": 93,
      "successful": 90,
      "failed": 3
    },
    {
      "hour": "2026-05-20 03:00:00",
      "total": 63,
      "successful": 58,
      "failed": 5
    },
    {
      "hour": "2026-05-20 04:00:00",
      "total": 52,
      "successful": 50,
      "failed": 2
    },
    {
      "hour": "2026-05-20 05:00:00",
      "total": 33,
      "successful": 30,
      "failed": 3
    },
    {
      "hour": "2026-05-20 06:00:00",
      "total": 9,
      "successful": 7,
      "failed": 2
    },
    {
      "hour": "2026-05-20 07:00:00",
      "total": 5,
      "successful": 5,
      "failed": 0
    },
    {
      "hour": "2026-05-20 08:00:00",
      "total": 7,
      "successful": 7,
      "failed": 0
    },
    {
      "hour": "2026-05-20 09:00:00",
      "total": 6,
      "successful": 6,
      "failed": 0
    },
    {
      "hour": "2026-05-20 10:00:00",
      "total": 10,
      "successful": 9,
      "failed": 1
    },
    {
      "hour": "2026-05-20 11:00:00",
      "total": 12,
      "successful": 11,
      "failed": 1
    },
    {
      "hour": "2026-05-20 12:00:00",
      "total": 27,
      "successful": 27,
      "failed": 0
    },
    {
      "hour": "2026-05-20 13:00:00",
      "total": 44,
      "successful": 42,
      "failed": 2
    },
    {
      "hour": "2026-05-20 14:00:00",
      "total": 86,
      "successful": 82,
      "failed": 4
    },
    {
      "hour": "2026-05-20 15:00:00",
      "total": 104,
      "successful": 97,
      "failed": 7
    },
    {
      "hour": "2026-05-20 16:00:00",
      "total": 112,
      "successful": 112,
      "failed": 0
    },
    {
      "hour": "2026-05-20 17:00:00",
      "total": 84,
      "successful": 82,
      "failed": 2
    }
  ],
  "top_failure_reasons": [
    {
      "reason": "Hotel.Express.Book: Booking failed due to CC failure",
      "count": 18,
      "adapters": "PRICELINE_HOTEL"
    },
    {
      "reason": "Provided card number is invalid.",
      "count": 10,
      "adapters": "EAN_RAPID"
    },
    {
      "reason": "The payment could not be processed due to suspected fraud. The card holder should contact their issuing bank for more information.",
      "count": 4,
      "adapters": "EAN_RAPID"
    },
    {
      "reason": "This room rate is no longer available. Please select another room.",
      "count": 4,
      "adapters": "ATI"
    },
    {
      "reason": "One or more requested rooms are unavailable.",
      "count": 4,
      "adapters": "EAN_RAPID"
    },
    {
      "reason": "Credit card is expired.",
      "count": 3,
      "adapters": "EAN_RAPID"
    },
    {
      "reason": "The payment has been refused, please retry with a different credit card.",
      "count": 3,
      "adapters": "BEDS_ONLINE"
    },
    {
      "reason": "Pnr has not been created successfully, see remaining messages for detailsEnhancedhotelbookrq: hotel booking segment status is unconfirmed. please retry the transaction.. updatereservationrq: associate system unable to process (code: warn.5136)",
      "count": 3,
      "adapters": "SABRE_HOTEL"
    },
    {
      "reason": "Hotel.Express.Book: Requested room is not available",
      "count": 3,
      "adapters": "PRICELINE_HOTEL"
    },
    {
      "reason": "Hotel.Express.Contract: Rates not found",
      "count": 3,
      "adapters": "PRICELINE_HOTEL"
    }
  ]
}
Archived existing dashboard → index_20260520_134130.html
[2/4] Generating dashboard...
Dashboard saved to: /Users/jayaprasadkakkassery/myExperements/my-dashboard/index.html
Open in browser:    open /Users/jayaprasadkakkassery/myExperements/my-dashboard/index.html
[3/4] Pushing to GitHub Pages...
[gh-pages faace5a] Dashboard refresh (Last 24 hour(s) · All licensees & adapters) - 2026-05-20 13:41:30
 2 files changed, 514 insertions(+), 3 deletions(-)
 create mode 100644 index_20260520_134130.html
============================================
 TST Booking Dashboard - Refreshing...
 Range  : Last 24 hour(s)
 Filters: · All licensees & adapters
============================================
[1/4] Querying database (Last 24 hour(s) · All licensees & adapters)...
{
  "status": "ok",
  "generated_at": "2026-05-20 18:41:37 UTC",
  "interval_hours": 24,
  "filters": {
    "licensee_id": "all",
    "adapter_name": "all"
  },
  "summary": {
    "total": 1704,
    "successful": 1634,
    "failed": 70,
    "failure_pct": 4.11,
    "success_pct": 95.89,
    "cc_failed": 22,
    "cc_pct_of_failures": 31.43,
    "non_cc_failed": 48,
    "non_cc_failure_pct": 2.85
  },
  "by_adapter": [
    {
      "adapter": "SABRE_HOTEL",
      "total": 763,
      "successful": 751,
      "failed": 12,
      "failure_pct": 1.57
    },
    {
      "adapter": "EAN_RAPID",
      "total": 600,
      "successful": 576,
      "failed": 24,
      "failure_pct": 4.0
    },
    {
      "adapter": "PRICELINE_HOTEL",
      "total": 256,
      "successful": 231,
      "failed": 25,
      "failure_pct": 9.77
    },
    {
      "adapter": "BEDS_ONLINE",
      "total": 52,
      "successful": 45,
      "failed": 7,
      "failure_pct": 13.46
    },
    {
      "adapter": "ATI",
      "total": 30,
      "successful": 28,
      "failed": 2,
      "failure_pct": 6.67
    },
    {
      "adapter": "GWS",
      "total": 3,
      "successful": 3,
      "failed": 0,
      "failure_pct": 0.0
    }
  ],
  "by_licensee": [
    {
      "licensee_id": 72,
      "total": 292,
      "successful": 278,
      "failed": 14,
      "failure_pct": 4.79
    },
    {
      "licensee_id": 49,
      "total": 280,
      "successful": 272,
      "failed": 8,
      "failure_pct": 2.86
    },
    {
      "licensee_id": 1,
      "total": 257,
      "successful": 249,
      "failed": 8,
      "failure_pct": 3.11
    },
    {
      "licensee_id": 34,
      "total": 232,
      "successful": 219,
      "failed": 13,
      "failure_pct": 5.6
    },
    {
      "licensee_id": 40,
      "total": 107,
      "successful": 101,
      "failed": 6,
      "failure_pct": 5.61
    },
    {
      "licensee_id": 50,
      "total": 70,
      "successful": 66,
      "failed": 4,
      "failure_pct": 5.71
    },
    {
      "licensee_id": 55,
      "total": 70,
      "successful": 68,
      "failed": 2,
      "failure_pct": 2.86
    },
    {
      "licensee_id": 3,
      "total": 67,
      "successful": 58,
      "failed": 9,
      "failure_pct": 13.43
    },
    {
      "licensee_id": 39,
      "total": 60,
      "successful": 60,
      "failed": 0,
      "failure_pct": 0.0
    },
    {
      "licensee_id": 57,
      "total": 59,
      "successful": 59,
      "failed": 0,
      "failure_pct": 0.0
    }
  ],
  "hourly_trend": [
    {
      "hour": "2026-05-19 18:00:00",
      "total": 40,
      "successful": 38,
      "failed": 2
    },
    {
      "hour": "2026-05-19 19:00:00",
      "total": 153,
      "successful": 146,
      "failed": 7
    },
    {
      "hour": "2026-05-19 20:00:00",
      "total": 127,
      "successful": 126,
      "failed": 1
    },
    {
      "hour": "2026-05-19 21:00:00",
      "total": 101,
      "successful": 99,
      "failed": 2
    },
    {
      "hour": "2026-05-19 22:00:00",
      "total": 95,
      "successful": 90,
      "failed": 5
    },
    {
      "hour": "2026-05-19 23:00:00",
      "total": 112,
      "successful": 105,
      "failed": 7
    },
    {
      "hour": "2026-05-20 00:00:00",
      "total": 109,
      "successful": 102,
      "failed": 7
    },
    {
      "hour": "2026-05-20 01:00:00",
      "total": 111,
      "successful": 106,
      "failed": 5
    },
    {
      "hour": "2026-05-20 02:00:00",
      "total": 93,
      "successful": 90,
      "failed": 3
    },
    {
      "hour": "2026-05-20 03:00:00",
      "total": 63,
      "successful": 58,
      "failed": 5
    },
    {
      "hour": "2026-05-20 04:00:00",
      "total": 52,
      "successful": 50,
      "failed": 2
    },
    {
      "hour": "2026-05-20 05:00:00",
      "total": 33,
      "successful": 30,
      "failed": 3
    },
    {
      "hour": "2026-05-20 06:00:00",
      "total": 9,
      "successful": 7,
      "failed": 2
    },
    {
      "hour": "2026-05-20 07:00:00",
      "total": 5,
      "successful": 5,
      "failed": 0
    },
    {
      "hour": "2026-05-20 08:00:00",
      "total": 7,
      "successful": 7,
      "failed": 0
    },
    {
      "hour": "2026-05-20 09:00:00",
      "total": 6,
      "successful": 6,
      "failed": 0
    },
    {
      "hour": "2026-05-20 10:00:00",
      "total": 10,
      "successful": 9,
      "failed": 1
    },
    {
      "hour": "2026-05-20 11:00:00",
      "total": 12,
      "successful": 11,
      "failed": 1
    },
    {
      "hour": "2026-05-20 12:00:00",
      "total": 27,
      "successful": 27,
      "failed": 0
    },
    {
      "hour": "2026-05-20 13:00:00",
      "total": 44,
      "successful": 42,
      "failed": 2
    },
    {
      "hour": "2026-05-20 14:00:00",
      "total": 86,
      "successful": 82,
      "failed": 4
    },
    {
      "hour": "2026-05-20 15:00:00",
      "total": 104,
      "successful": 97,
      "failed": 7
    },
    {
      "hour": "2026-05-20 16:00:00",
      "total": 112,
      "successful": 112,
      "failed": 0
    },
    {
      "hour": "2026-05-20 17:00:00",
      "total": 117,
      "successful": 115,
      "failed": 2
    },
    {
      "hour": "2026-05-20 18:00:00",
      "total": 76,
      "successful": 74,
      "failed": 2
    }
  ],
  "top_failure_reasons": [
    {
      "reason": "Hotel.Express.Book: Booking failed due to CC failure",
      "count": 17,
      "adapters": "PRICELINE_HOTEL"
    },
    {
      "reason": "Provided card number is invalid.",
      "count": 9,
      "adapters": "EAN_RAPID"
    },
    {
      "reason": "The payment has been refused, please retry with a different credit card.",
      "count": 4,
      "adapters": "BEDS_ONLINE"
    },
    {
      "reason": "One or more requested rooms are unavailable.",
      "count": 4,
      "adapters": "EAN_RAPID"
    },
    {
      "reason": "Credit card is expired.",
      "count": 3,
      "adapters": "EAN_RAPID"
    },
    {
      "reason": "The payment could not be processed due to suspected fraud. The card holder should contact their issuing bank for more information.",
      "count": 3,
      "adapters": "EAN_RAPID"
    },
    {
      "reason": "Pnr has not been created successfully, see remaining messages for detailsEnhancedhotelbookrq: hotel booking segment status is unconfirmed. please retry the transaction.. updatereservationrq: associate system unable to process (code: warn.5136)",
      "count": 3,
      "adapters": "SABRE_HOTEL"
    },
    {
      "reason": "Hotel.Express.Book: Requested room is not available",
      "count": 2,
      "adapters": "PRICELINE_HOTEL"
    },
    {
      "reason": "Pnr has not been created successfully, see remaining messages for detailsEnhancedhotelbookrq: unable to perform hotel booking step. see below messages for details.. updatereservationrq: $invalid cc checksum$ (code: 3009)",
      "count": 2,
      "adapters": "SABRE_HOTEL"
    },
    {
      "reason": "This room rate is no longer available. Please select another room.",
      "count": 2,
      "adapters": "ATI"
    }
  ]
}
Archived existing dashboard → index_20260520_144137.html
[2/4] Generating dashboard...
Dashboard saved to: /Users/jayaprasadkakkassery/myExperements/my-dashboard/index.html
Open in browser:    open /Users/jayaprasadkakkassery/myExperements/my-dashboard/index.html
[3/4] Pushing to GitHub Pages...
[gh-pages 2faa020] Dashboard refresh (Last 24 hour(s) · All licensees & adapters) - 2026-05-20 14:41:37
 2 files changed, 623 insertions(+), 112 deletions(-)
 create mode 100644 index_20260520_144137.html
============================================
 TST Booking Dashboard - Refreshing...
 Range  : Last 24 hour(s)
 Filters: · All licensees & adapters
============================================
[1/4] Querying database (Last 24 hour(s) · All licensees & adapters)...
{
  "status": "ok",
  "generated_at": "2026-05-20 19:41:44 UTC",
  "interval_hours": 24,
  "filters": {
    "licensee_id": "all",
    "adapter_name": "all"
  },
  "summary": {
    "total": 1659,
    "successful": 1591,
    "failed": 68,
    "failure_pct": 4.1,
    "success_pct": 95.9,
    "cc_failed": 18,
    "cc_pct_of_failures": 26.47,
    "non_cc_failed": 50,
    "non_cc_failure_pct": 3.05
  },
  "by_adapter": [
    {
      "adapter": "SABRE_HOTEL",
      "total": 765,
      "successful": 751,
      "failed": 14,
      "failure_pct": 1.83
    },
    {
      "adapter": "EAN_RAPID",
      "total": 568,
      "successful": 545,
      "failed": 23,
      "failure_pct": 4.05
    },
    {
      "adapter": "PRICELINE_HOTEL",
      "total": 254,
      "successful": 230,
      "failed": 24,
      "failure_pct": 9.45
    },
    {
      "adapter": "BEDS_ONLINE",
      "total": 43,
      "successful": 38,
      "failed": 5,
      "failure_pct": 11.63
    },
    {
      "adapter": "ATI",
      "total": 29,
      "successful": 27,
      "failed": 2,
      "failure_pct": 6.9
    }
  ],
  "by_licensee": [
    {
      "licensee_id": 72,
      "total": 288,
      "successful": 275,
      "failed": 13,
      "failure_pct": 4.51
    },
    {
      "licensee_id": 49,
      "total": 273,
      "successful": 264,
      "failed": 9,
      "failure_pct": 3.3
    },
    {
      "licensee_id": 1,
      "total": 250,
      "successful": 242,
      "failed": 8,
      "failure_pct": 3.2
    },
    {
      "licensee_id": 34,
      "total": 214,
      "successful": 204,
      "failed": 10,
      "failure_pct": 4.67
    },
    {
      "licensee_id": 40,
      "total": 109,
      "successful": 103,
      "failed": 6,
      "failure_pct": 5.5
    },
    {
      "licensee_id": 50,
      "total": 72,
      "successful": 68,
      "failed": 4,
      "failure_pct": 5.56
    },
    {
      "licensee_id": 3,
      "total": 69,
      "successful": 61,
      "failed": 8,
      "failure_pct": 11.59
    },
    {
      "licensee_id": 57,
      "total": 60,
      "successful": 60,
      "failed": 0,
      "failure_pct": 0.0
    },
    {
      "licensee_id": 55,
      "total": 59,
      "successful": 58,
      "failed": 1,
      "failure_pct": 1.69
    },
    {
      "licensee_id": 39,
      "total": 56,
      "successful": 55,
      "failed": 1,
      "failure_pct": 1.79
    }
  ],
  "hourly_trend": [
    {
      "hour": "2026-05-19 19:00:00",
      "total": 36,
      "successful": 34,
      "failed": 2
    },
    {
      "hour": "2026-05-19 20:00:00",
      "total": 127,
      "successful": 126,
      "failed": 1
    },
    {
      "hour": "2026-05-19 21:00:00",
      "total": 101,
      "successful": 99,
      "failed": 2
    },
    {
      "hour": "2026-05-19 22:00:00",
      "total": 95,
      "successful": 90,
      "failed": 5
    },
    {
      "hour": "2026-05-19 23:00:00",
      "total": 112,
      "successful": 105,
      "failed": 7
    },
    {
      "hour": "2026-05-20 00:00:00",
      "total": 109,
      "successful": 102,
      "failed": 7
    },
    {
      "hour": "2026-05-20 01:00:00",
      "total": 111,
      "successful": 106,
      "failed": 5
    },
    {
      "hour": "2026-05-20 02:00:00",
      "total": 93,
      "successful": 90,
      "failed": 3
    },
    {
      "hour": "2026-05-20 03:00:00",
      "total": 63,
      "successful": 58,
      "failed": 5
    },
    {
      "hour": "2026-05-20 04:00:00",
      "total": 52,
      "successful": 50,
      "failed": 2
    },
    {
      "hour": "2026-05-20 05:00:00",
      "total": 33,
      "successful": 30,
      "failed": 3
    },
    {
      "hour": "2026-05-20 06:00:00",
      "total": 9,
      "successful": 7,
      "failed": 2
    },
    {
      "hour": "2026-05-20 07:00:00",
      "total": 5,
      "successful": 5,
      "failed": 0
    },
    {
      "hour": "2026-05-20 08:00:00",
      "total": 7,
      "successful": 7,
      "failed": 0
    },
    {
      "hour": "2026-05-20 09:00:00",
      "total": 6,
      "successful": 6,
      "failed": 0
    },
    {
      "hour": "2026-05-20 10:00:00",
      "total": 10,
      "successful": 9,
      "failed": 1
    },
    {
      "hour": "2026-05-20 11:00:00",
      "total": 12,
      "successful": 11,
      "failed": 1
    },
    {
      "hour": "2026-05-20 12:00:00",
      "total": 27,
      "successful": 27,
      "failed": 0
    },
    {
      "hour": "2026-05-20 13:00:00",
      "total": 44,
      "successful": 42,
      "failed": 2
    },
    {
      "hour": "2026-05-20 14:00:00",
      "total": 86,
      "successful": 82,
      "failed": 4
    },
    {
      "hour": "2026-05-20 15:00:00",
      "total": 104,
      "successful": 97,
      "failed": 7
    },
    {
      "hour": "2026-05-20 16:00:00",
      "total": 112,
      "successful": 112,
      "failed": 0
    },
    {
      "hour": "2026-05-20 17:00:00",
      "total": 117,
      "successful": 115,
      "failed": 2
    },
    {
      "hour": "2026-05-20 18:00:00",
      "total": 108,
      "successful": 106,
      "failed": 2
    },
    {
      "hour": "2026-05-20 19:00:00",
      "total": 80,
      "successful": 75,
      "failed": 5
    }
  ],
  "top_failure_reasons": [
    {
      "reason": "Hotel.Express.Book: Booking failed due to CC failure",
      "count": 16,
      "adapters": "PRICELINE_HOTEL"
    },
    {
      "reason": "Provided card number is invalid.",
      "count": 8,
      "adapters": "EAN_RAPID"
    },
    {
      "reason": "One or more requested rooms are unavailable.",
      "count": 5,
      "adapters": "EAN_RAPID"
    },
    {
      "reason": "Credit card is expired.",
      "count": 3,
      "adapters": "EAN_RAPID"
    },
    {
      "reason": "Pnr has not been created successfully, see remaining messages for detailsEnhancedhotelbookrq: hotel booking segment status is unconfirmed. please retry the transaction.. updatereservationrq: associate system unable to process (code: warn.5136)",
      "count": 3,
      "adapters": "SABRE_HOTEL"
    },
    {
      "reason": "Pnr has not been created successfully, see remaining messages for detailsEnhancedhotelbookrq: unable to perform hotel booking step. see below messages for details.. updatereservationrq: $invalid cc checksum$ (code: 3009)",
      "count": 3,
      "adapters": "SABRE_HOTEL"
    },
    {
      "reason": "Hotel.Express.Book: Requested room is not available",
      "count": 3,
      "adapters": "PRICELINE_HOTEL"
    },
    {
      "reason": "This room rate is no longer available. Please select another room.",
      "count": 2,
      "adapters": "ATI"
    },
    {
      "reason": "The payment could not be processed due to suspected fraud. The card holder should contact their issuing bank for more information.",
      "count": 2,
      "adapters": "EAN_RAPID"
    },
    {
      "reason": "The payment has been refused, please retry with a different credit card.",
      "count": 2,
      "adapters": "BEDS_ONLINE"
    }
  ]
}
Archived existing dashboard → index_20260520_154144.html
[2/4] Generating dashboard...
Dashboard saved to: /Users/jayaprasadkakkassery/myExperements/my-dashboard/index.html
Open in browser:    open /Users/jayaprasadkakkassery/myExperements/my-dashboard/index.html
[3/4] Pushing to GitHub Pages...
[gh-pages ef37991] Dashboard refresh (Last 24 hour(s) · All licensees & adapters) - 2026-05-20 15:41:45
 2 files changed, 628 insertions(+), 129 deletions(-)
 create mode 100644 index_20260520_154144.html
============================================
 TST Booking Dashboard - Refreshing...
 Range  : Last 24 hour(s)
 Filters: · All licensees & adapters
============================================
[1/4] Querying database (Last 24 hour(s) · All licensees & adapters)...
{
  "status": "ok",
  "generated_at": "2026-05-21 02:00:30 UTC",
  "interval_hours": 24,
  "filters": {
    "licensee_id": "all",
    "adapter_name": "all"
  },
  "summary": {
    "total": 1648,
    "successful": 1591,
    "failed": 57,
    "failure_pct": 3.46,
    "success_pct": 96.54,
    "cc_failed": 15,
    "cc_pct_of_failures": 26.32,
    "non_cc_failed": 42,
    "non_cc_failure_pct": 2.57
  },
  "by_adapter": [
    {
      "adapter": "SABRE_HOTEL",
      "total": 751,
      "successful": 739,
      "failed": 12,
      "failure_pct": 1.6
    },
    {
      "adapter": "EAN_RAPID",
      "total": 599,
      "successful": 578,
      "failed": 21,
      "failure_pct": 3.51
    },
    {
      "adapter": "PRICELINE_HOTEL",
      "total": 223,
      "successful": 205,
      "failed": 18,
      "failure_pct": 8.07
    },
    {
      "adapter": "BEDS_ONLINE",
      "total": 40,
      "successful": 35,
      "failed": 5,
      "failure_pct": 12.5
    },
    {
      "adapter": "ATI",
      "total": 34,
      "successful": 33,
      "failed": 1,
      "failure_pct": 2.94
    },
    {
      "adapter": "GWS",
      "total": 1,
      "successful": 1,
      "failed": 0,
      "failure_pct": 0.0
    }
  ],
  "by_licensee": [
    {
      "licensee_id": 72,
      "total": 272,
      "successful": 261,
      "failed": 11,
      "failure_pct": 4.04
    },
    {
      "licensee_id": 1,
      "total": 250,
      "successful": 244,
      "failed": 6,
      "failure_pct": 2.4
    },
    {
      "licensee_id": 49,
      "total": 249,
      "successful": 240,
      "failed": 9,
      "failure_pct": 3.61
    },
    {
      "licensee_id": 34,
      "total": 202,
      "successful": 194,
      "failed": 8,
      "failure_pct": 3.96
    },
    {
      "licensee_id": 40,
      "total": 120,
      "successful": 115,
      "failed": 5,
      "failure_pct": 4.17
    },
    {
      "licensee_id": 3,
      "total": 79,
      "successful": 73,
      "failed": 6,
      "failure_pct": 7.59
    },
    {
      "licensee_id": 50,
      "total": 74,
      "successful": 71,
      "failed": 3,
      "failure_pct": 4.05
    },
    {
      "licensee_id": 55,
      "total": 67,
      "successful": 65,
      "failed": 2,
      "failure_pct": 2.99
    },
    {
      "licensee_id": 57,
      "total": 61,
      "successful": 60,
      "failed": 1,
      "failure_pct": 1.64
    },
    {
      "licensee_id": 39,
      "total": 44,
      "successful": 43,
      "failed": 1,
      "failure_pct": 2.27
    }
  ],
  "hourly_trend": [
    {
      "hour": "2026-05-20 02:00:00",
      "total": 93,
      "successful": 90,
      "failed": 3
    },
    {
      "hour": "2026-05-20 03:00:00",
      "total": 63,
      "successful": 58,
      "failed": 5
    },
    {
      "hour": "2026-05-20 04:00:00",
      "total": 52,
      "successful": 50,
      "failed": 2
    },
    {
      "hour": "2026-05-20 05:00:00",
      "total": 33,
      "successful": 30,
      "failed": 3
    },
    {
      "hour": "2026-05-20 06:00:00",
      "total": 9,
      "successful": 7,
      "failed": 2
    },
    {
      "hour": "2026-05-20 07:00:00",
      "total": 5,
      "successful": 5,
      "failed": 0
    },
    {
      "hour": "2026-05-20 08:00:00",
      "total": 7,
      "successful": 7,
      "failed": 0
    },
    {
      "hour": "2026-05-20 09:00:00",
      "total": 6,
      "successful": 6,
      "failed": 0
    },
    {
      "hour": "2026-05-20 10:00:00",
      "total": 10,
      "successful": 9,
      "failed": 1
    },
    {
      "hour": "2026-05-20 11:00:00",
      "total": 12,
      "successful": 11,
      "failed": 1
    },
    {
      "hour": "2026-05-20 12:00:00",
      "total": 27,
      "successful": 27,
      "failed": 0
    },
    {
      "hour": "2026-05-20 13:00:00",
      "total": 44,
      "successful": 42,
      "failed": 2
    },
    {
      "hour": "2026-05-20 14:00:00",
      "total": 86,
      "successful": 82,
      "failed": 4
    },
    {
      "hour": "2026-05-20 15:00:00",
      "total": 104,
      "successful": 97,
      "failed": 7
    },
    {
      "hour": "2026-05-20 16:00:00",
      "total": 112,
      "successful": 112,
      "failed": 0
    },
    {
      "hour": "2026-05-20 17:00:00",
      "total": 117,
      "successful": 115,
      "failed": 2
    },
    {
      "hour": "2026-05-20 18:00:00",
      "total": 108,
      "successful": 106,
      "failed": 2
    },
    {
      "hour": "2026-05-20 19:00:00",
      "total": 133,
      "successful": 128,
      "failed": 5
    },
    {
      "hour": "2026-05-20 20:00:00",
      "total": 118,
      "successful": 114,
      "failed": 4
    },
    {
      "hour": "2026-05-20 21:00:00",
      "total": 106,
      "successful": 105,
      "failed": 1
    },
    {
      "hour": "2026-05-20 22:00:00",
      "total": 109,
      "successful": 108,
      "failed": 1
    },
    {
      "hour": "2026-05-20 23:00:00",
      "total": 95,
      "successful": 89,
      "failed": 6
    },
    {
      "hour": "2026-05-21 00:00:00",
      "total": 102,
      "successful": 100,
      "failed": 2
    },
    {
      "hour": "2026-05-21 01:00:00",
      "total": 97,
      "successful": 93,
      "failed": 4
    }
  ],
  "top_failure_reasons": [
    {
      "reason": "Hotel.Express.Book: Booking failed due to CC failure",
      "count": 15,
      "adapters": "PRICELINE_HOTEL"
    },
    {
      "reason": "Provided card number is invalid.",
      "count": 9,
      "adapters": "EAN_RAPID"
    },
    {
      "reason": "One or more requested rooms are unavailable.",
      "count": 5,
      "adapters": "EAN_RAPID"
    },
    {
      "reason": "Pnr has not been created successfully, see remaining messages for detailsEnhancedhotelbookrq: unable to perform hotel booking step. see below messages for details.. updatereservationrq: $invalid cc checksum$ (code: 3009)",
      "count": 4,
      "adapters": "SABRE_HOTEL"
    },
    {
      "reason": "We're sorry, but we haven't received a response from the vendor on the status of your booking. Please do not attempt to book again as your booking may be confirmed in the vendor's system. Please contact AAA Travel at 1-855-460-7680 or email mwg@aaatr",
      "count": 2,
      "adapters": "EAN_RAPID"
    },
    {
      "reason": "The payment has been refused, please retry with a different credit card.",
      "count": 1,
      "adapters": "BEDS_ONLINE"
    },
    {
      "reason": "Price has changed: Unable to book as the price difference exceeds the allowed tolerance - Current tolerance: 2.00%",
      "count": 1,
      "adapters": "BEDS_ONLINE"
    },
    {
      "reason": "The first request was unsuccessful. The initial error was Price has changed: Unable to book as the price difference exceeds the allowed tolerance - Current tolerance: 2.00%. Please do not retry again.",
      "count": 1,
      "adapters": "BEDS_ONLINE"
    },
    {
      "reason": "The payment could not be processed because of insufficient funds.",
      "count": 1,
      "adapters": "EAN_RAPID"
    },
    {
      "reason": "We apologize, but there has been an increase in the cost for your selected rate. Your price has increased by 3.26 USD.",
      "count": 1,
      "adapters": "SABRE_HOTEL"
    }
  ]
}
Archived existing dashboard → index_20260520_220031.html
[2/4] Generating dashboard...
Dashboard saved to: /Users/jayaprasadkakkassery/myExperements/my-dashboard/index.html
Open in browser:    open /Users/jayaprasadkakkassery/myExperements/my-dashboard/index.html
[3/4] Pushing to GitHub Pages...
[gh-pages 007c956] Dashboard refresh (Last 24 hour(s) · All licensees & adapters) - 2026-05-20 22:00:31
 2 files changed, 638 insertions(+), 127 deletions(-)
 create mode 100644 index_20260520_220031.html
============================================
 TST Booking Dashboard - Refreshing...
 Range  : Last 24 hour(s)
 Filters: · All licensees & adapters
============================================
[1/4] Querying database (Last 24 hour(s) · All licensees & adapters)...
{
  "status": "ok",
  "generated_at": "2026-05-21 03:00:37 UTC",
  "interval_hours": 24,
  "filters": {
    "licensee_id": "all",
    "adapter_name": "all"
  },
  "summary": {
    "total": 1630,
    "successful": 1574,
    "failed": 56,
    "failure_pct": 3.44,
    "success_pct": 96.56,
    "cc_failed": 15,
    "cc_pct_of_failures": 26.79,
    "non_cc_failed": 41,
    "non_cc_failure_pct": 2.54
  },
  "by_adapter": [
    {
      "adapter": "SABRE_HOTEL",
      "total": 741,
      "successful": 729,
      "failed": 12,
      "failure_pct": 1.62
    },
    {
      "adapter": "EAN_RAPID",
      "total": 598,
      "successful": 578,
      "failed": 20,
      "failure_pct": 3.34
    },
    {
      "adapter": "PRICELINE_HOTEL",
      "total": 216,
      "successful": 198,
      "failed": 18,
      "failure_pct": 8.33
    },
    {
      "adapter": "BEDS_ONLINE",
      "total": 38,
      "successful": 33,
      "failed": 5,
      "failure_pct": 13.16
    },
    {
      "adapter": "ATI",
      "total": 36,
      "successful": 35,
      "failed": 1,
      "failure_pct": 2.78
    },
    {
      "adapter": "GWS",
      "total": 1,
      "successful": 1,
      "failed": 0,
      "failure_pct": 0.0
    }
  ],
  "by_licensee": [
    {
      "licensee_id": 72,
      "total": 270,
      "successful": 258,
      "failed": 12,
      "failure_pct": 4.44
    },
    {
      "licensee_id": 49,
      "total": 250,
      "successful": 242,
      "failed": 8,
      "failure_pct": 3.2
    },
    {
      "licensee_id": 1,
      "total": 245,
      "successful": 238,
      "failed": 7,
      "failure_pct": 2.86
    },
    {
      "licensee_id": 34,
      "total": 195,
      "successful": 187,
      "failed": 8,
      "failure_pct": 4.1
    },
    {
      "licensee_id": 40,
      "total": 122,
      "successful": 118,
      "failed": 4,
      "failure_pct": 3.28
    },
    {
      "licensee_id": 3,
      "total": 75,
      "successful": 70,
      "failed": 5,
      "failure_pct": 6.67
    },
    {
      "licensee_id": 50,
      "total": 74,
      "successful": 71,
      "failed": 3,
      "failure_pct": 4.05
    },
    {
      "licensee_id": 55,
      "total": 66,
      "successful": 64,
      "failed": 2,
      "failure_pct": 3.03
    },
    {
      "licensee_id": 57,
      "total": 60,
      "successful": 59,
      "failed": 1,
      "failure_pct": 1.67
    },
    {
      "licensee_id": 39,
      "total": 41,
      "successful": 40,
      "failed": 1,
      "failure_pct": 2.44
    }
  ],
  "hourly_trend": [
    {
      "hour": "2026-05-20 03:00:00",
      "total": 61,
      "successful": 56,
      "failed": 5
    },
    {
      "hour": "2026-05-20 04:00:00",
      "total": 52,
      "successful": 50,
      "failed": 2
    },
    {
      "hour": "2026-05-20 05:00:00",
      "total": 33,
      "successful": 30,
      "failed": 3
    },
    {
      "hour": "2026-05-20 06:00:00",
      "total": 9,
      "successful": 7,
      "failed": 2
    },
    {
      "hour": "2026-05-20 07:00:00",
      "total": 5,
      "successful": 5,
      "failed": 0
    },
    {
      "hour": "2026-05-20 08:00:00",
      "total": 7,
      "successful": 7,
      "failed": 0
    },
    {
      "hour": "2026-05-20 09:00:00",
      "total": 6,
      "successful": 6,
      "failed": 0
    },
    {
      "hour": "2026-05-20 10:00:00",
      "total": 10,
      "successful": 9,
      "failed": 1
    },
    {
      "hour": "2026-05-20 11:00:00",
      "total": 12,
      "successful": 11,
      "failed": 1
    },
    {
      "hour": "2026-05-20 12:00:00",
      "total": 27,
      "successful": 27,
      "failed": 0
    },
    {
      "hour": "2026-05-20 13:00:00",
      "total": 44,
      "successful": 42,
      "failed": 2
    },
    {
      "hour": "2026-05-20 14:00:00",
      "total": 86,
      "successful": 82,
      "failed": 4
    },
    {
      "hour": "2026-05-20 15:00:00",
      "total": 104,
      "successful": 97,
      "failed": 7
    },
    {
      "hour": "2026-05-20 16:00:00",
      "total": 112,
      "successful": 112,
      "failed": 0
    },
    {
      "hour": "2026-05-20 17:00:00",
      "total": 117,
      "successful": 115,
      "failed": 2
    },
    {
      "hour": "2026-05-20 18:00:00",
      "total": 108,
      "successful": 106,
      "failed": 2
    },
    {
      "hour": "2026-05-20 19:00:00",
      "total": 133,
      "successful": 128,
      "failed": 5
    },
    {
      "hour": "2026-05-20 20:00:00",
      "total": 118,
      "successful": 114,
      "failed": 4
    },
    {
      "hour": "2026-05-20 21:00:00",
      "total": 106,
      "successful": 105,
      "failed": 1
    },
    {
      "hour": "2026-05-20 22:00:00",
      "total": 109,
      "successful": 108,
      "failed": 1
    },
    {
      "hour": "2026-05-20 23:00:00",
      "total": 95,
      "successful": 89,
      "failed": 6
    },
    {
      "hour": "2026-05-21 00:00:00",
      "total": 102,
      "successful": 100,
      "failed": 2
    },
    {
      "hour": "2026-05-21 01:00:00",
      "total": 97,
      "successful": 93,
      "failed": 4
    },
    {
      "hour": "2026-05-21 02:00:00",
      "total": 77,
      "successful": 75,
      "failed": 2
    }
  ],
  "top_failure_reasons": [
    {
      "reason": "Hotel.Express.Book: Booking failed due to CC failure",
      "count": 15,
      "adapters": "PRICELINE_HOTEL"
    },
    {
      "reason": "Provided card number is invalid.",
      "count": 8,
      "adapters": "EAN_RAPID"
    },
    {
      "reason": "One or more requested rooms are unavailable.",
      "count": 4,
      "adapters": "EAN_RAPID"
    },
    {
      "reason": "Pnr has not been created successfully, see remaining messages for detailsEnhancedhotelbookrq: unable to perform hotel booking step. see below messages for details.. updatereservationrq: $invalid cc checksum$ (code: 3009)",
      "count": 4,
      "adapters": "SABRE_HOTEL"
    },
    {
      "reason": "We're sorry, but we haven't received a response from the vendor on the status of your booking. Please do not attempt to book again as your booking may be confirmed in the vendor's system. Please contact AAA Travel at 1-855-460-7680 or email mwg@aaatr",
      "count": 2,
      "adapters": "EAN_RAPID"
    },
    {
      "reason": "We're sorry, but we haven't received a response from the vendor on the status of your booking. Please do not attempt to book again as your booking may be confirmed in the vendor's system. Please contact Automobile Club of So. California at 1-833-771-",
      "count": 1,
      "adapters": "EAN_RAPID"
    },
    {
      "reason": "The payment could not be processed because of insufficient funds.",
      "count": 1,
      "adapters": "EAN_RAPID"
    },
    {
      "reason": "The first request was unsuccessful. The initial error was Price has changed: Unable to book as the price difference exceeds the allowed tolerance - Current tolerance: 2.00%. Please do not retry again.",
      "count": 1,
      "adapters": "BEDS_ONLINE"
    },
    {
      "reason": "The payment could not be processed due to suspected fraud. The card holder should contact their issuing bank for more information.",
      "count": 1,
      "adapters": "EAN_RAPID"
    },
    {
      "reason": "Price has changed: Unable to book as the price difference exceeds the allowed tolerance - Current tolerance: 2.00%",
      "count": 1,
      "adapters": "BEDS_ONLINE"
    }
  ]
}
Archived existing dashboard → index_20260520_230037.html
[2/4] Generating dashboard...
Dashboard saved to: /Users/jayaprasadkakkassery/myExperements/my-dashboard/index.html
Open in browser:    open /Users/jayaprasadkakkassery/myExperements/my-dashboard/index.html
[3/4] Pushing to GitHub Pages...
[gh-pages ae2eaa2] Dashboard refresh (Last 24 hour(s) · All licensees & adapters) - 2026-05-20 23:00:37
 2 files changed, 603 insertions(+), 92 deletions(-)
 create mode 100644 index_20260520_230037.html
============================================
 TST Booking Dashboard - Refreshing...
 Range  : Last 24 hour(s)
 Filters: · All licensees & adapters
============================================
[1/4] Querying database (Last 24 hour(s) · All licensees & adapters)...
{
  "status": "ok",
  "generated_at": "2026-05-21 04:00:43 UTC",
  "interval_hours": 24,
  "filters": {
    "licensee_id": "all",
    "adapter_name": "all"
  },
  "summary": {
    "total": 1649,
    "successful": 1595,
    "failed": 54,
    "failure_pct": 3.27,
    "success_pct": 96.73,
    "cc_failed": 14,
    "cc_pct_of_failures": 25.93,
    "non_cc_failed": 40,
    "non_cc_failure_pct": 2.45
  },
  "by_adapter": [
    {
      "adapter": "SABRE_HOTEL",
      "total": 748,
      "successful": 736,
      "failed": 12,
      "failure_pct": 1.6
    },
    {
      "adapter": "EAN_RAPID",
      "total": 607,
      "successful": 589,
      "failed": 18,
      "failure_pct": 2.97
    },
    {
      "adapter": "PRICELINE_HOTEL",
      "total": 218,
      "successful": 201,
      "failed": 17,
      "failure_pct": 7.8
    },
    {
      "adapter": "ATI",
      "total": 38,
      "successful": 36,
      "failed": 2,
      "failure_pct": 5.26
    },
    {
      "adapter": "BEDS_ONLINE",
      "total": 37,
      "successful": 32,
      "failed": 5,
      "failure_pct": 13.51
    },
    {
      "adapter": "GWS",
      "total": 1,
      "successful": 1,
      "failed": 0,
      "failure_pct": 0.0
    }
  ],
  "by_licensee": [
    {
      "licensee_id": 72,
      "total": 277,
      "successful": 267,
      "failed": 10,
      "failure_pct": 3.61
    },
    {
      "licensee_id": 49,
      "total": 251,
      "successful": 243,
      "failed": 8,
      "failure_pct": 3.19
    },
    {
      "licensee_id": 1,
      "total": 247,
      "successful": 240,
      "failed": 7,
      "failure_pct": 2.83
    },
    {
      "licensee_id": 34,
      "total": 190,
      "successful": 183,
      "failed": 7,
      "failure_pct": 3.68
    },
    {
      "licensee_id": 40,
      "total": 120,
      "successful": 116,
      "failed": 4,
      "failure_pct": 3.33
    },
    {
      "licensee_id": 50,
      "total": 79,
      "successful": 76,
      "failed": 3,
      "failure_pct": 3.8
    },
    {
      "licensee_id": 3,
      "total": 76,
      "successful": 72,
      "failed": 4,
      "failure_pct": 5.26
    },
    {
      "licensee_id": 55,
      "total": 66,
      "successful": 64,
      "failed": 2,
      "failure_pct": 3.03
    },
    {
      "licensee_id": 57,
      "total": 65,
      "successful": 62,
      "failed": 3,
      "failure_pct": 4.62
    },
    {
      "licensee_id": 39,
      "total": 42,
      "successful": 41,
      "failed": 1,
      "failure_pct": 2.38
    }
  ],
  "hourly_trend": [
    {
      "hour": "2026-05-20 04:00:00",
      "total": 52,
      "successful": 50,
      "failed": 2
    },
    {
      "hour": "2026-05-20 05:00:00",
      "total": 33,
      "successful": 30,
      "failed": 3
    },
    {
      "hour": "2026-05-20 06:00:00",
      "total": 9,
      "successful": 7,
      "failed": 2
    },
    {
      "hour": "2026-05-20 07:00:00",
      "total": 5,
      "successful": 5,
      "failed": 0
    },
    {
      "hour": "2026-05-20 08:00:00",
      "total": 7,
      "successful": 7,
      "failed": 0
    },
    {
      "hour": "2026-05-20 09:00:00",
      "total": 6,
      "successful": 6,
      "failed": 0
    },
    {
      "hour": "2026-05-20 10:00:00",
      "total": 10,
      "successful": 9,
      "failed": 1
    },
    {
      "hour": "2026-05-20 11:00:00",
      "total": 12,
      "successful": 11,
      "failed": 1
    },
    {
      "hour": "2026-05-20 12:00:00",
      "total": 27,
      "successful": 27,
      "failed": 0
    },
    {
      "hour": "2026-05-20 13:00:00",
      "total": 44,
      "successful": 42,
      "failed": 2
    },
    {
      "hour": "2026-05-20 14:00:00",
      "total": 86,
      "successful": 82,
      "failed": 4
    },
    {
      "hour": "2026-05-20 15:00:00",
      "total": 104,
      "successful": 97,
      "failed": 7
    },
    {
      "hour": "2026-05-20 16:00:00",
      "total": 112,
      "successful": 112,
      "failed": 0
    },
    {
      "hour": "2026-05-20 17:00:00",
      "total": 117,
      "successful": 115,
      "failed": 2
    },
    {
      "hour": "2026-05-20 18:00:00",
      "total": 108,
      "successful": 106,
      "failed": 2
    },
    {
      "hour": "2026-05-20 19:00:00",
      "total": 133,
      "successful": 128,
      "failed": 5
    },
    {
      "hour": "2026-05-20 20:00:00",
      "total": 118,
      "successful": 114,
      "failed": 4
    },
    {
      "hour": "2026-05-20 21:00:00",
      "total": 106,
      "successful": 105,
      "failed": 1
    },
    {
      "hour": "2026-05-20 22:00:00",
      "total": 109,
      "successful": 108,
      "failed": 1
    },
    {
      "hour": "2026-05-20 23:00:00",
      "total": 95,
      "successful": 89,
      "failed": 6
    },
    {
      "hour": "2026-05-21 00:00:00",
      "total": 102,
      "successful": 100,
      "failed": 2
    },
    {
      "hour": "2026-05-21 01:00:00",
      "total": 97,
      "successful": 93,
      "failed": 4
    },
    {
      "hour": "2026-05-21 02:00:00",
      "total": 77,
      "successful": 75,
      "failed": 2
    },
    {
      "hour": "2026-05-21 03:00:00",
      "total": 78,
      "successful": 75,
      "failed": 3
    },
    {
      "hour": "2026-05-21 04:00:00",
      "total": 2,
      "successful": 2,
      "failed": 0
    }
  ],
  "top_failure_reasons": [
    {
      "reason": "Hotel.Express.Book: Booking failed due to CC failure",
      "count": 14,
      "adapters": "PRICELINE_HOTEL"
    },
    {
      "reason": "Provided card number is invalid.",
      "count": 7,
      "adapters": "EAN_RAPID"
    },
    {
      "reason": "Pnr has not been created successfully, see remaining messages for detailsEnhancedhotelbookrq: unable to perform hotel booking step. see below messages for details.. updatereservationrq: $invalid cc checksum$ (code: 3009)",
      "count": 4,
      "adapters": "SABRE_HOTEL"
    },
    {
      "reason": "One or more requested rooms are unavailable.",
      "count": 4,
      "adapters": "EAN_RAPID"
    },
    {
      "reason": "Hotel.Express.Book: Requested room is not available",
      "count": 2,
      "adapters": "PRICELINE_HOTEL"
    },
    {
      "reason": "The first request was unsuccessful. The initial error was Price has changed: Unable to book as the price difference exceeds the allowed tolerance - Current tolerance: 2.00%. Please do not retry again.",
      "count": 1,
      "adapters": "BEDS_ONLINE"
    },
    {
      "reason": "The payment could not be processed. The card holder should contact their issuing bank for more information.",
      "count": 1,
      "adapters": "EAN_RAPID"
    },
    {
      "reason": "The payment could not be processed due to suspected fraud. The card holder should contact their issuing bank for more information.",
      "count": 1,
      "adapters": "EAN_RAPID"
    },
    {
      "reason": "The payment could not be processed because of insufficient funds.",
      "count": 1,
      "adapters": "EAN_RAPID"
    },
    {
      "reason": "We apologize, but there has been an increase in the cost for your selected rate. Your price has increased by 24.39 USD.",
      "count": 1,
      "adapters": "SABRE_HOTEL"
    }
  ]
}
Archived existing dashboard → index_20260521_000043.html
[2/4] Generating dashboard...
Dashboard saved to: /Users/jayaprasadkakkassery/myExperements/my-dashboard/index.html
Open in browser:    open /Users/jayaprasadkakkassery/myExperements/my-dashboard/index.html
[3/4] Pushing to GitHub Pages...
[gh-pages e8d3ed0] Dashboard refresh (Last 24 hour(s) · All licensees & adapters) - 2026-05-21 00:00:43
 2 files changed, 623 insertions(+), 112 deletions(-)
 create mode 100644 index_20260521_000043.html
============================================
 TST Booking Dashboard - Refreshing...
 Range  : Last 24 hour(s)
 Filters: · All licensees & adapters
============================================
[1/4] Querying database (Last 24 hour(s) · All licensees & adapters)...
{
  "status": "ok",
  "generated_at": "2026-05-21 05:00:50 UTC",
  "interval_hours": 24,
  "filters": {
    "licensee_id": "all",
    "adapter_name": "all"
  },
  "summary": {
    "total": 1642,
    "successful": 1588,
    "failed": 54,
    "failure_pct": 3.29,
    "success_pct": 96.71,
    "cc_failed": 14,
    "cc_pct_of_failures": 25.93,
    "non_cc_failed": 40,
    "non_cc_failure_pct": 2.46
  },
  "by_adapter": [
    {
      "adapter": "SABRE_HOTEL",
      "total": 739,
      "successful": 727,
      "failed": 12,
      "failure_pct": 1.62
    },
    {
      "adapter": "EAN_RAPID",
      "total": 606,
      "successful": 589,
      "failed": 17,
      "failure_pct": 2.81
    },
    {
      "adapter": "PRICELINE_HOTEL",
      "total": 217,
      "successful": 199,
      "failed": 18,
      "failure_pct": 8.29
    },
    {
      "adapter": "BEDS_ONLINE",
      "total": 41,
      "successful": 36,
      "failed": 5,
      "failure_pct": 12.2
    },
    {
      "adapter": "ATI",
      "total": 38,
      "successful": 36,
      "failed": 2,
      "failure_pct": 5.26
    },
    {
      "adapter": "GWS",
      "total": 1,
      "successful": 1,
      "failed": 0,
      "failure_pct": 0.0
    }
  ],
  "by_licensee": [
    {
      "licensee_id": 72,
      "total": 276,
      "successful": 267,
      "failed": 9,
      "failure_pct": 3.26
    },
    {
      "licensee_id": 1,
      "total": 247,
      "successful": 240,
      "failed": 7,
      "failure_pct": 2.83
    },
    {
      "licensee_id": 49,
      "total": 245,
      "successful": 237,
      "failed": 8,
      "failure_pct": 3.27
    },
    {
      "licensee_id": 34,
      "total": 186,
      "successful": 178,
      "failed": 8,
      "failure_pct": 4.3
    },
    {
      "licensee_id": 40,
      "total": 122,
      "successful": 118,
      "failed": 4,
      "failure_pct": 3.28
    },
    {
      "licensee_id": 50,
      "total": 80,
      "successful": 77,
      "failed": 3,
      "failure_pct": 3.75
    },
    {
      "licensee_id": 3,
      "total": 77,
      "successful": 73,
      "failed": 4,
      "failure_pct": 5.19
    },
    {
      "licensee_id": 57,
      "total": 66,
      "successful": 63,
      "failed": 3,
      "failure_pct": 4.55
    },
    {
      "licensee_id": 55,
      "total": 66,
      "successful": 64,
      "failed": 2,
      "failure_pct": 3.03
    },
    {
      "licensee_id": 39,
      "total": 43,
      "successful": 42,
      "failed": 1,
      "failure_pct": 2.33
    }
  ],
  "hourly_trend": [
    {
      "hour": "2026-05-20 05:00:00",
      "total": 31,
      "successful": 28,
      "failed": 3
    },
    {
      "hour": "2026-05-20 06:00:00",
      "total": 9,
      "successful": 7,
      "failed": 2
    },
    {
      "hour": "2026-05-20 07:00:00",
      "total": 5,
      "successful": 5,
      "failed": 0
    },
    {
      "hour": "2026-05-20 08:00:00",
      "total": 7,
      "successful": 7,
      "failed": 0
    },
    {
      "hour": "2026-05-20 09:00:00",
      "total": 6,
      "successful": 6,
      "failed": 0
    },
    {
      "hour": "2026-05-20 10:00:00",
      "total": 10,
      "successful": 9,
      "failed": 1
    },
    {
      "hour": "2026-05-20 11:00:00",
      "total": 12,
      "successful": 11,
      "failed": 1
    },
    {
      "hour": "2026-05-20 12:00:00",
      "total": 27,
      "successful": 27,
      "failed": 0
    },
    {
      "hour": "2026-05-20 13:00:00",
      "total": 44,
      "successful": 42,
      "failed": 2
    },
    {
      "hour": "2026-05-20 14:00:00",
      "total": 86,
      "successful": 82,
      "failed": 4
    },
    {
      "hour": "2026-05-20 15:00:00",
      "total": 104,
      "successful": 97,
      "failed": 7
    },
    {
      "hour": "2026-05-20 16:00:00",
      "total": 112,
      "successful": 112,
      "failed": 0
    },
    {
      "hour": "2026-05-20 17:00:00",
      "total": 117,
      "successful": 115,
      "failed": 2
    },
    {
      "hour": "2026-05-20 18:00:00",
      "total": 108,
      "successful": 106,
      "failed": 2
    },
    {
      "hour": "2026-05-20 19:00:00",
      "total": 133,
      "successful": 128,
      "failed": 5
    },
    {
      "hour": "2026-05-20 20:00:00",
      "total": 118,
      "successful": 114,
      "failed": 4
    },
    {
      "hour": "2026-05-20 21:00:00",
      "total": 106,
      "successful": 105,
      "failed": 1
    },
    {
      "hour": "2026-05-20 22:00:00",
      "total": 109,
      "successful": 108,
      "failed": 1
    },
    {
      "hour": "2026-05-20 23:00:00",
      "total": 95,
      "successful": 89,
      "failed": 6
    },
    {
      "hour": "2026-05-21 00:00:00",
      "total": 102,
      "successful": 100,
      "failed": 2
    },
    {
      "hour": "2026-05-21 01:00:00",
      "total": 97,
      "successful": 93,
      "failed": 4
    },
    {
      "hour": "2026-05-21 02:00:00",
      "total": 77,
      "successful": 75,
      "failed": 2
    },
    {
      "hour": "2026-05-21 03:00:00",
      "total": 78,
      "successful": 75,
      "failed": 3
    },
    {
      "hour": "2026-05-21 04:00:00",
      "total": 49,
      "successful": 47,
      "failed": 2
    }
  ],
  "top_failure_reasons": [
    {
      "reason": "Hotel.Express.Book: Booking failed due to CC failure",
      "count": 14,
      "adapters": "PRICELINE_HOTEL"
    },
    {
      "reason": "Provided card number is invalid.",
      "count": 7,
      "adapters": "EAN_RAPID"
    },
    {
      "reason": "One or more requested rooms are unavailable.",
      "count": 4,
      "adapters": "EAN_RAPID"
    },
    {
      "reason": "Pnr has not been created successfully, see remaining messages for detailsEnhancedhotelbookrq: unable to perform hotel booking step. see below messages for details.. updatereservationrq: $invalid cc checksum$ (code: 3009)",
      "count": 4,
      "adapters": "SABRE_HOTEL"
    },
    {
      "reason": "Hotel.Express.Contract: Rates not found",
      "count": 2,
      "adapters": "PRICELINE_HOTEL"
    },
    {
      "reason": "Hotel.Express.Book: Requested room is not available",
      "count": 2,
      "adapters": "PRICELINE_HOTEL"
    },
    {
      "reason": "The payment could not be processed. The card holder should contact their issuing bank for more information.",
      "count": 1,
      "adapters": "EAN_RAPID"
    },
    {
      "reason": "We apologize, but there has been an increase in the cost for your selected rate. Your price has increased by 24.39 USD.",
      "count": 1,
      "adapters": "SABRE_HOTEL"
    },
    {
      "reason": "The payment could not be processed due to suspected fraud. The card holder should contact their issuing bank for more information.",
      "count": 1,
      "adapters": "EAN_RAPID"
    },
    {
      "reason": "The payment could not be processed because of insufficient funds.",
      "count": 1,
      "adapters": "EAN_RAPID"
    }
  ]
}
Archived existing dashboard → index_20260521_010050.html
[2/4] Generating dashboard...
Dashboard saved to: /Users/jayaprasadkakkassery/myExperements/my-dashboard/index.html
Open in browser:    open /Users/jayaprasadkakkassery/myExperements/my-dashboard/index.html
[3/4] Pushing to GitHub Pages...
[gh-pages 642b003] Dashboard refresh (Last 24 hour(s) · All licensees & adapters) - 2026-05-21 01:00:50
 2 files changed, 611 insertions(+), 100 deletions(-)
 create mode 100644 index_20260521_010050.html
============================================
 TST Booking Dashboard - Refreshing...
 Range  : Last 24 hour(s)
 Filters: · All licensees & adapters
============================================
[1/4] Querying database (Last 24 hour(s) · All licensees & adapters)...
{
  "status": "ok",
  "generated_at": "2026-05-21 06:01:02 UTC",
  "interval_hours": 24,
  "filters": {
    "licensee_id": "all",
    "adapter_name": "all"
  },
  "summary": {
    "total": 1643,
    "successful": 1592,
    "failed": 51,
    "failure_pct": 3.1,
    "success_pct": 96.9,
    "cc_failed": 14,
    "cc_pct_of_failures": 27.45,
    "non_cc_failed": 37,
    "non_cc_failure_pct": 2.27
  },
  "by_adapter": [
    {
      "adapter": "SABRE_HOTEL",
      "total": 740,
      "successful": 728,
      "failed": 12,
      "failure_pct": 1.62
    },
    {
      "adapter": "EAN_RAPID",
      "total": 608,
      "successful": 592,
      "failed": 16,
      "failure_pct": 2.63
    },
    {
      "adapter": "PRICELINE_HOTEL",
      "total": 219,
      "successful": 201,
      "failed": 18,
      "failure_pct": 8.22
    },
    {
      "adapter": "BEDS_ONLINE",
      "total": 38,
      "successful": 35,
      "failed": 3,
      "failure_pct": 7.89
    },
    {
      "adapter": "ATI",
      "total": 37,
      "successful": 35,
      "failed": 2,
      "failure_pct": 5.41
    },
    {
      "adapter": "GWS",
      "total": 1,
      "successful": 1,
      "failed": 0,
      "failure_pct": 0.0
    }
  ],
  "by_licensee": [
    {
      "licensee_id": 72,
      "total": 278,
      "successful": 270,
      "failed": 8,
      "failure_pct": 2.88
    },
    {
      "licensee_id": 1,
      "total": 248,
      "successful": 240,
      "failed": 8,
      "failure_pct": 3.23
    },
    {
      "licensee_id": 49,
      "total": 242,
      "successful": 234,
      "failed": 8,
      "failure_pct": 3.31
    },
    {
      "licensee_id": 34,
      "total": 184,
      "successful": 179,
      "failed": 5,
      "failure_pct": 2.72
    },
    {
      "licensee_id": 40,
      "total": 124,
      "successful": 120,
      "failed": 4,
      "failure_pct": 3.23
    },
    {
      "licensee_id": 50,
      "total": 80,
      "successful": 77,
      "failed": 3,
      "failure_pct": 3.75
    },
    {
      "licensee_id": 3,
      "total": 79,
      "successful": 75,
      "failed": 4,
      "failure_pct": 5.06
    },
    {
      "licensee_id": 57,
      "total": 68,
      "successful": 65,
      "failed": 3,
      "failure_pct": 4.41
    },
    {
      "licensee_id": 55,
      "total": 66,
      "successful": 64,
      "failed": 2,
      "failure_pct": 3.03
    },
    {
      "licensee_id": 39,
      "total": 43,
      "successful": 42,
      "failed": 1,
      "failure_pct": 2.33
    }
  ],
  "hourly_trend": [
    {
      "hour": "2026-05-20 06:00:00",
      "total": 8,
      "successful": 7,
      "failed": 1
    },
    {
      "hour": "2026-05-20 07:00:00",
      "total": 5,
      "successful": 5,
      "failed": 0
    },
    {
      "hour": "2026-05-20 08:00:00",
      "total": 7,
      "successful": 7,
      "failed": 0
    },
    {
      "hour": "2026-05-20 09:00:00",
      "total": 6,
      "successful": 6,
      "failed": 0
    },
    {
      "hour": "2026-05-20 10:00:00",
      "total": 10,
      "successful": 9,
      "failed": 1
    },
    {
      "hour": "2026-05-20 11:00:00",
      "total": 12,
      "successful": 11,
      "failed": 1
    },
    {
      "hour": "2026-05-20 12:00:00",
      "total": 27,
      "successful": 27,
      "failed": 0
    },
    {
      "hour": "2026-05-20 13:00:00",
      "total": 44,
      "successful": 42,
      "failed": 2
    },
    {
      "hour": "2026-05-20 14:00:00",
      "total": 86,
      "successful": 82,
      "failed": 4
    },
    {
      "hour": "2026-05-20 15:00:00",
      "total": 104,
      "successful": 97,
      "failed": 7
    },
    {
      "hour": "2026-05-20 16:00:00",
      "total": 112,
      "successful": 112,
      "failed": 0
    },
    {
      "hour": "2026-05-20 17:00:00",
      "total": 117,
      "successful": 115,
      "failed": 2
    },
    {
      "hour": "2026-05-20 18:00:00",
      "total": 108,
      "successful": 106,
      "failed": 2
    },
    {
      "hour": "2026-05-20 19:00:00",
      "total": 133,
      "successful": 128,
      "failed": 5
    },
    {
      "hour": "2026-05-20 20:00:00",
      "total": 118,
      "successful": 114,
      "failed": 4
    },
    {
      "hour": "2026-05-20 21:00:00",
      "total": 106,
      "successful": 105,
      "failed": 1
    },
    {
      "hour": "2026-05-20 22:00:00",
      "total": 109,
      "successful": 108,
      "failed": 1
    },
    {
      "hour": "2026-05-20 23:00:00",
      "total": 95,
      "successful": 89,
      "failed": 6
    },
    {
      "hour": "2026-05-21 00:00:00",
      "total": 102,
      "successful": 100,
      "failed": 2
    },
    {
      "hour": "2026-05-21 01:00:00",
      "total": 97,
      "successful": 93,
      "failed": 4
    },
    {
      "hour": "2026-05-21 02:00:00",
      "total": 77,
      "successful": 75,
      "failed": 2
    },
    {
      "hour": "2026-05-21 03:00:00",
      "total": 78,
      "successful": 75,
      "failed": 3
    },
    {
      "hour": "2026-05-21 04:00:00",
      "total": 49,
      "successful": 47,
      "failed": 2
    },
    {
      "hour": "2026-05-21 05:00:00",
      "total": 33,
      "successful": 32,
      "failed": 1
    }
  ],
  "top_failure_reasons": [
    {
      "reason": "Hotel.Express.Book: Booking failed due to CC failure",
      "count": 14,
      "adapters": "PRICELINE_HOTEL"
    },
    {
      "reason": "Provided card number is invalid.",
      "count": 7,
      "adapters": "EAN_RAPID"
    },
    {
      "reason": "One or more requested rooms are unavailable.",
      "count": 4,
      "adapters": "EAN_RAPID"
    },
    {
      "reason": "Pnr has not been created successfully, see remaining messages for detailsEnhancedhotelbookrq: unable to perform hotel booking step. see below messages for details.. updatereservationrq: $invalid cc checksum$ (code: 3009)",
      "count": 4,
      "adapters": "SABRE_HOTEL"
    },
    {
      "reason": "Hotel.Express.Contract: Rates not found",
      "count": 2,
      "adapters": "PRICELINE_HOTEL"
    },
    {
      "reason": "Hotel.Express.Book: Requested room is not available",
      "count": 2,
      "adapters": "PRICELINE_HOTEL"
    },
    {
      "reason": "The payment could not be processed due to suspected fraud. The card holder should contact their issuing bank for more information.",
      "count": 1,
      "adapters": "EAN_RAPID"
    },
    {
      "reason": "We're sorry, but we haven't received a response from the vendor on the status of your booking. Please do not attempt to book again as your booking may be confirmed in the vendor's system. Please contact Automobile Club of So. California at 1-833-771-",
      "count": 1,
      "adapters": "EAN_RAPID"
    },
    {
      "reason": "The payment could not be processed because of insufficient funds.",
      "count": 1,
      "adapters": "EAN_RAPID"
    },
    {
      "reason": "We apologize, but there has been an increase in the cost for your selected rate. Your price has increased by 24.39 USD.",
      "count": 1,
      "adapters": "SABRE_HOTEL"
    }
  ]
}
Archived existing dashboard → index_20260521_020102.html
[2/4] Generating dashboard...
Dashboard saved to: /Users/jayaprasadkakkassery/myExperements/my-dashboard/index.html
Open in browser:    open /Users/jayaprasadkakkassery/myExperements/my-dashboard/index.html
[3/4] Pushing to GitHub Pages...
[gh-pages bd27f9a] Dashboard refresh (Last 24 hour(s) · All licensees & adapters) - 2026-05-21 02:01:02
 2 files changed, 593 insertions(+), 82 deletions(-)
 create mode 100644 index_20260521_020102.html
============================================
 TST Booking Dashboard - Refreshing...
 Range  : Last 24 hour(s)
 Filters: · All licensees & adapters
============================================
[1/4] Querying database (Last 24 hour(s) · All licensees & adapters)...
{
  "status": "ok",
  "generated_at": "2026-05-21 07:01:07 UTC",
  "interval_hours": 24,
  "filters": {
    "licensee_id": "all",
    "adapter_name": "all"
  },
  "summary": {
    "total": 1647,
    "successful": 1596,
    "failed": 51,
    "failure_pct": 3.1,
    "success_pct": 96.9,
    "cc_failed": 13,
    "cc_pct_of_failures": 25.49,
    "non_cc_failed": 38,
    "non_cc_failure_pct": 2.33
  },
  "by_adapter": [
    {
      "adapter": "SABRE_HOTEL",
      "total": 739,
      "successful": 727,
      "failed": 12,
      "failure_pct": 1.62
    },
    {
      "adapter": "EAN_RAPID",
      "total": 610,
      "successful": 595,
      "failed": 15,
      "failure_pct": 2.46
    },
    {
      "adapter": "PRICELINE_HOTEL",
      "total": 220,
      "successful": 201,
      "failed": 19,
      "failure_pct": 8.64
    },
    {
      "adapter": "ATI",
      "total": 39,
      "successful": 37,
      "failed": 2,
      "failure_pct": 5.13
    },
    {
      "adapter": "BEDS_ONLINE",
      "total": 38,
      "successful": 35,
      "failed": 3,
      "failure_pct": 7.89
    },
    {
      "adapter": "GWS",
      "total": 1,
      "successful": 1,
      "failed": 0,
      "failure_pct": 0.0
    }
  ],
  "by_licensee": [
    {
      "licensee_id": 72,
      "total": 280,
      "successful": 272,
      "failed": 8,
      "failure_pct": 2.86
    },
    {
      "licensee_id": 1,
      "total": 248,
      "successful": 240,
      "failed": 8,
      "failure_pct": 3.23
    },
    {
      "licensee_id": 49,
      "total": 241,
      "successful": 233,
      "failed": 8,
      "failure_pct": 3.32
    },
    {
      "licensee_id": 34,
      "total": 188,
      "successful": 183,
      "failed": 5,
      "failure_pct": 2.66
    },
    {
      "licensee_id": 40,
      "total": 124,
      "successful": 120,
      "failed": 4,
      "failure_pct": 3.23
    },
    {
      "licensee_id": 50,
      "total": 80,
      "successful": 77,
      "failed": 3,
      "failure_pct": 3.75
    },
    {
      "licensee_id": 3,
      "total": 78,
      "successful": 74,
      "failed": 4,
      "failure_pct": 5.13
    },
    {
      "licensee_id": 57,
      "total": 68,
      "successful": 65,
      "failed": 3,
      "failure_pct": 4.41
    },
    {
      "licensee_id": 55,
      "total": 66,
      "successful": 64,
      "failed": 2,
      "failure_pct": 3.03
    },
    {
      "licensee_id": 39,
      "total": 43,
      "successful": 42,
      "failed": 1,
      "failure_pct": 2.33
    }
  ],
  "hourly_trend": [
    {
      "hour": "2026-05-20 07:00:00",
      "total": 5,
      "successful": 5,
      "failed": 0
    },
    {
      "hour": "2026-05-20 08:00:00",
      "total": 7,
      "successful": 7,
      "failed": 0
    },
    {
      "hour": "2026-05-20 09:00:00",
      "total": 6,
      "successful": 6,
      "failed": 0
    },
    {
      "hour": "2026-05-20 10:00:00",
      "total": 10,
      "successful": 9,
      "failed": 1
    },
    {
      "hour": "2026-05-20 11:00:00",
      "total": 12,
      "successful": 11,
      "failed": 1
    },
    {
      "hour": "2026-05-20 12:00:00",
      "total": 27,
      "successful": 27,
      "failed": 0
    },
    {
      "hour": "2026-05-20 13:00:00",
      "total": 44,
      "successful": 42,
      "failed": 2
    },
    {
      "hour": "2026-05-20 14:00:00",
      "total": 86,
      "successful": 82,
      "failed": 4
    },
    {
      "hour": "2026-05-20 15:00:00",
      "total": 104,
      "successful": 97,
      "failed": 7
    },
    {
      "hour": "2026-05-20 16:00:00",
      "total": 112,
      "successful": 112,
      "failed": 0
    },
    {
      "hour": "2026-05-20 17:00:00",
      "total": 117,
      "successful": 115,
      "failed": 2
    },
    {
      "hour": "2026-05-20 18:00:00",
      "total": 108,
      "successful": 106,
      "failed": 2
    },
    {
      "hour": "2026-05-20 19:00:00",
      "total": 133,
      "successful": 128,
      "failed": 5
    },
    {
      "hour": "2026-05-20 20:00:00",
      "total": 118,
      "successful": 114,
      "failed": 4
    },
    {
      "hour": "2026-05-20 21:00:00",
      "total": 106,
      "successful": 105,
      "failed": 1
    },
    {
      "hour": "2026-05-20 22:00:00",
      "total": 109,
      "successful": 108,
      "failed": 1
    },
    {
      "hour": "2026-05-20 23:00:00",
      "total": 95,
      "successful": 89,
      "failed": 6
    },
    {
      "hour": "2026-05-21 00:00:00",
      "total": 102,
      "successful": 100,
      "failed": 2
    },
    {
      "hour": "2026-05-21 01:00:00",
      "total": 97,
      "successful": 93,
      "failed": 4
    },
    {
      "hour": "2026-05-21 02:00:00",
      "total": 77,
      "successful": 75,
      "failed": 2
    },
    {
      "hour": "2026-05-21 03:00:00",
      "total": 78,
      "successful": 75,
      "failed": 3
    },
    {
      "hour": "2026-05-21 04:00:00",
      "total": 49,
      "successful": 47,
      "failed": 2
    },
    {
      "hour": "2026-05-21 05:00:00",
      "total": 33,
      "successful": 32,
      "failed": 1
    },
    {
      "hour": "2026-05-21 06:00:00",
      "total": 12,
      "successful": 11,
      "failed": 1
    }
  ],
  "top_failure_reasons": [
    {
      "reason": "Hotel.Express.Book: Booking failed due to CC failure",
      "count": 15,
      "adapters": "PRICELINE_HOTEL"
    },
    {
      "reason": "Provided card number is invalid.",
      "count": 7,
      "adapters": "EAN_RAPID"
    },
    {
      "reason": "One or more requested rooms are unavailable.",
      "count": 4,
      "adapters": "EAN_RAPID"
    },
    {
      "reason": "Pnr has not been created successfully, see remaining messages for detailsEnhancedhotelbookrq: unable to perform hotel booking step. see below messages for details.. updatereservationrq: $invalid cc checksum$ (code: 3009)",
      "count": 4,
      "adapters": "SABRE_HOTEL"
    },
    {
      "reason": "Hotel.Express.Contract: Rates not found",
      "count": 2,
      "adapters": "PRICELINE_HOTEL"
    },
    {
      "reason": "Hotel.Express.Book: Requested room is not available",
      "count": 2,
      "adapters": "PRICELINE_HOTEL"
    },
    {
      "reason": "The payment could not be processed. The card holder should contact their issuing bank for more information.",
      "count": 1,
      "adapters": "EAN_RAPID"
    },
    {
      "reason": "We're sorry, but we haven't received a response from the vendor on the status of your booking. Please do not attempt to book again as your booking may be confirmed in the vendor's system. Please contact Automobile Club of So. California at 1-833-771-",
      "count": 1,
      "adapters": "EAN_RAPID"
    },
    {
      "reason": "The payment could not be processed because of insufficient funds.",
      "count": 1,
      "adapters": "EAN_RAPID"
    },
    {
      "reason": "We apologize, but there has been an increase in the cost for your selected rate. Your price has increased by 24.39 USD.",
      "count": 1,
      "adapters": "SABRE_HOTEL"
    }
  ]
}
Archived existing dashboard → index_20260521_030107.html
[2/4] Generating dashboard...
Dashboard saved to: /Users/jayaprasadkakkassery/myExperements/my-dashboard/index.html
Open in browser:    open /Users/jayaprasadkakkassery/myExperements/my-dashboard/index.html
[3/4] Pushing to GitHub Pages...
[gh-pages 41a148b] Dashboard refresh (Last 24 hour(s) · All licensees & adapters) - 2026-05-21 03:01:07
 2 files changed, 567 insertions(+), 56 deletions(-)
 create mode 100644 index_20260521_030107.html
============================================
 TST Booking Dashboard - Refreshing...
 Range  : Last 24 hour(s)
 Filters: · All licensees & adapters
============================================
[1/4] Querying database (Last 24 hour(s) · All licensees & adapters)...
{
  "status": "ok",
  "generated_at": "2026-05-21 08:01:12 UTC",
  "interval_hours": 24,
  "filters": {
    "licensee_id": "all",
    "adapter_name": "all"
  },
  "summary": {
    "total": 1652,
    "successful": 1601,
    "failed": 51,
    "failure_pct": 3.09,
    "success_pct": 96.91,
    "cc_failed": 13,
    "cc_pct_of_failures": 25.49,
    "non_cc_failed": 38,
    "non_cc_failure_pct": 2.32
  },
  "by_adapter": [
    {
      "adapter": "SABRE_HOTEL",
      "total": 740,
      "successful": 728,
      "failed": 12,
      "failure_pct": 1.62
    },
    {
      "adapter": "EAN_RAPID",
      "total": 613,
      "successful": 598,
      "failed": 15,
      "failure_pct": 2.45
    },
    {
      "adapter": "PRICELINE_HOTEL",
      "total": 222,
      "successful": 203,
      "failed": 19,
      "failure_pct": 8.56
    },
    {
      "adapter": "BEDS_ONLINE",
      "total": 38,
      "successful": 35,
      "failed": 3,
      "failure_pct": 7.89
    },
    {
      "adapter": "ATI",
      "total": 38,
      "successful": 36,
      "failed": 2,
      "failure_pct": 5.26
    },
    {
      "adapter": "GWS",
      "total": 1,
      "successful": 1,
      "failed": 0,
      "failure_pct": 0.0
    }
  ],
  "by_licensee": [
    {
      "licensee_id": 72,
      "total": 279,
      "successful": 271,
      "failed": 8,
      "failure_pct": 2.87
    },
    {
      "licensee_id": 1,
      "total": 248,
      "successful": 240,
      "failed": 8,
      "failure_pct": 3.23
    },
    {
      "licensee_id": 49,
      "total": 241,
      "successful": 233,
      "failed": 8,
      "failure_pct": 3.32
    },
    {
      "licensee_id": 34,
      "total": 189,
      "successful": 184,
      "failed": 5,
      "failure_pct": 2.65
    },
    {
      "licensee_id": 40,
      "total": 125,
      "successful": 121,
      "failed": 4,
      "failure_pct": 3.2
    },
    {
      "licensee_id": 50,
      "total": 81,
      "successful": 78,
      "failed": 3,
      "failure_pct": 3.7
    },
    {
      "licensee_id": 3,
      "total": 78,
      "successful": 74,
      "failed": 4,
      "failure_pct": 5.13
    },
    {
      "licensee_id": 57,
      "total": 68,
      "successful": 65,
      "failed": 3,
      "failure_pct": 4.41
    },
    {
      "licensee_id": 55,
      "total": 68,
      "successful": 66,
      "failed": 2,
      "failure_pct": 2.94
    },
    {
      "licensee_id": 39,
      "total": 43,
      "successful": 42,
      "failed": 1,
      "failure_pct": 2.33
    }
  ],
  "hourly_trend": [
    {
      "hour": "2026-05-20 08:00:00",
      "total": 7,
      "successful": 7,
      "failed": 0
    },
    {
      "hour": "2026-05-20 09:00:00",
      "total": 6,
      "successful": 6,
      "failed": 0
    },
    {
      "hour": "2026-05-20 10:00:00",
      "total": 10,
      "successful": 9,
      "failed": 1
    },
    {
      "hour": "2026-05-20 11:00:00",
      "total": 12,
      "successful": 11,
      "failed": 1
    },
    {
      "hour": "2026-05-20 12:00:00",
      "total": 27,
      "successful": 27,
      "failed": 0
    },
    {
      "hour": "2026-05-20 13:00:00",
      "total": 44,
      "successful": 42,
      "failed": 2
    },
    {
      "hour": "2026-05-20 14:00:00",
      "total": 86,
      "successful": 82,
      "failed": 4
    },
    {
      "hour": "2026-05-20 15:00:00",
      "total": 104,
      "successful": 97,
      "failed": 7
    },
    {
      "hour": "2026-05-20 16:00:00",
      "total": 112,
      "successful": 112,
      "failed": 0
    },
    {
      "hour": "2026-05-20 17:00:00",
      "total": 117,
      "successful": 115,
      "failed": 2
    },
    {
      "hour": "2026-05-20 18:00:00",
      "total": 108,
      "successful": 106,
      "failed": 2
    },
    {
      "hour": "2026-05-20 19:00:00",
      "total": 133,
      "successful": 128,
      "failed": 5
    },
    {
      "hour": "2026-05-20 20:00:00",
      "total": 118,
      "successful": 114,
      "failed": 4
    },
    {
      "hour": "2026-05-20 21:00:00",
      "total": 106,
      "successful": 105,
      "failed": 1
    },
    {
      "hour": "2026-05-20 22:00:00",
      "total": 109,
      "successful": 108,
      "failed": 1
    },
    {
      "hour": "2026-05-20 23:00:00",
      "total": 95,
      "successful": 89,
      "failed": 6
    },
    {
      "hour": "2026-05-21 00:00:00",
      "total": 102,
      "successful": 100,
      "failed": 2
    },
    {
      "hour": "2026-05-21 01:00:00",
      "total": 97,
      "successful": 93,
      "failed": 4
    },
    {
      "hour": "2026-05-21 02:00:00",
      "total": 77,
      "successful": 75,
      "failed": 2
    },
    {
      "hour": "2026-05-21 03:00:00",
      "total": 78,
      "successful": 75,
      "failed": 3
    },
    {
      "hour": "2026-05-21 04:00:00",
      "total": 49,
      "successful": 47,
      "failed": 2
    },
    {
      "hour": "2026-05-21 05:00:00",
      "total": 33,
      "successful": 32,
      "failed": 1
    },
    {
      "hour": "2026-05-21 06:00:00",
      "total": 12,
      "successful": 11,
      "failed": 1
    },
    {
      "hour": "2026-05-21 07:00:00",
      "total": 10,
      "successful": 10,
      "failed": 0
    }
  ],
  "top_failure_reasons": [
    {
      "reason": "Hotel.Express.Book: Booking failed due to CC failure",
      "count": 15,
      "adapters": "PRICELINE_HOTEL"
    },
    {
      "reason": "Provided card number is invalid.",
      "count": 7,
      "adapters": "EAN_RAPID"
    },
    {
      "reason": "One or more requested rooms are unavailable.",
      "count": 4,
      "adapters": "EAN_RAPID"
    },
    {
      "reason": "Pnr has not been created successfully, see remaining messages for detailsEnhancedhotelbookrq: unable to perform hotel booking step. see below messages for details.. updatereservationrq: $invalid cc checksum$ (code: 3009)",
      "count": 4,
      "adapters": "SABRE_HOTEL"
    },
    {
      "reason": "Hotel.Express.Contract: Rates not found",
      "count": 2,
      "adapters": "PRICELINE_HOTEL"
    },
    {
      "reason": "Hotel.Express.Book: Requested room is not available",
      "count": 2,
      "adapters": "PRICELINE_HOTEL"
    },
    {
      "reason": "The payment could not be processed. The card holder should contact their issuing bank for more information.",
      "count": 1,
      "adapters": "EAN_RAPID"
    },
    {
      "reason": "We're sorry, but we haven't received a response from the vendor on the status of your booking. Please do not attempt to book again as your booking may be confirmed in the vendor's system. Please contact Automobile Club of So. California at 1-833-771-",
      "count": 1,
      "adapters": "EAN_RAPID"
    },
    {
      "reason": "The payment could not be processed because of insufficient funds.",
      "count": 1,
      "adapters": "EAN_RAPID"
    },
    {
      "reason": "We apologize, but there has been an increase in the cost for your selected rate. Your price has increased by 24.39 USD.",
      "count": 1,
      "adapters": "SABRE_HOTEL"
    }
  ]
}
Archived existing dashboard → index_20260521_040112.html
[2/4] Generating dashboard...
Dashboard saved to: /Users/jayaprasadkakkassery/myExperements/my-dashboard/index.html
Open in browser:    open /Users/jayaprasadkakkassery/myExperements/my-dashboard/index.html
[3/4] Pushing to GitHub Pages...
[gh-pages 4bce556] Dashboard refresh (Last 24 hour(s) · All licensees & adapters) - 2026-05-21 04:01:12
 2 files changed, 566 insertions(+), 55 deletions(-)
 create mode 100644 index_20260521_040112.html
============================================
 TST Booking Dashboard - Refreshing...
 Range  : Last 24 hour(s)
 Filters: · All licensees & adapters
============================================
[1/4] Querying database (Last 24 hour(s) · All licensees & adapters)...
{
  "status": "ok",
  "generated_at": "2026-05-21 09:01:17 UTC",
  "interval_hours": 24,
  "filters": {
    "licensee_id": "all",
    "adapter_name": "all"
  },
  "summary": {
    "total": 1650,
    "successful": 1599,
    "failed": 51,
    "failure_pct": 3.09,
    "success_pct": 96.91,
    "cc_failed": 13,
    "cc_pct_of_failures": 25.49,
    "non_cc_failed": 38,
    "non_cc_failure_pct": 2.32
  },
  "by_adapter": [
    {
      "adapter": "SABRE_HOTEL",
      "total": 738,
      "successful": 726,
      "failed": 12,
      "failure_pct": 1.63
    },
    {
      "adapter": "EAN_RAPID",
      "total": 612,
      "successful": 597,
      "failed": 15,
      "failure_pct": 2.45
    },
    {
      "adapter": "PRICELINE_HOTEL",
      "total": 224,
      "successful": 205,
      "failed": 19,
      "failure_pct": 8.48
    },
    {
      "adapter": "ATI",
      "total": 38,
      "successful": 36,
      "failed": 2,
      "failure_pct": 5.26
    },
    {
      "adapter": "BEDS_ONLINE",
      "total": 37,
      "successful": 34,
      "failed": 3,
      "failure_pct": 8.11
    },
    {
      "adapter": "GWS",
      "total": 1,
      "successful": 1,
      "failed": 0,
      "failure_pct": 0.0
    }
  ],
  "by_licensee": [
    {
      "licensee_id": 72,
      "total": 278,
      "successful": 270,
      "failed": 8,
      "failure_pct": 2.88
    },
    {
      "licensee_id": 1,
      "total": 246,
      "successful": 238,
      "failed": 8,
      "failure_pct": 3.25
    },
    {
      "licensee_id": 49,
      "total": 239,
      "successful": 231,
      "failed": 8,
      "failure_pct": 3.35
    },
    {
      "licensee_id": 34,
      "total": 189,
      "successful": 184,
      "failed": 5,
      "failure_pct": 2.65
    },
    {
      "licensee_id": 40,
      "total": 126,
      "successful": 122,
      "failed": 4,
      "failure_pct": 3.17
    },
    {
      "licensee_id": 50,
      "total": 82,
      "successful": 79,
      "failed": 3,
      "failure_pct": 3.66
    },
    {
      "licensee_id": 3,
      "total": 78,
      "successful": 74,
      "failed": 4,
      "failure_pct": 5.13
    },
    {
      "licensee_id": 57,
      "total": 68,
      "successful": 65,
      "failed": 3,
      "failure_pct": 4.41
    },
    {
      "licensee_id": 55,
      "total": 68,
      "successful": 66,
      "failed": 2,
      "failure_pct": 2.94
    },
    {
      "licensee_id": 39,
      "total": 43,
      "successful": 42,
      "failed": 1,
      "failure_pct": 2.33
    }
  ],
  "hourly_trend": [
    {
      "hour": "2026-05-20 09:00:00",
      "total": 6,
      "successful": 6,
      "failed": 0
    },
    {
      "hour": "2026-05-20 10:00:00",
      "total": 10,
      "successful": 9,
      "failed": 1
    },
    {
      "hour": "2026-05-20 11:00:00",
      "total": 12,
      "successful": 11,
      "failed": 1
    },
    {
      "hour": "2026-05-20 12:00:00",
      "total": 27,
      "successful": 27,
      "failed": 0
    },
    {
      "hour": "2026-05-20 13:00:00",
      "total": 44,
      "successful": 42,
      "failed": 2
    },
    {
      "hour": "2026-05-20 14:00:00",
      "total": 86,
      "successful": 82,
      "failed": 4
    },
    {
      "hour": "2026-05-20 15:00:00",
      "total": 104,
      "successful": 97,
      "failed": 7
    },
    {
      "hour": "2026-05-20 16:00:00",
      "total": 112,
      "successful": 112,
      "failed": 0
    },
    {
      "hour": "2026-05-20 17:00:00",
      "total": 117,
      "successful": 115,
      "failed": 2
    },
    {
      "hour": "2026-05-20 18:00:00",
      "total": 108,
      "successful": 106,
      "failed": 2
    },
    {
      "hour": "2026-05-20 19:00:00",
      "total": 133,
      "successful": 128,
      "failed": 5
    },
    {
      "hour": "2026-05-20 20:00:00",
      "total": 118,
      "successful": 114,
      "failed": 4
    },
    {
      "hour": "2026-05-20 21:00:00",
      "total": 106,
      "successful": 105,
      "failed": 1
    },
    {
      "hour": "2026-05-20 22:00:00",
      "total": 109,
      "successful": 108,
      "failed": 1
    },
    {
      "hour": "2026-05-20 23:00:00",
      "total": 95,
      "successful": 89,
      "failed": 6
    },
    {
      "hour": "2026-05-21 00:00:00",
      "total": 102,
      "successful": 100,
      "failed": 2
    },
    {
      "hour": "2026-05-21 01:00:00",
      "total": 97,
      "successful": 93,
      "failed": 4
    },
    {
      "hour": "2026-05-21 02:00:00",
      "total": 77,
      "successful": 75,
      "failed": 2
    },
    {
      "hour": "2026-05-21 03:00:00",
      "total": 78,
      "successful": 75,
      "failed": 3
    },
    {
      "hour": "2026-05-21 04:00:00",
      "total": 49,
      "successful": 47,
      "failed": 2
    },
    {
      "hour": "2026-05-21 05:00:00",
      "total": 33,
      "successful": 32,
      "failed": 1
    },
    {
      "hour": "2026-05-21 06:00:00",
      "total": 12,
      "successful": 11,
      "failed": 1
    },
    {
      "hour": "2026-05-21 07:00:00",
      "total": 10,
      "successful": 10,
      "failed": 0
    },
    {
      "hour": "2026-05-21 08:00:00",
      "total": 5,
      "successful": 5,
      "failed": 0
    }
  ],
  "top_failure_reasons": [
    {
      "reason": "Hotel.Express.Book: Booking failed due to CC failure",
      "count": 15,
      "adapters": "PRICELINE_HOTEL"
    },
    {
      "reason": "Provided card number is invalid.",
      "count": 7,
      "adapters": "EAN_RAPID"
    },
    {
      "reason": "One or more requested rooms are unavailable.",
      "count": 4,
      "adapters": "EAN_RAPID"
    },
    {
      "reason": "Pnr has not been created successfully, see remaining messages for detailsEnhancedhotelbookrq: unable to perform hotel booking step. see below messages for details.. updatereservationrq: $invalid cc checksum$ (code: 3009)",
      "count": 4,
      "adapters": "SABRE_HOTEL"
    },
    {
      "reason": "Hotel.Express.Contract: Rates not found",
      "count": 2,
      "adapters": "PRICELINE_HOTEL"
    },
    {
      "reason": "Hotel.Express.Book: Requested room is not available",
      "count": 2,
      "adapters": "PRICELINE_HOTEL"
    },
    {
      "reason": "The payment could not be processed. The card holder should contact their issuing bank for more information.",
      "count": 1,
      "adapters": "EAN_RAPID"
    },
    {
      "reason": "We're sorry, but we haven't received a response from the vendor on the status of your booking. Please do not attempt to book again as your booking may be confirmed in the vendor's system. Please contact Automobile Club of So. California at 1-833-771-",
      "count": 1,
      "adapters": "EAN_RAPID"
    },
    {
      "reason": "The payment could not be processed because of insufficient funds.",
      "count": 1,
      "adapters": "EAN_RAPID"
    },
    {
      "reason": "We apologize, but there has been an increase in the cost for your selected rate. Your price has increased by 24.39 USD.",
      "count": 1,
      "adapters": "SABRE_HOTEL"
    }
  ]
}
Archived existing dashboard → index_20260521_050117.html
[2/4] Generating dashboard...
Dashboard saved to: /Users/jayaprasadkakkassery/myExperements/my-dashboard/index.html
Open in browser:    open /Users/jayaprasadkakkassery/myExperements/my-dashboard/index.html
[3/4] Pushing to GitHub Pages...
[gh-pages c591d6b] Dashboard refresh (Last 24 hour(s) · All licensees & adapters) - 2026-05-21 05:01:18
 2 files changed, 563 insertions(+), 52 deletions(-)
 create mode 100644 index_20260521_050117.html
============================================
 TST Booking Dashboard - Refreshing...
 Range  : Last 24 hour(s)
 Filters: · All licensees & adapters
============================================
[1/4] Querying database (Last 24 hour(s) · All licensees & adapters)...
{
  "status": "ok",
  "generated_at": "2026-05-21 10:01:40 UTC",
  "interval_hours": 24,
  "filters": {
    "licensee_id": "all",
    "adapter_name": "all"
  },
  "summary": {
    "total": 1645,
    "successful": 1594,
    "failed": 51,
    "failure_pct": 3.1,
    "success_pct": 96.9,
    "cc_failed": 13,
    "cc_pct_of_failures": 25.49,
    "non_cc_failed": 38,
    "non_cc_failure_pct": 2.33
  },
  "by_adapter": [
    {
      "adapter": "SABRE_HOTEL",
      "total": 733,
      "successful": 721,
      "failed": 12,
      "failure_pct": 1.64
    },
    {
      "adapter": "EAN_RAPID",
      "total": 611,
      "successful": 596,
      "failed": 15,
      "failure_pct": 2.45
    },
    {
      "adapter": "PRICELINE_HOTEL",
      "total": 225,
      "successful": 206,
      "failed": 19,
      "failure_pct": 8.44
    },
    {
      "adapter": "ATI",
      "total": 38,
      "successful": 36,
      "failed": 2,
      "failure_pct": 5.26
    },
    {
      "adapter": "BEDS_ONLINE",
      "total": 37,
      "successful": 34,
      "failed": 3,
      "failure_pct": 8.11
    },
    {
      "adapter": "GWS",
      "total": 1,
      "successful": 1,
      "failed": 0,
      "failure_pct": 0.0
    }
  ],
  "by_licensee": [
    {
      "licensee_id": 72,
      "total": 278,
      "successful": 270,
      "failed": 8,
      "failure_pct": 2.88
    },
    {
      "licensee_id": 1,
      "total": 246,
      "successful": 238,
      "failed": 8,
      "failure_pct": 3.25
    },
    {
      "licensee_id": 49,
      "total": 240,
      "successful": 232,
      "failed": 8,
      "failure_pct": 3.33
    },
    {
      "licensee_id": 34,
      "total": 188,
      "successful": 183,
      "failed": 5,
      "failure_pct": 2.66
    },
    {
      "licensee_id": 40,
      "total": 123,
      "successful": 119,
      "failed": 4,
      "failure_pct": 3.25
    },
    {
      "licensee_id": 50,
      "total": 82,
      "successful": 79,
      "failed": 3,
      "failure_pct": 3.66
    },
    {
      "licensee_id": 3,
      "total": 78,
      "successful": 74,
      "failed": 4,
      "failure_pct": 5.13
    },
    {
      "licensee_id": 55,
      "total": 68,
      "successful": 66,
      "failed": 2,
      "failure_pct": 2.94
    },
    {
      "licensee_id": 57,
      "total": 67,
      "successful": 64,
      "failed": 3,
      "failure_pct": 4.48
    },
    {
      "licensee_id": 39,
      "total": 43,
      "successful": 42,
      "failed": 1,
      "failure_pct": 2.33
    }
  ],
  "hourly_trend": [
    {
      "hour": "2026-05-20 10:00:00",
      "total": 9,
      "successful": 8,
      "failed": 1
    },
    {
      "hour": "2026-05-20 11:00:00",
      "total": 12,
      "successful": 11,
      "failed": 1
    },
    {
      "hour": "2026-05-20 12:00:00",
      "total": 27,
      "successful": 27,
      "failed": 0
    },
    {
      "hour": "2026-05-20 13:00:00",
      "total": 44,
      "successful": 42,
      "failed": 2
    },
    {
      "hour": "2026-05-20 14:00:00",
      "total": 86,
      "successful": 82,
      "failed": 4
    },
    {
      "hour": "2026-05-20 15:00:00",
      "total": 104,
      "successful": 97,
      "failed": 7
    },
    {
      "hour": "2026-05-20 16:00:00",
      "total": 112,
      "successful": 112,
      "failed": 0
    },
    {
      "hour": "2026-05-20 17:00:00",
      "total": 117,
      "successful": 115,
      "failed": 2
    },
    {
      "hour": "2026-05-20 18:00:00",
      "total": 108,
      "successful": 106,
      "failed": 2
    },
    {
      "hour": "2026-05-20 19:00:00",
      "total": 133,
      "successful": 128,
      "failed": 5
    },
    {
      "hour": "2026-05-20 20:00:00",
      "total": 118,
      "successful": 114,
      "failed": 4
    },
    {
      "hour": "2026-05-20 21:00:00",
      "total": 106,
      "successful": 105,
      "failed": 1
    },
    {
      "hour": "2026-05-20 22:00:00",
      "total": 109,
      "successful": 108,
      "failed": 1
    },
    {
      "hour": "2026-05-20 23:00:00",
      "total": 95,
      "successful": 89,
      "failed": 6
    },
    {
      "hour": "2026-05-21 00:00:00",
      "total": 102,
      "successful": 100,
      "failed": 2
    },
    {
      "hour": "2026-05-21 01:00:00",
      "total": 97,
      "successful": 93,
      "failed": 4
    },
    {
      "hour": "2026-05-21 02:00:00",
      "total": 77,
      "successful": 75,
      "failed": 2
    },
    {
      "hour": "2026-05-21 03:00:00",
      "total": 78,
      "successful": 75,
      "failed": 3
    },
    {
      "hour": "2026-05-21 04:00:00",
      "total": 49,
      "successful": 47,
      "failed": 2
    },
    {
      "hour": "2026-05-21 05:00:00",
      "total": 33,
      "successful": 32,
      "failed": 1
    },
    {
      "hour": "2026-05-21 06:00:00",
      "total": 12,
      "successful": 11,
      "failed": 1
    },
    {
      "hour": "2026-05-21 07:00:00",
      "total": 10,
      "successful": 10,
      "failed": 0
    },
    {
      "hour": "2026-05-21 08:00:00",
      "total": 5,
      "successful": 5,
      "failed": 0
    },
    {
      "hour": "2026-05-21 09:00:00",
      "total": 2,
      "successful": 2,
      "failed": 0
    }
  ],
  "top_failure_reasons": [
    {
      "reason": "Hotel.Express.Book: Booking failed due to CC failure",
      "count": 15,
      "adapters": "PRICELINE_HOTEL"
    },
    {
      "reason": "Provided card number is invalid.",
      "count": 7,
      "adapters": "EAN_RAPID"
    },
    {
      "reason": "One or more requested rooms are unavailable.",
      "count": 4,
      "adapters": "EAN_RAPID"
    },
    {
      "reason": "Pnr has not been created successfully, see remaining messages for detailsEnhancedhotelbookrq: unable to perform hotel booking step. see below messages for details.. updatereservationrq: $invalid cc checksum$ (code: 3009)",
      "count": 4,
      "adapters": "SABRE_HOTEL"
    },
    {
      "reason": "Hotel.Express.Contract: Rates not found",
      "count": 2,
      "adapters": "PRICELINE_HOTEL"
    },
    {
      "reason": "Hotel.Express.Book: Requested room is not available",
      "count": 2,
      "adapters": "PRICELINE_HOTEL"
    },
    {
      "reason": "The payment could not be processed. The card holder should contact their issuing bank for more information.",
      "count": 1,
      "adapters": "EAN_RAPID"
    },
    {
      "reason": "We're sorry, but we haven't received a response from the vendor on the status of your booking. Please do not attempt to book again as your booking may be confirmed in the vendor's system. Please contact Automobile Club of So. California at 1-833-771-",
      "count": 1,
      "adapters": "EAN_RAPID"
    },
    {
      "reason": "The payment could not be processed because of insufficient funds.",
      "count": 1,
      "adapters": "EAN_RAPID"
    },
    {
      "reason": "We apologize, but there has been an increase in the cost for your selected rate. Your price has increased by 24.39 USD.",
      "count": 1,
      "adapters": "SABRE_HOTEL"
    }
  ]
}
Archived existing dashboard → index_20260521_060140.html
[2/4] Generating dashboard...
Dashboard saved to: /Users/jayaprasadkakkassery/myExperements/my-dashboard/index.html
Open in browser:    open /Users/jayaprasadkakkassery/myExperements/my-dashboard/index.html
[3/4] Pushing to GitHub Pages...
[gh-pages 6249be4] Dashboard refresh (Last 24 hour(s) · All licensees & adapters) - 2026-05-21 06:01:40
 2 files changed, 556 insertions(+), 45 deletions(-)
 create mode 100644 index_20260521_060140.html
============================================
 TST Booking Dashboard - Refreshing...
 Range  : Last 24 hour(s)
 Filters: · All licensees & adapters
============================================
[1/4] Querying database (Last 24 hour(s) · All licensees & adapters)...
{
  "status": "ok",
  "generated_at": "2026-05-21 11:01:47 UTC",
  "interval_hours": 24,
  "filters": {
    "licensee_id": "all",
    "adapter_name": "all"
  },
  "summary": {
    "total": 1647,
    "successful": 1597,
    "failed": 50,
    "failure_pct": 3.04,
    "success_pct": 96.96,
    "cc_failed": 13,
    "cc_pct_of_failures": 26.0,
    "non_cc_failed": 37,
    "non_cc_failure_pct": 2.26
  },
  "by_adapter": [
    {
      "adapter": "SABRE_HOTEL",
      "total": 732,
      "successful": 721,
      "failed": 11,
      "failure_pct": 1.5
    },
    {
      "adapter": "EAN_RAPID",
      "total": 613,
      "successful": 598,
      "failed": 15,
      "failure_pct": 2.45
    },
    {
      "adapter": "PRICELINE_HOTEL",
      "total": 226,
      "successful": 207,
      "failed": 19,
      "failure_pct": 8.41
    },
    {
      "adapter": "ATI",
      "total": 38,
      "successful": 36,
      "failed": 2,
      "failure_pct": 5.26
    },
    {
      "adapter": "BEDS_ONLINE",
      "total": 37,
      "successful": 34,
      "failed": 3,
      "failure_pct": 8.11
    },
    {
      "adapter": "GWS",
      "total": 1,
      "successful": 1,
      "failed": 0,
      "failure_pct": 0.0
    }
  ],
  "by_licensee": [
    {
      "licensee_id": 72,
      "total": 276,
      "successful": 269,
      "failed": 7,
      "failure_pct": 2.54
    },
    {
      "licensee_id": 1,
      "total": 248,
      "successful": 240,
      "failed": 8,
      "failure_pct": 3.23
    },
    {
      "licensee_id": 49,
      "total": 239,
      "successful": 231,
      "failed": 8,
      "failure_pct": 3.35
    },
    {
      "licensee_id": 34,
      "total": 189,
      "successful": 184,
      "failed": 5,
      "failure_pct": 2.65
    },
    {
      "licensee_id": 40,
      "total": 124,
      "successful": 120,
      "failed": 4,
      "failure_pct": 3.23
    },
    {
      "licensee_id": 50,
      "total": 82,
      "successful": 79,
      "failed": 3,
      "failure_pct": 3.66
    },
    {
      "licensee_id": 3,
      "total": 78,
      "successful": 74,
      "failed": 4,
      "failure_pct": 5.13
    },
    {
      "licensee_id": 55,
      "total": 68,
      "successful": 66,
      "failed": 2,
      "failure_pct": 2.94
    },
    {
      "licensee_id": 57,
      "total": 67,
      "successful": 64,
      "failed": 3,
      "failure_pct": 4.48
    },
    {
      "licensee_id": 39,
      "total": 44,
      "successful": 43,
      "failed": 1,
      "failure_pct": 2.27
    }
  ],
  "hourly_trend": [
    {
      "hour": "2026-05-20 11:00:00",
      "total": 12,
      "successful": 11,
      "failed": 1
    },
    {
      "hour": "2026-05-20 12:00:00",
      "total": 27,
      "successful": 27,
      "failed": 0
    },
    {
      "hour": "2026-05-20 13:00:00",
      "total": 44,
      "successful": 42,
      "failed": 2
    },
    {
      "hour": "2026-05-20 14:00:00",
      "total": 86,
      "successful": 82,
      "failed": 4
    },
    {
      "hour": "2026-05-20 15:00:00",
      "total": 104,
      "successful": 97,
      "failed": 7
    },
    {
      "hour": "2026-05-20 16:00:00",
      "total": 112,
      "successful": 112,
      "failed": 0
    },
    {
      "hour": "2026-05-20 17:00:00",
      "total": 117,
      "successful": 115,
      "failed": 2
    },
    {
      "hour": "2026-05-20 18:00:00",
      "total": 108,
      "successful": 106,
      "failed": 2
    },
    {
      "hour": "2026-05-20 19:00:00",
      "total": 133,
      "successful": 128,
      "failed": 5
    },
    {
      "hour": "2026-05-20 20:00:00",
      "total": 118,
      "successful": 114,
      "failed": 4
    },
    {
      "hour": "2026-05-20 21:00:00",
      "total": 106,
      "successful": 105,
      "failed": 1
    },
    {
      "hour": "2026-05-20 22:00:00",
      "total": 109,
      "successful": 108,
      "failed": 1
    },
    {
      "hour": "2026-05-20 23:00:00",
      "total": 95,
      "successful": 89,
      "failed": 6
    },
    {
      "hour": "2026-05-21 00:00:00",
      "total": 102,
      "successful": 100,
      "failed": 2
    },
    {
      "hour": "2026-05-21 01:00:00",
      "total": 97,
      "successful": 93,
      "failed": 4
    },
    {
      "hour": "2026-05-21 02:00:00",
      "total": 77,
      "successful": 75,
      "failed": 2
    },
    {
      "hour": "2026-05-21 03:00:00",
      "total": 78,
      "successful": 75,
      "failed": 3
    },
    {
      "hour": "2026-05-21 04:00:00",
      "total": 49,
      "successful": 47,
      "failed": 2
    },
    {
      "hour": "2026-05-21 05:00:00",
      "total": 33,
      "successful": 32,
      "failed": 1
    },
    {
      "hour": "2026-05-21 06:00:00",
      "total": 12,
      "successful": 11,
      "failed": 1
    },
    {
      "hour": "2026-05-21 07:00:00",
      "total": 10,
      "successful": 10,
      "failed": 0
    },
    {
      "hour": "2026-05-21 08:00:00",
      "total": 5,
      "successful": 5,
      "failed": 0
    },
    {
      "hour": "2026-05-21 09:00:00",
      "total": 2,
      "successful": 2,
      "failed": 0
    },
    {
      "hour": "2026-05-21 10:00:00",
      "total": 11,
      "successful": 11,
      "failed": 0
    }
  ],
  "top_failure_reasons": [
    {
      "reason": "Hotel.Express.Book: Booking failed due to CC failure",
      "count": 15,
      "adapters": "PRICELINE_HOTEL"
    },
    {
      "reason": "Provided card number is invalid.",
      "count": 7,
      "adapters": "EAN_RAPID"
    },
    {
      "reason": "One or more requested rooms are unavailable.",
      "count": 4,
      "adapters": "EAN_RAPID"
    },
    {
      "reason": "Pnr has not been created successfully, see remaining messages for detailsEnhancedhotelbookrq: unable to perform hotel booking step. see below messages for details.. updatereservationrq: $invalid cc checksum$ (code: 3009)",
      "count": 4,
      "adapters": "SABRE_HOTEL"
    },
    {
      "reason": "Hotel.Express.Contract: Rates not found",
      "count": 2,
      "adapters": "PRICELINE_HOTEL"
    },
    {
      "reason": "Hotel.Express.Book: Requested room is not available",
      "count": 2,
      "adapters": "PRICELINE_HOTEL"
    },
    {
      "reason": "The payment could not be processed. The card holder should contact their issuing bank for more information.",
      "count": 1,
      "adapters": "EAN_RAPID"
    },
    {
      "reason": "We're sorry, but we haven't received a response from the vendor on the status of your booking. Please do not attempt to book again as your booking may be confirmed in the vendor's system. Please contact Automobile Club of So. California at 1-833-771-",
      "count": 1,
      "adapters": "EAN_RAPID"
    },
    {
      "reason": "The payment could not be processed because of insufficient funds.",
      "count": 1,
      "adapters": "EAN_RAPID"
    },
    {
      "reason": "We apologize, but there has been an increase in the cost for your selected rate. Your price has increased by 24.39 USD.",
      "count": 1,
      "adapters": "SABRE_HOTEL"
    }
  ]
}
Archived existing dashboard → index_20260521_070147.html
[2/4] Generating dashboard...
Dashboard saved to: /Users/jayaprasadkakkassery/myExperements/my-dashboard/index.html
Open in browser:    open /Users/jayaprasadkakkassery/myExperements/my-dashboard/index.html
[3/4] Pushing to GitHub Pages...
[gh-pages afa8bdb] Dashboard refresh (Last 24 hour(s) · All licensees & adapters) - 2026-05-21 07:01:47
 2 files changed, 568 insertions(+), 57 deletions(-)
 create mode 100644 index_20260521_070147.html
============================================
 TST Booking Dashboard - Refreshing...
 Range  : Last 24 hour(s)
 Filters: · All licensees & adapters
============================================
[1/4] Querying database (Last 24 hour(s) · All licensees & adapters)...
{
  "status": "ok",
  "generated_at": "2026-05-21 12:01:52 UTC",
  "interval_hours": 24,
  "filters": {
    "licensee_id": "all",
    "adapter_name": "all"
  },
  "summary": {
    "total": 1648,
    "successful": 1598,
    "failed": 50,
    "failure_pct": 3.03,
    "success_pct": 96.97,
    "cc_failed": 12,
    "cc_pct_of_failures": 24.0,
    "non_cc_failed": 38,
    "non_cc_failure_pct": 2.32
  },
  "by_adapter": [
    {
      "adapter": "SABRE_HOTEL",
      "total": 730,
      "successful": 719,
      "failed": 11,
      "failure_pct": 1.51
    },
    {
      "adapter": "EAN_RAPID",
      "total": 615,
      "successful": 600,
      "failed": 15,
      "failure_pct": 2.44
    },
    {
      "adapter": "PRICELINE_HOTEL",
      "total": 226,
      "successful": 207,
      "failed": 19,
      "failure_pct": 8.41
    },
    {
      "adapter": "ATI",
      "total": 39,
      "successful": 37,
      "failed": 2,
      "failure_pct": 5.13
    },
    {
      "adapter": "BEDS_ONLINE",
      "total": 37,
      "successful": 34,
      "failed": 3,
      "failure_pct": 8.11
    },
    {
      "adapter": "GWS",
      "total": 1,
      "successful": 1,
      "failed": 0,
      "failure_pct": 0.0
    }
  ],
  "by_licensee": [
    {
      "licensee_id": 72,
      "total": 282,
      "successful": 274,
      "failed": 8,
      "failure_pct": 2.84
    },
    {
      "licensee_id": 1,
      "total": 247,
      "successful": 240,
      "failed": 7,
      "failure_pct": 2.83
    },
    {
      "licensee_id": 49,
      "total": 241,
      "successful": 233,
      "failed": 8,
      "failure_pct": 3.32
    },
    {
      "licensee_id": 34,
      "total": 189,
      "successful": 184,
      "failed": 5,
      "failure_pct": 2.65
    },
    {
      "licensee_id": 40,
      "total": 121,
      "successful": 117,
      "failed": 4,
      "failure_pct": 3.31
    },
    {
      "licensee_id": 50,
      "total": 80,
      "successful": 77,
      "failed": 3,
      "failure_pct": 3.75
    },
    {
      "licensee_id": 3,
      "total": 78,
      "successful": 74,
      "failed": 4,
      "failure_pct": 5.13
    },
    {
      "licensee_id": 55,
      "total": 68,
      "successful": 66,
      "failed": 2,
      "failure_pct": 2.94
    },
    {
      "licensee_id": 57,
      "total": 67,
      "successful": 64,
      "failed": 3,
      "failure_pct": 4.48
    },
    {
      "licensee_id": 39,
      "total": 44,
      "successful": 43,
      "failed": 1,
      "failure_pct": 2.27
    }
  ],
  "hourly_trend": [
    {
      "hour": "2026-05-20 12:00:00",
      "total": 27,
      "successful": 27,
      "failed": 0
    },
    {
      "hour": "2026-05-20 13:00:00",
      "total": 44,
      "successful": 42,
      "failed": 2
    },
    {
      "hour": "2026-05-20 14:00:00",
      "total": 86,
      "successful": 82,
      "failed": 4
    },
    {
      "hour": "2026-05-20 15:00:00",
      "total": 104,
      "successful": 97,
      "failed": 7
    },
    {
      "hour": "2026-05-20 16:00:00",
      "total": 112,
      "successful": 112,
      "failed": 0
    },
    {
      "hour": "2026-05-20 17:00:00",
      "total": 117,
      "successful": 115,
      "failed": 2
    },
    {
      "hour": "2026-05-20 18:00:00",
      "total": 108,
      "successful": 106,
      "failed": 2
    },
    {
      "hour": "2026-05-20 19:00:00",
      "total": 133,
      "successful": 128,
      "failed": 5
    },
    {
      "hour": "2026-05-20 20:00:00",
      "total": 118,
      "successful": 114,
      "failed": 4
    },
    {
      "hour": "2026-05-20 21:00:00",
      "total": 106,
      "successful": 105,
      "failed": 1
    },
    {
      "hour": "2026-05-20 22:00:00",
      "total": 109,
      "successful": 108,
      "failed": 1
    },
    {
      "hour": "2026-05-20 23:00:00",
      "total": 95,
      "successful": 89,
      "failed": 6
    },
    {
      "hour": "2026-05-21 00:00:00",
      "total": 102,
      "successful": 100,
      "failed": 2
    },
    {
      "hour": "2026-05-21 01:00:00",
      "total": 97,
      "successful": 93,
      "failed": 4
    },
    {
      "hour": "2026-05-21 02:00:00",
      "total": 77,
      "successful": 75,
      "failed": 2
    },
    {
      "hour": "2026-05-21 03:00:00",
      "total": 78,
      "successful": 75,
      "failed": 3
    },
    {
      "hour": "2026-05-21 04:00:00",
      "total": 49,
      "successful": 47,
      "failed": 2
    },
    {
      "hour": "2026-05-21 05:00:00",
      "total": 33,
      "successful": 32,
      "failed": 1
    },
    {
      "hour": "2026-05-21 06:00:00",
      "total": 12,
      "successful": 11,
      "failed": 1
    },
    {
      "hour": "2026-05-21 07:00:00",
      "total": 10,
      "successful": 10,
      "failed": 0
    },
    {
      "hour": "2026-05-21 08:00:00",
      "total": 5,
      "successful": 5,
      "failed": 0
    },
    {
      "hour": "2026-05-21 09:00:00",
      "total": 2,
      "successful": 2,
      "failed": 0
    },
    {
      "hour": "2026-05-21 10:00:00",
      "total": 11,
      "successful": 11,
      "failed": 0
    },
    {
      "hour": "2026-05-21 11:00:00",
      "total": 13,
      "successful": 12,
      "failed": 1
    }
  ],
  "top_failure_reasons": [
    {
      "reason": "Hotel.Express.Book: Booking failed due to CC failure",
      "count": 15,
      "adapters": "PRICELINE_HOTEL"
    },
    {
      "reason": "Provided card number is invalid.",
      "count": 7,
      "adapters": "EAN_RAPID"
    },
    {
      "reason": "Pnr has not been created successfully, see remaining messages for detailsEnhancedhotelbookrq: unable to perform hotel booking step. see below messages for details.. updatereservationrq: $invalid cc checksum$ (code: 3009)",
      "count": 4,
      "adapters": "SABRE_HOTEL"
    },
    {
      "reason": "One or more requested rooms are unavailable.",
      "count": 4,
      "adapters": "EAN_RAPID"
    },
    {
      "reason": "Hotel.Express.Contract: Rates not found",
      "count": 2,
      "adapters": "PRICELINE_HOTEL"
    },
    {
      "reason": "Hotel.Express.Book: Requested room is not available",
      "count": 2,
      "adapters": "PRICELINE_HOTEL"
    },
    {
      "reason": "We apologize, but there has been an increase in the cost for your selected rate. Your price has increased by 24.39 USD.",
      "count": 1,
      "adapters": "SABRE_HOTEL"
    },
    {
      "reason": "The payment could not be processed. The card holder should contact their issuing bank for more information.",
      "count": 1,
      "adapters": "EAN_RAPID"
    },
    {
      "reason": "The payment has been refused, please retry with a different credit card.",
      "count": 1,
      "adapters": "BEDS_ONLINE"
    },
    {
      "reason": "We're sorry, but we haven't received a response from the vendor on the status of your booking. Please do not attempt to book again as your booking may be confirmed in the vendor's system. Please contact Automobile Club of So. California at 1-833-771-",
      "count": 1,
      "adapters": "EAN_RAPID"
    }
  ]
}
Archived existing dashboard → index_20260521_080152.html
[2/4] Generating dashboard...
Dashboard saved to: /Users/jayaprasadkakkassery/myExperements/my-dashboard/index.html
Open in browser:    open /Users/jayaprasadkakkassery/myExperements/my-dashboard/index.html
[3/4] Pushing to GitHub Pages...
[gh-pages 953153b] Dashboard refresh (Last 24 hour(s) · All licensees & adapters) - 2026-05-21 08:01:52
 2 files changed, 570 insertions(+), 59 deletions(-)
 create mode 100644 index_20260521_080152.html
============================================
 TST Booking Dashboard - Refreshing...
 Range  : Last 24 hour(s)
 Filters: · All licensees & adapters
============================================
[1/4] Querying database (Last 24 hour(s) · All licensees & adapters)...
{
  "status": "ok",
  "generated_at": "2026-05-21 13:01:58 UTC",
  "interval_hours": 24,
  "filters": {
    "licensee_id": "all",
    "adapter_name": "all"
  },
  "summary": {
    "total": 1643,
    "successful": 1593,
    "failed": 50,
    "failure_pct": 3.04,
    "success_pct": 96.96,
    "cc_failed": 12,
    "cc_pct_of_failures": 24.0,
    "non_cc_failed": 38,
    "non_cc_failure_pct": 2.33
  },
  "by_adapter": [
    {
      "adapter": "SABRE_HOTEL",
      "total": 718,
      "successful": 707,
      "failed": 11,
      "failure_pct": 1.53
    },
    {
      "adapter": "EAN_RAPID",
      "total": 620,
      "successful": 605,
      "failed": 15,
      "failure_pct": 2.42
    },
    {
      "adapter": "PRICELINE_HOTEL",
      "total": 228,
      "successful": 209,
      "failed": 19,
      "failure_pct": 8.33
    },
    {
      "adapter": "ATI",
      "total": 39,
      "successful": 37,
      "failed": 2,
      "failure_pct": 5.13
    },
    {
      "adapter": "BEDS_ONLINE",
      "total": 37,
      "successful": 34,
      "failed": 3,
      "failure_pct": 8.11
    },
    {
      "adapter": "GWS",
      "total": 1,
      "successful": 1,
      "failed": 0,
      "failure_pct": 0.0
    }
  ],
  "by_licensee": [
    {
      "licensee_id": 72,
      "total": 280,
      "successful": 272,
      "failed": 8,
      "failure_pct": 2.86
    },
    {
      "licensee_id": 1,
      "total": 250,
      "successful": 243,
      "failed": 7,
      "failure_pct": 2.8
    },
    {
      "licensee_id": 49,
      "total": 241,
      "successful": 233,
      "failed": 8,
      "failure_pct": 3.32
    },
    {
      "licensee_id": 34,
      "total": 189,
      "successful": 184,
      "failed": 5,
      "failure_pct": 2.65
    },
    {
      "licensee_id": 40,
      "total": 120,
      "successful": 116,
      "failed": 4,
      "failure_pct": 3.33
    },
    {
      "licensee_id": 50,
      "total": 79,
      "successful": 76,
      "failed": 3,
      "failure_pct": 3.8
    },
    {
      "licensee_id": 3,
      "total": 75,
      "successful": 71,
      "failed": 4,
      "failure_pct": 5.33
    },
    {
      "licensee_id": 57,
      "total": 70,
      "successful": 67,
      "failed": 3,
      "failure_pct": 4.29
    },
    {
      "licensee_id": 55,
      "total": 66,
      "successful": 64,
      "failed": 2,
      "failure_pct": 3.03
    },
    {
      "licensee_id": 39,
      "total": 43,
      "successful": 42,
      "failed": 1,
      "failure_pct": 2.33
    }
  ],
  "hourly_trend": [
    {
      "hour": "2026-05-20 13:00:00",
      "total": 43,
      "successful": 41,
      "failed": 2
    },
    {
      "hour": "2026-05-20 14:00:00",
      "total": 86,
      "successful": 82,
      "failed": 4
    },
    {
      "hour": "2026-05-20 15:00:00",
      "total": 104,
      "successful": 97,
      "failed": 7
    },
    {
      "hour": "2026-05-20 16:00:00",
      "total": 112,
      "successful": 112,
      "failed": 0
    },
    {
      "hour": "2026-05-20 17:00:00",
      "total": 117,
      "successful": 115,
      "failed": 2
    },
    {
      "hour": "2026-05-20 18:00:00",
      "total": 108,
      "successful": 106,
      "failed": 2
    },
    {
      "hour": "2026-05-20 19:00:00",
      "total": 133,
      "successful": 128,
      "failed": 5
    },
    {
      "hour": "2026-05-20 20:00:00",
      "total": 118,
      "successful": 114,
      "failed": 4
    },
    {
      "hour": "2026-05-20 21:00:00",
      "total": 106,
      "successful": 105,
      "failed": 1
    },
    {
      "hour": "2026-05-20 22:00:00",
      "total": 109,
      "successful": 108,
      "failed": 1
    },
    {
      "hour": "2026-05-20 23:00:00",
      "total": 95,
      "successful": 89,
      "failed": 6
    },
    {
      "hour": "2026-05-21 00:00:00",
      "total": 102,
      "successful": 100,
      "failed": 2
    },
    {
      "hour": "2026-05-21 01:00:00",
      "total": 97,
      "successful": 93,
      "failed": 4
    },
    {
      "hour": "2026-05-21 02:00:00",
      "total": 77,
      "successful": 75,
      "failed": 2
    },
    {
      "hour": "2026-05-21 03:00:00",
      "total": 78,
      "successful": 75,
      "failed": 3
    },
    {
      "hour": "2026-05-21 04:00:00",
      "total": 49,
      "successful": 47,
      "failed": 2
    },
    {
      "hour": "2026-05-21 05:00:00",
      "total": 33,
      "successful": 32,
      "failed": 1
    },
    {
      "hour": "2026-05-21 06:00:00",
      "total": 12,
      "successful": 11,
      "failed": 1
    },
    {
      "hour": "2026-05-21 07:00:00",
      "total": 10,
      "successful": 10,
      "failed": 0
    },
    {
      "hour": "2026-05-21 08:00:00",
      "total": 5,
      "successful": 5,
      "failed": 0
    },
    {
      "hour": "2026-05-21 09:00:00",
      "total": 2,
      "successful": 2,
      "failed": 0
    },
    {
      "hour": "2026-05-21 10:00:00",
      "total": 11,
      "successful": 11,
      "failed": 0
    },
    {
      "hour": "2026-05-21 11:00:00",
      "total": 13,
      "successful": 12,
      "failed": 1
    },
    {
      "hour": "2026-05-21 12:00:00",
      "total": 21,
      "successful": 21,
      "failed": 0
    },
    {
      "hour": "2026-05-21 13:00:00",
      "total": 2,
      "successful": 2,
      "failed": 0
    }
  ],
  "top_failure_reasons": [
    {
      "reason": "Hotel.Express.Book: Booking failed due to CC failure",
      "count": 15,
      "adapters": "PRICELINE_HOTEL"
    },
    {
      "reason": "Provided card number is invalid.",
      "count": 7,
      "adapters": "EAN_RAPID"
    },
    {
      "reason": "Pnr has not been created successfully, see remaining messages for detailsEnhancedhotelbookrq: unable to perform hotel booking step. see below messages for details.. updatereservationrq: $invalid cc checksum$ (code: 3009)",
      "count": 4,
      "adapters": "SABRE_HOTEL"
    },
    {
      "reason": "One or more requested rooms are unavailable.",
      "count": 4,
      "adapters": "EAN_RAPID"
    },
    {
      "reason": "Hotel.Express.Contract: Rates not found",
      "count": 2,
      "adapters": "PRICELINE_HOTEL"
    },
    {
      "reason": "Hotel.Express.Book: Requested room is not available",
      "count": 2,
      "adapters": "PRICELINE_HOTEL"
    },
    {
      "reason": "We apologize, but there has been an increase in the cost for your selected rate. Your price has increased by 24.39 USD.",
      "count": 1,
      "adapters": "SABRE_HOTEL"
    },
    {
      "reason": "The payment could not be processed. The card holder should contact their issuing bank for more information.",
      "count": 1,
      "adapters": "EAN_RAPID"
    },
    {
      "reason": "The payment has been refused, please retry with a different credit card.",
      "count": 1,
      "adapters": "BEDS_ONLINE"
    },
    {
      "reason": "We're sorry, but we haven't received a response from the vendor on the status of your booking. Please do not attempt to book again as your booking may be confirmed in the vendor's system. Please contact Automobile Club of So. California at 1-833-771-",
      "count": 1,
      "adapters": "EAN_RAPID"
    }
  ]
}
Archived existing dashboard → index_20260521_090158.html
[2/4] Generating dashboard...
Dashboard saved to: /Users/jayaprasadkakkassery/myExperements/my-dashboard/index.html
Open in browser:    open /Users/jayaprasadkakkassery/myExperements/my-dashboard/index.html
[3/4] Pushing to GitHub Pages...
[gh-pages 2b2e110] Dashboard refresh (Last 24 hour(s) · All licensees & adapters) - 2026-05-21 09:01:58
 2 files changed, 570 insertions(+), 59 deletions(-)
 create mode 100644 index_20260521_090158.html
============================================
 TST Booking Dashboard - Refreshing...
 Range  : Last 24 hour(s)
 Filters: · All licensees & adapters
============================================
[1/4] Querying database (Last 24 hour(s) · All licensees & adapters)...
{
  "status": "ok",
  "generated_at": "2026-05-21 14:02:04 UTC",
  "interval_hours": 24,
  "filters": {
    "licensee_id": "all",
    "adapter_name": "all"
  },
  "summary": {
    "total": 1638,
    "successful": 1588,
    "failed": 50,
    "failure_pct": 3.05,
    "success_pct": 96.95,
    "cc_failed": 12,
    "cc_pct_of_failures": 24.0,
    "non_cc_failed": 38,
    "non_cc_failure_pct": 2.34
  },
  "by_adapter": [
    {
      "adapter": "SABRE_HOTEL",
      "total": 714,
      "successful": 702,
      "failed": 12,
      "failure_pct": 1.68
    },
    {
      "adapter": "EAN_RAPID",
      "total": 619,
      "successful": 604,
      "failed": 15,
      "failure_pct": 2.42
    },
    {
      "adapter": "PRICELINE_HOTEL",
      "total": 228,
      "successful": 210,
      "failed": 18,
      "failure_pct": 7.89
    },
    {
      "adapter": "ATI",
      "total": 39,
      "successful": 37,
      "failed": 2,
      "failure_pct": 5.13
    },
    {
      "adapter": "BEDS_ONLINE",
      "total": 37,
      "successful": 34,
      "failed": 3,
      "failure_pct": 8.11
    },
    {
      "adapter": "GWS",
      "total": 1,
      "successful": 1,
      "failed": 0,
      "failure_pct": 0.0
    }
  ],
  "by_licensee": [
    {
      "licensee_id": 72,
      "total": 285,
      "successful": 276,
      "failed": 9,
      "failure_pct": 3.16
    },
    {
      "licensee_id": 1,
      "total": 245,
      "successful": 239,
      "failed": 6,
      "failure_pct": 2.45
    },
    {
      "licensee_id": 49,
      "total": 241,
      "successful": 233,
      "failed": 8,
      "failure_pct": 3.32
    },
    {
      "licensee_id": 34,
      "total": 187,
      "successful": 182,
      "failed": 5,
      "failure_pct": 2.67
    },
    {
      "licensee_id": 40,
      "total": 117,
      "successful": 113,
      "failed": 4,
      "failure_pct": 3.42
    },
    {
      "licensee_id": 50,
      "total": 77,
      "successful": 74,
      "failed": 3,
      "failure_pct": 3.9
    },
    {
      "licensee_id": 57,
      "total": 75,
      "successful": 72,
      "failed": 3,
      "failure_pct": 4.0
    },
    {
      "licensee_id": 3,
      "total": 73,
      "successful": 69,
      "failed": 4,
      "failure_pct": 5.48
    },
    {
      "licensee_id": 55,
      "total": 64,
      "successful": 62,
      "failed": 2,
      "failure_pct": 3.12
    },
    {
      "licensee_id": 39,
      "total": 45,
      "successful": 44,
      "failed": 1,
      "failure_pct": 2.22
    }
  ],
  "hourly_trend": [
    {
      "hour": "2026-05-20 14:00:00",
      "total": 84,
      "successful": 80,
      "failed": 4
    },
    {
      "hour": "2026-05-20 15:00:00",
      "total": 104,
      "successful": 97,
      "failed": 7
    },
    {
      "hour": "2026-05-20 16:00:00",
      "total": 112,
      "successful": 112,
      "failed": 0
    },
    {
      "hour": "2026-05-20 17:00:00",
      "total": 117,
      "successful": 115,
      "failed": 2
    },
    {
      "hour": "2026-05-20 18:00:00",
      "total": 108,
      "successful": 106,
      "failed": 2
    },
    {
      "hour": "2026-05-20 19:00:00",
      "total": 133,
      "successful": 128,
      "failed": 5
    },
    {
      "hour": "2026-05-20 20:00:00",
      "total": 118,
      "successful": 114,
      "failed": 4
    },
    {
      "hour": "2026-05-20 21:00:00",
      "total": 106,
      "successful": 105,
      "failed": 1
    },
    {
      "hour": "2026-05-20 22:00:00",
      "total": 109,
      "successful": 108,
      "failed": 1
    },
    {
      "hour": "2026-05-20 23:00:00",
      "total": 95,
      "successful": 89,
      "failed": 6
    },
    {
      "hour": "2026-05-21 00:00:00",
      "total": 102,
      "successful": 100,
      "failed": 2
    },
    {
      "hour": "2026-05-21 01:00:00",
      "total": 97,
      "successful": 93,
      "failed": 4
    },
    {
      "hour": "2026-05-21 02:00:00",
      "total": 77,
      "successful": 75,
      "failed": 2
    },
    {
      "hour": "2026-05-21 03:00:00",
      "total": 78,
      "successful": 75,
      "failed": 3
    },
    {
      "hour": "2026-05-21 04:00:00",
      "total": 49,
      "successful": 47,
      "failed": 2
    },
    {
      "hour": "2026-05-21 05:00:00",
      "total": 33,
      "successful": 32,
      "failed": 1
    },
    {
      "hour": "2026-05-21 06:00:00",
      "total": 12,
      "successful": 11,
      "failed": 1
    },
    {
      "hour": "2026-05-21 07:00:00",
      "total": 10,
      "successful": 10,
      "failed": 0
    },
    {
      "hour": "2026-05-21 08:00:00",
      "total": 5,
      "successful": 5,
      "failed": 0
    },
    {
      "hour": "2026-05-21 09:00:00",
      "total": 2,
      "successful": 2,
      "failed": 0
    },
    {
      "hour": "2026-05-21 10:00:00",
      "total": 11,
      "successful": 11,
      "failed": 0
    },
    {
      "hour": "2026-05-21 11:00:00",
      "total": 13,
      "successful": 12,
      "failed": 1
    },
    {
      "hour": "2026-05-21 12:00:00",
      "total": 21,
      "successful": 21,
      "failed": 0
    },
    {
      "hour": "2026-05-21 13:00:00",
      "total": 41,
      "successful": 39,
      "failed": 2
    },
    {
      "hour": "2026-05-21 14:00:00",
      "total": 1,
      "successful": 1,
      "failed": 0
    }
  ],
  "top_failure_reasons": [
    {
      "reason": "Hotel.Express.Book: Booking failed due to CC failure",
      "count": 14,
      "adapters": "PRICELINE_HOTEL"
    },
    {
      "reason": "Provided card number is invalid.",
      "count": 7,
      "adapters": "EAN_RAPID"
    },
    {
      "reason": "Pnr has not been created successfully, see remaining messages for detailsEnhancedhotelbookrq: unable to perform hotel booking step. see below messages for details.. updatereservationrq: $invalid cc checksum$ (code: 3009)",
      "count": 5,
      "adapters": "SABRE_HOTEL"
    },
    {
      "reason": "One or more requested rooms are unavailable.",
      "count": 4,
      "adapters": "EAN_RAPID"
    },
    {
      "reason": "Hotel.Express.Contract: Rates not found",
      "count": 2,
      "adapters": "PRICELINE_HOTEL"
    },
    {
      "reason": "Hotel.Express.Book: Requested room is not available",
      "count": 2,
      "adapters": "PRICELINE_HOTEL"
    },
    {
      "reason": "We apologize, but there has been an increase in the cost for your selected rate. Your price has increased by 24.39 USD.",
      "count": 1,
      "adapters": "SABRE_HOTEL"
    },
    {
      "reason": "The payment could not be processed. The card holder should contact their issuing bank for more information.",
      "count": 1,
      "adapters": "EAN_RAPID"
    },
    {
      "reason": "The payment has been refused, please retry with a different credit card.",
      "count": 1,
      "adapters": "BEDS_ONLINE"
    },
    {
      "reason": "We're sorry, but we haven't received a response from the vendor on the status of your booking. Please do not attempt to book again as your booking may be confirmed in the vendor's system. Please contact Automobile Club of So. California at 1-833-771-",
      "count": 1,
      "adapters": "EAN_RAPID"
    }
  ]
}
Archived existing dashboard → index_20260521_100204.html
[2/4] Generating dashboard...
Dashboard saved to: /Users/jayaprasadkakkassery/myExperements/my-dashboard/index.html
Open in browser:    open /Users/jayaprasadkakkassery/myExperements/my-dashboard/index.html
[3/4] Pushing to GitHub Pages...
[gh-pages 1b705f1] Dashboard refresh (Last 24 hour(s) · All licensees & adapters) - 2026-05-21 10:02:05
 2 files changed, 580 insertions(+), 69 deletions(-)
 create mode 100644 index_20260521_100204.html
============================================
 TST Booking Dashboard - Refreshing...
 Range  : Last 24 hour(s)
 Filters: · All licensees & adapters
============================================
[1/4] Querying database (Last 24 hour(s) · All licensees & adapters)...
{
  "status": "ok",
  "generated_at": "2026-05-21 15:02:12 UTC",
  "interval_hours": 24,
  "filters": {
    "licensee_id": "all",
    "adapter_name": "all"
  },
  "summary": {
    "total": 1628,
    "successful": 1578,
    "failed": 50,
    "failure_pct": 3.07,
    "success_pct": 96.93,
    "cc_failed": 11,
    "cc_pct_of_failures": 22.0,
    "non_cc_failed": 39,
    "non_cc_failure_pct": 2.41
  },
  "by_adapter": [
    {
      "adapter": "SABRE_HOTEL",
      "total": 707,
      "successful": 695,
      "failed": 12,
      "failure_pct": 1.7
    },
    {
      "adapter": "EAN_RAPID",
      "total": 614,
      "successful": 602,
      "failed": 12,
      "failure_pct": 1.95
    },
    {
      "adapter": "PRICELINE_HOTEL",
      "total": 227,
      "successful": 208,
      "failed": 19,
      "failure_pct": 8.37
    },
    {
      "adapter": "ATI",
      "total": 40,
      "successful": 37,
      "failed": 3,
      "failure_pct": 7.5
    },
    {
      "adapter": "BEDS_ONLINE",
      "total": 39,
      "successful": 35,
      "failed": 4,
      "failure_pct": 10.26
    },
    {
      "adapter": "GWS",
      "total": 1,
      "successful": 1,
      "failed": 0,
      "failure_pct": 0.0
    }
  ],
  "by_licensee": [
    {
      "licensee_id": 72,
      "total": 275,
      "successful": 269,
      "failed": 6,
      "failure_pct": 2.18
    },
    {
      "licensee_id": 49,
      "total": 250,
      "successful": 241,
      "failed": 9,
      "failure_pct": 3.6
    },
    {
      "licensee_id": 1,
      "total": 239,
      "successful": 233,
      "failed": 6,
      "failure_pct": 2.51
    },
    {
      "licensee_id": 34,
      "total": 182,
      "successful": 178,
      "failed": 4,
      "failure_pct": 2.2
    },
    {
      "licensee_id": 40,
      "total": 122,
      "successful": 117,
      "failed": 5,
      "failure_pct": 4.1
    },
    {
      "licensee_id": 50,
      "total": 78,
      "successful": 75,
      "failed": 3,
      "failure_pct": 3.85
    },
    {
      "licensee_id": 57,
      "total": 74,
      "successful": 71,
      "failed": 3,
      "failure_pct": 4.05
    },
    {
      "licensee_id": 3,
      "total": 73,
      "successful": 68,
      "failed": 5,
      "failure_pct": 6.85
    },
    {
      "licensee_id": 55,
      "total": 63,
      "successful": 61,
      "failed": 2,
      "failure_pct": 3.17
    },
    {
      "licensee_id": 39,
      "total": 47,
      "successful": 46,
      "failed": 1,
      "failure_pct": 2.13
    }
  ],
  "hourly_trend": [
    {
      "hour": "2026-05-20 15:00:00",
      "total": 101,
      "successful": 94,
      "failed": 7
    },
    {
      "hour": "2026-05-20 16:00:00",
      "total": 112,
      "successful": 112,
      "failed": 0
    },
    {
      "hour": "2026-05-20 17:00:00",
      "total": 117,
      "successful": 115,
      "failed": 2
    },
    {
      "hour": "2026-05-20 18:00:00",
      "total": 108,
      "successful": 106,
      "failed": 2
    },
    {
      "hour": "2026-05-20 19:00:00",
      "total": 133,
      "successful": 128,
      "failed": 5
    },
    {
      "hour": "2026-05-20 20:00:00",
      "total": 118,
      "successful": 114,
      "failed": 4
    },
    {
      "hour": "2026-05-20 21:00:00",
      "total": 106,
      "successful": 105,
      "failed": 1
    },
    {
      "hour": "2026-05-20 22:00:00",
      "total": 109,
      "successful": 108,
      "failed": 1
    },
    {
      "hour": "2026-05-20 23:00:00",
      "total": 95,
      "successful": 89,
      "failed": 6
    },
    {
      "hour": "2026-05-21 00:00:00",
      "total": 102,
      "successful": 100,
      "failed": 2
    },
    {
      "hour": "2026-05-21 01:00:00",
      "total": 97,
      "successful": 93,
      "failed": 4
    },
    {
      "hour": "2026-05-21 02:00:00",
      "total": 77,
      "successful": 75,
      "failed": 2
    },
    {
      "hour": "2026-05-21 03:00:00",
      "total": 78,
      "successful": 75,
      "failed": 3
    },
    {
      "hour": "2026-05-21 04:00:00",
      "total": 49,
      "successful": 47,
      "failed": 2
    },
    {
      "hour": "2026-05-21 05:00:00",
      "total": 33,
      "successful": 32,
      "failed": 1
    },
    {
      "hour": "2026-05-21 06:00:00",
      "total": 12,
      "successful": 11,
      "failed": 1
    },
    {
      "hour": "2026-05-21 07:00:00",
      "total": 10,
      "successful": 10,
      "failed": 0
    },
    {
      "hour": "2026-05-21 08:00:00",
      "total": 5,
      "successful": 5,
      "failed": 0
    },
    {
      "hour": "2026-05-21 09:00:00",
      "total": 2,
      "successful": 2,
      "failed": 0
    },
    {
      "hour": "2026-05-21 10:00:00",
      "total": 11,
      "successful": 11,
      "failed": 0
    },
    {
      "hour": "2026-05-21 11:00:00",
      "total": 13,
      "successful": 12,
      "failed": 1
    },
    {
      "hour": "2026-05-21 12:00:00",
      "total": 21,
      "successful": 21,
      "failed": 0
    },
    {
      "hour": "2026-05-21 13:00:00",
      "total": 41,
      "successful": 39,
      "failed": 2
    },
    {
      "hour": "2026-05-21 14:00:00",
      "total": 75,
      "successful": 71,
      "failed": 4
    },
    {
      "hour": "2026-05-21 15:00:00",
      "total": 3,
      "successful": 3,
      "failed": 0
    }
  ],
  "top_failure_reasons": [
    {
      "reason": "Hotel.Express.Book: Booking failed due to CC failure",
      "count": 14,
      "adapters": "PRICELINE_HOTEL"
    },
    {
      "reason": "Provided card number is invalid.",
      "count": 6,
      "adapters": "EAN_RAPID"
    },
    {
      "reason": "Pnr has not been created successfully, see remaining messages for detailsEnhancedhotelbookrq: unable to perform hotel booking step. see below messages for details.. updatereservationrq: $invalid cc checksum$ (code: 3009)",
      "count": 5,
      "adapters": "SABRE_HOTEL"
    },
    {
      "reason": "One or more requested rooms are unavailable.",
      "count": 3,
      "adapters": "EAN_RAPID"
    },
    {
      "reason": "Hotel.Express.Contract: Rates not found",
      "count": 3,
      "adapters": "PRICELINE_HOTEL"
    },
    {
      "reason": "Hotel.Express.Book: Requested room is not available",
      "count": 2,
      "adapters": "PRICELINE_HOTEL"
    },
    {
      "reason": "This room rate is no longer available. Please select another room.",
      "count": 2,
      "adapters": "ATI"
    },
    {
      "reason": "The credit card provided has been identified as potential fraud",
      "count": 1,
      "adapters": "BEDS_ONLINE"
    },
    {
      "reason": "The payment has been refused, please retry with a different credit card.",
      "count": 1,
      "adapters": "BEDS_ONLINE"
    },
    {
      "reason": "We apologize, but there has been an increase in the cost for your selected rate. Your price has increased by 24.39 USD.",
      "count": 1,
      "adapters": "SABRE_HOTEL"
    }
  ]
}
Archived existing dashboard → index_20260521_110212.html
[2/4] Generating dashboard...
Dashboard saved to: /Users/jayaprasadkakkassery/myExperements/my-dashboard/index.html
Open in browser:    open /Users/jayaprasadkakkassery/myExperements/my-dashboard/index.html
[3/4] Pushing to GitHub Pages...
[gh-pages 4449bb3] Dashboard refresh (Last 24 hour(s) · All licensees & adapters) - 2026-05-21 11:02:12
 2 files changed, 610 insertions(+), 99 deletions(-)
 create mode 100644 index_20260521_110212.html
[4/4] Done!

============================================
 Dashboard live at:
 https://jaykakkassery.github.io/my-dashboard
 Range  : Last 24 hour(s)
 Filters: · All licensees & adapters
 Updated: Thu May 21 11:02:15 EDT 2026
============================================
============================================
 TST Booking Dashboard - Refreshing...
 Range  : Last 24 hour(s)
 Filters: · All licensees & adapters
============================================
[1/4] Querying database (Last 24 hour(s) · All licensees & adapters)...
{
  "status": "ok",
  "generated_at": "2026-05-21 16:02:21 UTC",
  "interval_hours": 24,
  "filters": {
    "licensee_id": "all",
    "adapter_name": "all"
  },
  "summary": {
    "total": 1616,
    "successful": 1572,
    "failed": 44,
    "failure_pct": 2.72,
    "success_pct": 97.28,
    "cc_failed": 10,
    "cc_pct_of_failures": 22.73,
    "non_cc_failed": 34,
    "non_cc_failure_pct": 2.12
  },
  "by_adapter": [
    {
      "adapter": "SABRE_HOTEL",
      "total": 721,
      "successful": 709,
      "failed": 12,
      "failure_pct": 1.66
    },
    {
      "adapter": "EAN_RAPID",
      "total": 609,
      "successful": 597,
      "failed": 12,
      "failure_pct": 1.97
    },
    {
      "adapter": "PRICELINE_HOTEL",
      "total": 207,
      "successful": 193,
      "failed": 14,
      "failure_pct": 6.76
    },
    {
      "adapter": "BEDS_ONLINE",
      "total": 40,
      "successful": 37,
      "failed": 3,
      "failure_pct": 7.5
    },
    {
      "adapter": "ATI",
      "total": 38,
      "successful": 35,
      "failed": 3,
      "failure_pct": 7.89
    },
    {
      "adapter": "GWS",
      "total": 1,
      "successful": 1,
      "failed": 0,
      "failure_pct": 0.0
    }
  ],
  "by_licensee": [
    {
      "licensee_id": 72,
      "total": 282,
      "successful": 276,
      "failed": 6,
      "failure_pct": 2.13
    },
    {
      "licensee_id": 49,
      "total": 244,
      "successful": 235,
      "failed": 9,
      "failure_pct": 3.69
    },
    {
      "licensee_id": 1,
      "total": 238,
      "successful": 233,
      "failed": 5,
      "failure_pct": 2.1
    },
    {
      "licensee_id": 34,
      "total": 180,
      "successful": 177,
      "failed": 3,
      "failure_pct": 1.67
    },
    {
      "licensee_id": 40,
      "total": 122,
      "successful": 117,
      "failed": 5,
      "failure_pct": 4.1
    },
    {
      "licensee_id": 50,
      "total": 78,
      "successful": 76,
      "failed": 2,
      "failure_pct": 2.56
    },
    {
      "licensee_id": 57,
      "total": 75,
      "successful": 72,
      "failed": 3,
      "failure_pct": 4.0
    },
    {
      "licensee_id": 3,
      "total": 70,
      "successful": 68,
      "failed": 2,
      "failure_pct": 2.86
    },
    {
      "licensee_id": 55,
      "total": 59,
      "successful": 57,
      "failed": 2,
      "failure_pct": 3.39
    },
    {
      "licensee_id": 39,
      "total": 51,
      "successful": 49,
      "failed": 2,
      "failure_pct": 3.92
    }
  ],
  "hourly_trend": [
    {
      "hour": "2026-05-20 16:00:00",
      "total": 109,
      "successful": 109,
      "failed": 0
    },
    {
      "hour": "2026-05-20 17:00:00",
      "total": 117,
      "successful": 115,
      "failed": 2
    },
    {
      "hour": "2026-05-20 18:00:00",
      "total": 108,
      "successful": 106,
      "failed": 2
    },
    {
      "hour": "2026-05-20 19:00:00",
      "total": 133,
      "successful": 128,
      "failed": 5
    },
    {
      "hour": "2026-05-20 20:00:00",
      "total": 118,
      "successful": 114,
      "failed": 4
    },
    {
      "hour": "2026-05-20 21:00:00",
      "total": 106,
      "successful": 105,
      "failed": 1
    },
    {
      "hour": "2026-05-20 22:00:00",
      "total": 109,
      "successful": 108,
      "failed": 1
    },
    {
      "hour": "2026-05-20 23:00:00",
      "total": 95,
      "successful": 89,
      "failed": 6
    },
    {
      "hour": "2026-05-21 00:00:00",
      "total": 102,
      "successful": 100,
      "failed": 2
    },
    {
      "hour": "2026-05-21 01:00:00",
      "total": 97,
      "successful": 93,
      "failed": 4
    },
    {
      "hour": "2026-05-21 02:00:00",
      "total": 77,
      "successful": 75,
      "failed": 2
    },
    {
      "hour": "2026-05-21 03:00:00",
      "total": 78,
      "successful": 75,
      "failed": 3
    },
    {
      "hour": "2026-05-21 04:00:00",
      "total": 49,
      "successful": 47,
      "failed": 2
    },
    {
      "hour": "2026-05-21 05:00:00",
      "total": 33,
      "successful": 32,
      "failed": 1
    },
    {
      "hour": "2026-05-21 06:00:00",
      "total": 12,
      "successful": 11,
      "failed": 1
    },
    {
      "hour": "2026-05-21 07:00:00",
      "total": 10,
      "successful": 10,
      "failed": 0
    },
    {
      "hour": "2026-05-21 08:00:00",
      "total": 5,
      "successful": 5,
      "failed": 0
    },
    {
      "hour": "2026-05-21 09:00:00",
      "total": 2,
      "successful": 2,
      "failed": 0
    },
    {
      "hour": "2026-05-21 10:00:00",
      "total": 11,
      "successful": 11,
      "failed": 0
    },
    {
      "hour": "2026-05-21 11:00:00",
      "total": 13,
      "successful": 12,
      "failed": 1
    },
    {
      "hour": "2026-05-21 12:00:00",
      "total": 21,
      "successful": 21,
      "failed": 0
    },
    {
      "hour": "2026-05-21 13:00:00",
      "total": 41,
      "successful": 39,
      "failed": 2
    },
    {
      "hour": "2026-05-21 14:00:00",
      "total": 75,
      "successful": 71,
      "failed": 4
    },
    {
      "hour": "2026-05-21 15:00:00",
      "total": 89,
      "successful": 88,
      "failed": 1
    },
    {
      "hour": "2026-05-21 16:00:00",
      "total": 6,
      "successful": 6,
      "failed": 0
    }
  ],
  "top_failure_reasons": [
    {
      "reason": "Hotel.Express.Book: Booking failed due to CC failure",
      "count": 9,
      "adapters": "PRICELINE_HOTEL"
    },
    {
      "reason": "Provided card number is invalid.",
      "count": 5,
      "adapters": "EAN_RAPID"
    },
    {
      "reason": "Pnr has not been created successfully, see remaining messages for detailsEnhancedhotelbookrq: unable to perform hotel booking step. see below messages for details.. updatereservationrq: $invalid cc checksum$ (code: 3009)",
      "count": 5,
      "adapters": "SABRE_HOTEL"
    },
    {
      "reason": "Hotel.Express.Contract: Rates not found",
      "count": 3,
      "adapters": "PRICELINE_HOTEL"
    },
    {
      "reason": "One or more requested rooms are unavailable.",
      "count": 3,
      "adapters": "EAN_RAPID"
    },
    {
      "reason": "Hotel.Express.Book: Requested room is not available",
      "count": 2,
      "adapters": "PRICELINE_HOTEL"
    },
    {
      "reason": "This room rate is no longer available. Please select another room.",
      "count": 2,
      "adapters": "ATI"
    },
    {
      "reason": "The payment could not be processed. The card holder should contact their issuing bank for more information.",
      "count": 1,
      "adapters": "EAN_RAPID"
    },
    {
      "reason": "We apologize, but there has been an increase in the cost for your selected rate. Your price has increased by 18.25 USD.",
      "count": 1,
      "adapters": "SABRE_HOTEL"
    },
    {
      "reason": "The payment could not be processed due to suspected fraud. The card holder should contact their issuing bank for more information.",
      "count": 1,
      "adapters": "EAN_RAPID"
    }
  ]
}
Archived existing dashboard → index_20260521_120221.html
[2/4] Generating dashboard...
Dashboard saved to: /Users/jayaprasadkakkassery/myExperements/my-dashboard/index.html
Open in browser:    open /Users/jayaprasadkakkassery/myExperements/my-dashboard/index.html
[3/4] Pushing to GitHub Pages...
[gh-pages 40a3926] Dashboard refresh (Last 24 hour(s) · All licensees & adapters) - 2026-05-21 12:02:21
 2 files changed, 609 insertions(+), 98 deletions(-)
 create mode 100644 index_20260521_120221.html
[4/4] Done!

============================================
 Dashboard live at:
 https://jaykakkassery.github.io/my-dashboard
 Range  : Last 24 hour(s)
 Filters: · All licensees & adapters
 Updated: Thu May 21 12:02:23 EDT 2026
============================================
============================================
 TST Booking Dashboard - Refreshing...
 Range  : Last 24 hour(s)
 Filters: · All licensees & adapters
============================================
[1/4] Querying database (Last 24 hour(s) · All licensees & adapters)...
{
  "status": "ok",
  "generated_at": "2026-05-21 17:02:29 UTC",
  "interval_hours": 24,
  "filters": {
    "licensee_id": "all",
    "adapter_name": "all"
  },
  "summary": {
    "total": 1612,
    "successful": 1564,
    "failed": 48,
    "failure_pct": 2.98,
    "success_pct": 97.02,
    "cc_failed": 12,
    "cc_pct_of_failures": 25.0,
    "non_cc_failed": 36,
    "non_cc_failure_pct": 2.25
  },
  "by_adapter": [
    {
      "adapter": "SABRE_HOTEL",
      "total": 709,
      "successful": 697,
      "failed": 12,
      "failure_pct": 1.69
    },
    {
      "adapter": "EAN_RAPID",
      "total": 620,
      "successful": 605,
      "failed": 15,
      "failure_pct": 2.42
    },
    {
      "adapter": "PRICELINE_HOTEL",
      "total": 204,
      "successful": 189,
      "failed": 15,
      "failure_pct": 7.35
    },
    {
      "adapter": "BEDS_ONLINE",
      "total": 42,
      "successful": 39,
      "failed": 3,
      "failure_pct": 7.14
    },
    {
      "adapter": "ATI",
      "total": 36,
      "successful": 33,
      "failed": 3,
      "failure_pct": 8.33
    },
    {
      "adapter": "GWS",
      "total": 1,
      "successful": 1,
      "failed": 0,
      "failure_pct": 0.0
    }
  ],
  "by_licensee": [
    {
      "licensee_id": 72,
      "total": 271,
      "successful": 265,
      "failed": 6,
      "failure_pct": 2.21
    },
    {
      "licensee_id": 49,
      "total": 250,
      "successful": 241,
      "failed": 9,
      "failure_pct": 3.6
    },
    {
      "licensee_id": 1,
      "total": 230,
      "successful": 225,
      "failed": 5,
      "failure_pct": 2.17
    },
    {
      "licensee_id": 34,
      "total": 184,
      "successful": 180,
      "failed": 4,
      "failure_pct": 2.17
    },
    {
      "licensee_id": 40,
      "total": 121,
      "successful": 115,
      "failed": 6,
      "failure_pct": 4.96
    },
    {
      "licensee_id": 57,
      "total": 76,
      "successful": 73,
      "failed": 3,
      "failure_pct": 3.95
    },
    {
      "licensee_id": 50,
      "total": 74,
      "successful": 72,
      "failed": 2,
      "failure_pct": 2.7
    },
    {
      "licensee_id": 3,
      "total": 72,
      "successful": 70,
      "failed": 2,
      "failure_pct": 2.78
    },
    {
      "licensee_id": 55,
      "total": 63,
      "successful": 61,
      "failed": 2,
      "failure_pct": 3.17
    },
    {
      "licensee_id": 39,
      "total": 53,
      "successful": 51,
      "failed": 2,
      "failure_pct": 3.77
    }
  ],
  "hourly_trend": [
    {
      "hour": "2026-05-20 17:00:00",
      "total": 116,
      "successful": 114,
      "failed": 2
    },
    {
      "hour": "2026-05-20 18:00:00",
      "total": 108,
      "successful": 106,
      "failed": 2
    },
    {
      "hour": "2026-05-20 19:00:00",
      "total": 133,
      "successful": 128,
      "failed": 5
    },
    {
      "hour": "2026-05-20 20:00:00",
      "total": 118,
      "successful": 114,
      "failed": 4
    },
    {
      "hour": "2026-05-20 21:00:00",
      "total": 106,
      "successful": 105,
      "failed": 1
    },
    {
      "hour": "2026-05-20 22:00:00",
      "total": 109,
      "successful": 108,
      "failed": 1
    },
    {
      "hour": "2026-05-20 23:00:00",
      "total": 95,
      "successful": 89,
      "failed": 6
    },
    {
      "hour": "2026-05-21 00:00:00",
      "total": 102,
      "successful": 100,
      "failed": 2
    },
    {
      "hour": "2026-05-21 01:00:00",
      "total": 97,
      "successful": 93,
      "failed": 4
    },
    {
      "hour": "2026-05-21 02:00:00",
      "total": 77,
      "successful": 75,
      "failed": 2
    },
    {
      "hour": "2026-05-21 03:00:00",
      "total": 78,
      "successful": 75,
      "failed": 3
    },
    {
      "hour": "2026-05-21 04:00:00",
      "total": 49,
      "successful": 47,
      "failed": 2
    },
    {
      "hour": "2026-05-21 05:00:00",
      "total": 33,
      "successful": 32,
      "failed": 1
    },
    {
      "hour": "2026-05-21 06:00:00",
      "total": 12,
      "successful": 11,
      "failed": 1
    },
    {
      "hour": "2026-05-21 07:00:00",
      "total": 10,
      "successful": 10,
      "failed": 0
    },
    {
      "hour": "2026-05-21 08:00:00",
      "total": 5,
      "successful": 5,
      "failed": 0
    },
    {
      "hour": "2026-05-21 09:00:00",
      "total": 2,
      "successful": 2,
      "failed": 0
    },
    {
      "hour": "2026-05-21 10:00:00",
      "total": 11,
      "successful": 11,
      "failed": 0
    },
    {
      "hour": "2026-05-21 11:00:00",
      "total": 13,
      "successful": 12,
      "failed": 1
    },
    {
      "hour": "2026-05-21 12:00:00",
      "total": 21,
      "successful": 21,
      "failed": 0
    },
    {
      "hour": "2026-05-21 13:00:00",
      "total": 41,
      "successful": 39,
      "failed": 2
    },
    {
      "hour": "2026-05-21 14:00:00",
      "total": 75,
      "successful": 71,
      "failed": 4
    },
    {
      "hour": "2026-05-21 15:00:00",
      "total": 89,
      "successful": 88,
      "failed": 1
    },
    {
      "hour": "2026-05-21 16:00:00",
      "total": 105,
      "successful": 101,
      "failed": 4
    },
    {
      "hour": "2026-05-21 17:00:00",
      "total": 7,
      "successful": 7,
      "failed": 0
    }
  ],
  "top_failure_reasons": [
    {
      "reason": "Hotel.Express.Book: Booking failed due to CC failure",
      "count": 9,
      "adapters": "PRICELINE_HOTEL"
    },
    {
      "reason": "Provided card number is invalid.",
      "count": 6,
      "adapters": "EAN_RAPID"
    },
    {
      "reason": "Pnr has not been created successfully, see remaining messages for detailsEnhancedhotelbookrq: unable to perform hotel booking step. see below messages for details.. updatereservationrq: $invalid cc checksum$ (code: 3009)",
      "count": 5,
      "adapters": "SABRE_HOTEL"
    },
    {
      "reason": "One or more requested rooms are unavailable.",
      "count": 4,
      "adapters": "EAN_RAPID"
    },
    {
      "reason": "Hotel.Express.Contract: Rates not found",
      "count": 3,
      "adapters": "PRICELINE_HOTEL"
    },
    {
      "reason": "This room rate is no longer available. Please select another room.",
      "count": 2,
      "adapters": "ATI"
    },
    {
      "reason": "Hotel.Express.Book: Requested room is not available",
      "count": 2,
      "adapters": "PRICELINE_HOTEL"
    },
    {
      "reason": "We apologize, but there has been an increase in the cost for your selected rate. Your price has increased by 24.39 USD.",
      "count": 1,
      "adapters": "SABRE_HOTEL"
    },
    {
      "reason": "The credit card provided has been identified as potential fraud",
      "count": 1,
      "adapters": "BEDS_ONLINE"
    },
    {
      "reason": "The payment could not be processed. The card holder should contact their issuing bank for more information.",
      "count": 1,
      "adapters": "EAN_RAPID"
    }
  ]
}
Archived existing dashboard → index_20260521_130229.html
[2/4] Generating dashboard...
Dashboard saved to: /Users/jayaprasadkakkassery/myExperements/my-dashboard/index.html
Open in browser:    open /Users/jayaprasadkakkassery/myExperements/my-dashboard/index.html
[3/4] Pushing to GitHub Pages...
[gh-pages 01f5c81] Dashboard refresh (Last 24 hour(s) · All licensees & adapters) - 2026-05-21 13:02:29
 2 files changed, 620 insertions(+), 109 deletions(-)
 create mode 100644 index_20260521_130229.html
[4/4] Done!

============================================
 Dashboard live at:
 https://jaykakkassery.github.io/my-dashboard
 Range  : Last 24 hour(s)
 Filters: · All licensees & adapters
 Updated: Thu May 21 13:02:32 EDT 2026
============================================
============================================
 TST Booking Dashboard - Refreshing...
 Range  : Last 24 hour(s)
 Filters: · All licensees & adapters
============================================
[1/4] Querying database (Last 24 hour(s) · All licensees & adapters)...
{
  "status": "ok",
  "generated_at": "2026-05-21 18:02:38 UTC",
  "interval_hours": 24,
  "filters": {
    "licensee_id": "all",
    "adapter_name": "all"
  },
  "summary": {
    "total": 1595,
    "successful": 1543,
    "failed": 52,
    "failure_pct": 3.26,
    "success_pct": 96.74,
    "cc_failed": 15,
    "cc_pct_of_failures": 28.85,
    "non_cc_failed": 37,
    "non_cc_failure_pct": 2.34
  },
  "by_adapter": [
    {
      "adapter": "SABRE_HOTEL",
      "total": 708,
      "successful": 697,
      "failed": 11,
      "failure_pct": 1.55
    },
    {
      "adapter": "EAN_RAPID",
      "total": 596,
      "successful": 579,
      "failed": 17,
      "failure_pct": 2.85
    },
    {
      "adapter": "PRICELINE_HOTEL",
      "total": 206,
      "successful": 189,
      "failed": 17,
      "failure_pct": 8.25
    },
    {
      "adapter": "BEDS_ONLINE",
      "total": 47,
      "successful": 43,
      "failed": 4,
      "failure_pct": 8.51
    },
    {
      "adapter": "ATI",
      "total": 37,
      "successful": 34,
      "failed": 3,
      "failure_pct": 8.11
    },
    {
      "adapter": "GWS",
      "total": 1,
      "successful": 1,
      "failed": 0,
      "failure_pct": 0.0
    }
  ],
  "by_licensee": [
    {
      "licensee_id": 72,
      "total": 261,
      "successful": 253,
      "failed": 8,
      "failure_pct": 3.07
    },
    {
      "licensee_id": 49,
      "total": 244,
      "successful": 235,
      "failed": 9,
      "failure_pct": 3.69
    },
    {
      "licensee_id": 1,
      "total": 224,
      "successful": 219,
      "failed": 5,
      "failure_pct": 2.23
    },
    {
      "licensee_id": 34,
      "total": 193,
      "successful": 188,
      "failed": 5,
      "failure_pct": 2.59
    },
    {
      "licensee_id": 40,
      "total": 122,
      "successful": 117,
      "failed": 5,
      "failure_pct": 4.1
    },
    {
      "licensee_id": 57,
      "total": 79,
      "successful": 75,
      "failed": 4,
      "failure_pct": 5.06
    },
    {
      "licensee_id": 50,
      "total": 73,
      "successful": 71,
      "failed": 2,
      "failure_pct": 2.74
    },
    {
      "licensee_id": 3,
      "total": 72,
      "successful": 70,
      "failed": 2,
      "failure_pct": 2.78
    },
    {
      "licensee_id": 55,
      "total": 58,
      "successful": 56,
      "failed": 2,
      "failure_pct": 3.45
    },
    {
      "licensee_id": 39,
      "total": 51,
      "successful": 49,
      "failed": 2,
      "failure_pct": 3.92
    }
  ],
  "hourly_trend": [
    {
      "hour": "2026-05-20 18:00:00",
      "total": 96,
      "successful": 94,
      "failed": 2
    },
    {
      "hour": "2026-05-20 19:00:00",
      "total": 133,
      "successful": 128,
      "failed": 5
    },
    {
      "hour": "2026-05-20 20:00:00",
      "total": 118,
      "successful": 114,
      "failed": 4
    },
    {
      "hour": "2026-05-20 21:00:00",
      "total": 106,
      "successful": 105,
      "failed": 1
    },
    {
      "hour": "2026-05-20 22:00:00",
      "total": 109,
      "successful": 108,
      "failed": 1
    },
    {
      "hour": "2026-05-20 23:00:00",
      "total": 95,
      "successful": 89,
      "failed": 6
    },
    {
      "hour": "2026-05-21 00:00:00",
      "total": 102,
      "successful": 100,
      "failed": 2
    },
    {
      "hour": "2026-05-21 01:00:00",
      "total": 97,
      "successful": 93,
      "failed": 4
    },
    {
      "hour": "2026-05-21 02:00:00",
      "total": 77,
      "successful": 75,
      "failed": 2
    },
    {
      "hour": "2026-05-21 03:00:00",
      "total": 78,
      "successful": 75,
      "failed": 3
    },
    {
      "hour": "2026-05-21 04:00:00",
      "total": 49,
      "successful": 47,
      "failed": 2
    },
    {
      "hour": "2026-05-21 05:00:00",
      "total": 33,
      "successful": 32,
      "failed": 1
    },
    {
      "hour": "2026-05-21 06:00:00",
      "total": 12,
      "successful": 11,
      "failed": 1
    },
    {
      "hour": "2026-05-21 07:00:00",
      "total": 10,
      "successful": 10,
      "failed": 0
    },
    {
      "hour": "2026-05-21 08:00:00",
      "total": 5,
      "successful": 5,
      "failed": 0
    },
    {
      "hour": "2026-05-21 09:00:00",
      "total": 2,
      "successful": 2,
      "failed": 0
    },
    {
      "hour": "2026-05-21 10:00:00",
      "total": 11,
      "successful": 11,
      "failed": 0
    },
    {
      "hour": "2026-05-21 11:00:00",
      "total": 13,
      "successful": 12,
      "failed": 1
    },
    {
      "hour": "2026-05-21 12:00:00",
      "total": 21,
      "successful": 21,
      "failed": 0
    },
    {
      "hour": "2026-05-21 13:00:00",
      "total": 41,
      "successful": 39,
      "failed": 2
    },
    {
      "hour": "2026-05-21 14:00:00",
      "total": 75,
      "successful": 71,
      "failed": 4
    },
    {
      "hour": "2026-05-21 15:00:00",
      "total": 89,
      "successful": 88,
      "failed": 1
    },
    {
      "hour": "2026-05-21 16:00:00",
      "total": 104,
      "successful": 101,
      "failed": 3
    },
    {
      "hour": "2026-05-21 17:00:00",
      "total": 112,
      "successful": 106,
      "failed": 6
    },
    {
      "hour": "2026-05-21 18:00:00",
      "total": 7,
      "successful": 6,
      "failed": 1
    }
  ],
  "top_failure_reasons": [
    {
      "reason": "Hotel.Express.Book: Booking failed due to CC failure",
      "count": 11,
      "adapters": "PRICELINE_HOTEL"
    },
    {
      "reason": "Provided card number is invalid.",
      "count": 6,
      "adapters": "EAN_RAPID"
    },
    {
      "reason": "Pnr has not been created successfully, see remaining messages for detailsEnhancedhotelbookrq: unable to perform hotel booking step. see below messages for details.. updatereservationrq: $invalid cc checksum$ (code: 3009)",
      "count": 6,
      "adapters": "SABRE_HOTEL"
    },
    {
      "reason": "One or more requested rooms are unavailable.",
      "count": 5,
      "adapters": "EAN_RAPID"
    },
    {
      "reason": "Hotel.Express.Contract: Rates not found",
      "count": 3,
      "adapters": "PRICELINE_HOTEL"
    },
    {
      "reason": "Hotel.Express.Book: Requested room is not available",
      "count": 2,
      "adapters": "PRICELINE_HOTEL"
    },
    {
      "reason": "The payment has been refused, please retry with a different credit card.",
      "count": 2,
      "adapters": "BEDS_ONLINE"
    },
    {
      "reason": "This room rate is no longer available. Please select another room.",
      "count": 2,
      "adapters": "ATI"
    },
    {
      "reason": "Credit card is expired.",
      "count": 2,
      "adapters": "EAN_RAPID"
    },
    {
      "reason": "The payment could not be processed due to suspected fraud. The card holder should contact their issuing bank for more information.",
      "count": 1,
      "adapters": "EAN_RAPID"
    }
  ]
}
Archived existing dashboard → index_20260521_140238.html
[2/4] Generating dashboard...
Dashboard saved to: /Users/jayaprasadkakkassery/myExperements/my-dashboard/index.html
Open in browser:    open /Users/jayaprasadkakkassery/myExperements/my-dashboard/index.html
[3/4] Pushing to GitHub Pages...
[gh-pages 9e0a639] Dashboard refresh (Last 24 hour(s) · All licensees & adapters) - 2026-05-21 14:02:38
 2 files changed, 614 insertions(+), 103 deletions(-)
 create mode 100644 index_20260521_140238.html
[4/4] Done!

============================================
 Dashboard live at:
 https://jaykakkassery.github.io/my-dashboard
 Range  : Last 24 hour(s)
 Filters: · All licensees & adapters
 Updated: Thu May 21 14:02:40 EDT 2026
============================================
============================================
 TST Booking Dashboard - Refreshing...
 Range  : Last 24 hour(s)
 Filters: · All licensees & adapters
============================================
[1/4] Querying database (Last 24 hour(s) · All licensees & adapters)...
{
  "status": "ok",
  "generated_at": "2026-05-21 19:02:46 UTC",
  "interval_hours": 24,
  "filters": {
    "licensee_id": "all",
    "adapter_name": "all"
  },
  "summary": {
    "total": 1615,
    "successful": 1559,
    "failed": 56,
    "failure_pct": 3.47,
    "success_pct": 96.53,
    "cc_failed": 15,
    "cc_pct_of_failures": 26.79,
    "non_cc_failed": 41,
    "non_cc_failure_pct": 2.56
  },
  "by_adapter": [
    {
      "adapter": "SABRE_HOTEL",
      "total": 728,
      "successful": 715,
      "failed": 13,
      "failure_pct": 1.79
    },
    {
      "adapter": "EAN_RAPID",
      "total": 590,
      "successful": 572,
      "failed": 18,
      "failure_pct": 3.05
    },
    {
      "adapter": "PRICELINE_HOTEL",
      "total": 206,
      "successful": 188,
      "failed": 18,
      "failure_pct": 8.74
    },
    {
      "adapter": "BEDS_ONLINE",
      "total": 46,
      "successful": 42,
      "failed": 4,
      "failure_pct": 8.7
    },
    {
      "adapter": "ATI",
      "total": 41,
      "successful": 38,
      "failed": 3,
      "failure_pct": 7.32
    },
    {
      "adapter": "GWS",
      "total": 4,
      "successful": 4,
      "failed": 0,
      "failure_pct": 0.0
    }
  ],
  "by_licensee": [
    {
      "licensee_id": 72,
      "total": 266,
      "successful": 257,
      "failed": 9,
      "failure_pct": 3.38
    },
    {
      "licensee_id": 49,
      "total": 254,
      "successful": 242,
      "failed": 12,
      "failure_pct": 4.72
    },
    {
      "licensee_id": 1,
      "total": 232,
      "successful": 226,
      "failed": 6,
      "failure_pct": 2.59
    },
    {
      "licensee_id": 34,
      "total": 187,
      "successful": 182,
      "failed": 5,
      "failure_pct": 2.67
    },
    {
      "licensee_id": 40,
      "total": 127,
      "successful": 122,
      "failed": 5,
      "failure_pct": 3.94
    },
    {
      "licensee_id": 57,
      "total": 79,
      "successful": 75,
      "failed": 4,
      "failure_pct": 5.06
    },
    {
      "licensee_id": 50,
      "total": 75,
      "successful": 73,
      "failed": 2,
      "failure_pct": 2.67
    },
    {
      "licensee_id": 3,
      "total": 71,
      "successful": 69,
      "failed": 2,
      "failure_pct": 2.82
    },
    {
      "licensee_id": 55,
      "total": 54,
      "successful": 52,
      "failed": 2,
      "failure_pct": 3.7
    },
    {
      "licensee_id": 39,
      "total": 51,
      "successful": 49,
      "failed": 2,
      "failure_pct": 3.92
    }
  ],
  "hourly_trend": [
    {
      "hour": "2026-05-20 19:00:00",
      "total": 131,
      "successful": 126,
      "failed": 5
    },
    {
      "hour": "2026-05-20 20:00:00",
      "total": 118,
      "successful": 114,
      "failed": 4
    },
    {
      "hour": "2026-05-20 21:00:00",
      "total": 106,
      "successful": 105,
      "failed": 1
    },
    {
      "hour": "2026-05-20 22:00:00",
      "total": 110,
      "successful": 108,
      "failed": 2
    },
    {
      "hour": "2026-05-20 23:00:00",
      "total": 95,
      "successful": 89,
      "failed": 6
    },
    {
      "hour": "2026-05-21 00:00:00",
      "total": 102,
      "successful": 100,
      "failed": 2
    },
    {
      "hour": "2026-05-21 01:00:00",
      "total": 97,
      "successful": 93,
      "failed": 4
    },
    {
      "hour": "2026-05-21 02:00:00",
      "total": 77,
      "successful": 75,
      "failed": 2
    },
    {
      "hour": "2026-05-21 03:00:00",
      "total": 78,
      "successful": 75,
      "failed": 3
    },
    {
      "hour": "2026-05-21 04:00:00",
      "total": 49,
      "successful": 47,
      "failed": 2
    },
    {
      "hour": "2026-05-21 05:00:00",
      "total": 33,
      "successful": 32,
      "failed": 1
    },
    {
      "hour": "2026-05-21 06:00:00",
      "total": 12,
      "successful": 11,
      "failed": 1
    },
    {
      "hour": "2026-05-21 07:00:00",
      "total": 10,
      "successful": 10,
      "failed": 0
    },
    {
      "hour": "2026-05-21 08:00:00",
      "total": 5,
      "successful": 5,
      "failed": 0
    },
    {
      "hour": "2026-05-21 09:00:00",
      "total": 2,
      "successful": 2,
      "failed": 0
    },
    {
      "hour": "2026-05-21 10:00:00",
      "total": 11,
      "successful": 11,
      "failed": 0
    },
    {
      "hour": "2026-05-21 11:00:00",
      "total": 13,
      "successful": 12,
      "failed": 1
    },
    {
      "hour": "2026-05-21 12:00:00",
      "total": 21,
      "successful": 21,
      "failed": 0
    },
    {
      "hour": "2026-05-21 13:00:00",
      "total": 41,
      "successful": 39,
      "failed": 2
    },
    {
      "hour": "2026-05-21 14:00:00",
      "total": 75,
      "successful": 71,
      "failed": 4
    },
    {
      "hour": "2026-05-21 15:00:00",
      "total": 89,
      "successful": 88,
      "failed": 1
    },
    {
      "hour": "2026-05-21 16:00:00",
      "total": 104,
      "successful": 101,
      "failed": 3
    },
    {
      "hour": "2026-05-21 17:00:00",
      "total": 112,
      "successful": 106,
      "failed": 6
    },
    {
      "hour": "2026-05-21 18:00:00",
      "total": 121,
      "successful": 115,
      "failed": 6
    },
    {
      "hour": "2026-05-21 19:00:00",
      "total": 3,
      "successful": 3,
      "failed": 0
    }
  ],
  "top_failure_reasons": [
    {
      "reason": "Hotel.Express.Book: Booking failed due to CC failure",
      "count": 12,
      "adapters": "PRICELINE_HOTEL"
    },
    {
      "reason": "Provided card number is invalid.",
      "count": 6,
      "adapters": "EAN_RAPID"
    },
    {
      "reason": "Pnr has not been created successfully, see remaining messages for detailsEnhancedhotelbookrq: unable to perform hotel booking step. see below messages for details.. updatereservationrq: $invalid cc checksum$ (code: 3009)",
      "count": 6,
      "adapters": "SABRE_HOTEL"
    },
    {
      "reason": "One or more requested rooms are unavailable.",
      "count": 6,
      "adapters": "EAN_RAPID"
    },
    {
      "reason": "Hotel.Express.Contract: Rates not found",
      "count": 3,
      "adapters": "PRICELINE_HOTEL"
    },
    {
      "reason": "Credit card is expired.",
      "count": 2,
      "adapters": "EAN_RAPID"
    },
    {
      "reason": "This room rate is no longer available. Please select another room.",
      "count": 2,
      "adapters": "ATI"
    },
    {
      "reason": "The payment has been refused, please retry with a different credit card.",
      "count": 2,
      "adapters": "BEDS_ONLINE"
    },
    {
      "reason": "Pnr has not been created successfully, see remaining messages for detailsEnhancedhotelbookrq: hotel booking segment status is unconfirmed. please retry the transaction.. updatereservationrq: invalid loyalty id (code: warn.5136)",
      "count": 2,
      "adapters": "SABRE_HOTEL"
    },
    {
      "reason": "Hotel.Express.Book: Requested room is not available",
      "count": 2,
      "adapters": "PRICELINE_HOTEL"
    }
  ]
}
Archived existing dashboard → index_20260521_150246.html
[2/4] Generating dashboard...
Dashboard saved to: /Users/jayaprasadkakkassery/myExperements/my-dashboard/index.html
Open in browser:    open /Users/jayaprasadkakkassery/myExperements/my-dashboard/index.html
[3/4] Pushing to GitHub Pages...
[gh-pages 6306f68] Dashboard refresh (Last 24 hour(s) · All licensees & adapters) - 2026-05-21 15:02:47
 2 files changed, 609 insertions(+), 98 deletions(-)
 create mode 100644 index_20260521_150246.html
[4/4] Done!

============================================
 Dashboard live at:
 https://jaykakkassery.github.io/my-dashboard
 Range  : Last 24 hour(s)
 Filters: · All licensees & adapters
 Updated: Thu May 21 15:02:49 EDT 2026
============================================
============================================
 TST Booking Dashboard - Refreshing...
 Range  : Last 24 hour(s)
 Filters: · All licensees & adapters
============================================
[1/4] Querying database (Last 24 hour(s) · All licensees & adapters)...
{
  "status": "ok",
  "generated_at": "2026-05-21 20:02:55 UTC",
  "interval_hours": 24,
  "filters": {
    "licensee_id": "all",
    "adapter_name": "all"
  },
  "summary": {
    "total": 1621,
    "successful": 1559,
    "failed": 62,
    "failure_pct": 3.82,
    "success_pct": 96.18,
    "cc_failed": 20,
    "cc_pct_of_failures": 32.26,
    "non_cc_failed": 42,
    "non_cc_failure_pct": 2.62
  },
  "by_adapter": [
    {
      "adapter": "SABRE_HOTEL",
      "total": 732,
      "successful": 718,
      "failed": 14,
      "failure_pct": 1.91
    },
    {
      "adapter": "EAN_RAPID",
      "total": 594,
      "successful": 573,
      "failed": 21,
      "failure_pct": 3.54
    },
    {
      "adapter": "PRICELINE_HOTEL",
      "total": 208,
      "successful": 188,
      "failed": 20,
      "failure_pct": 9.62
    },
    {
      "adapter": "BEDS_ONLINE",
      "total": 46,
      "successful": 42,
      "failed": 4,
      "failure_pct": 8.7
    },
    {
      "adapter": "ATI",
      "total": 37,
      "successful": 34,
      "failed": 3,
      "failure_pct": 8.11
    },
    {
      "adapter": "GWS",
      "total": 4,
      "successful": 4,
      "failed": 0,
      "failure_pct": 0.0
    }
  ],
  "by_licensee": [
    {
      "licensee_id": 72,
      "total": 265,
      "successful": 255,
      "failed": 10,
      "failure_pct": 3.77
    },
    {
      "licensee_id": 49,
      "total": 259,
      "successful": 246,
      "failed": 13,
      "failure_pct": 5.02
    },
    {
      "licensee_id": 1,
      "total": 224,
      "successful": 215,
      "failed": 9,
      "failure_pct": 4.02
    },
    {
      "licensee_id": 34,
      "total": 185,
      "successful": 180,
      "failed": 5,
      "failure_pct": 2.7
    },
    {
      "licensee_id": 40,
      "total": 126,
      "successful": 119,
      "failed": 7,
      "failure_pct": 5.56
    },
    {
      "licensee_id": 57,
      "total": 84,
      "successful": 80,
      "failed": 4,
      "failure_pct": 4.76
    },
    {
      "licensee_id": 50,
      "total": 75,
      "successful": 73,
      "failed": 2,
      "failure_pct": 2.67
    },
    {
      "licensee_id": 3,
      "total": 68,
      "successful": 65,
      "failed": 3,
      "failure_pct": 4.41
    },
    {
      "licensee_id": 39,
      "total": 55,
      "successful": 53,
      "failed": 2,
      "failure_pct": 3.64
    },
    {
      "licensee_id": 55,
      "total": 49,
      "successful": 48,
      "failed": 1,
      "failure_pct": 2.04
    }
  ],
  "hourly_trend": [
    {
      "hour": "2026-05-20 20:00:00",
      "total": 109,
      "successful": 107,
      "failed": 2
    },
    {
      "hour": "2026-05-20 21:00:00",
      "total": 106,
      "successful": 105,
      "failed": 1
    },
    {
      "hour": "2026-05-20 22:00:00",
      "total": 110,
      "successful": 108,
      "failed": 2
    },
    {
      "hour": "2026-05-20 23:00:00",
      "total": 95,
      "successful": 89,
      "failed": 6
    },
    {
      "hour": "2026-05-21 00:00:00",
      "total": 102,
      "successful": 100,
      "failed": 2
    },
    {
      "hour": "2026-05-21 01:00:00",
      "total": 97,
      "successful": 93,
      "failed": 4
    },
    {
      "hour": "2026-05-21 02:00:00",
      "total": 77,
      "successful": 75,
      "failed": 2
    },
    {
      "hour": "2026-05-21 03:00:00",
      "total": 78,
      "successful": 75,
      "failed": 3
    },
    {
      "hour": "2026-05-21 04:00:00",
      "total": 49,
      "successful": 47,
      "failed": 2
    },
    {
      "hour": "2026-05-21 05:00:00",
      "total": 33,
      "successful": 32,
      "failed": 1
    },
    {
      "hour": "2026-05-21 06:00:00",
      "total": 12,
      "successful": 11,
      "failed": 1
    },
    {
      "hour": "2026-05-21 07:00:00",
      "total": 10,
      "successful": 10,
      "failed": 0
    },
    {
      "hour": "2026-05-21 08:00:00",
      "total": 5,
      "successful": 5,
      "failed": 0
    },
    {
      "hour": "2026-05-21 09:00:00",
      "total": 2,
      "successful": 2,
      "failed": 0
    },
    {
      "hour": "2026-05-21 10:00:00",
      "total": 11,
      "successful": 11,
      "failed": 0
    },
    {
      "hour": "2026-05-21 11:00:00",
      "total": 13,
      "successful": 12,
      "failed": 1
    },
    {
      "hour": "2026-05-21 12:00:00",
      "total": 21,
      "successful": 21,
      "failed": 0
    },
    {
      "hour": "2026-05-21 13:00:00",
      "total": 41,
      "successful": 39,
      "failed": 2
    },
    {
      "hour": "2026-05-21 14:00:00",
      "total": 75,
      "successful": 71,
      "failed": 4
    },
    {
      "hour": "2026-05-21 15:00:00",
      "total": 89,
      "successful": 88,
      "failed": 1
    },
    {
      "hour": "2026-05-21 16:00:00",
      "total": 104,
      "successful": 101,
      "failed": 3
    },
    {
      "hour": "2026-05-21 17:00:00",
      "total": 112,
      "successful": 106,
      "failed": 6
    },
    {
      "hour": "2026-05-21 18:00:00",
      "total": 120,
      "successful": 115,
      "failed": 5
    },
    {
      "hour": "2026-05-21 19:00:00",
      "total": 144,
      "successful": 130,
      "failed": 14
    },
    {
      "hour": "2026-05-21 20:00:00",
      "total": 6,
      "successful": 6,
      "failed": 0
    }
  ],
  "top_failure_reasons": [
    {
      "reason": "Hotel.Express.Book: Booking failed due to CC failure",
      "count": 16,
      "adapters": "PRICELINE_HOTEL"
    },
    {
      "reason": "Provided card number is invalid.",
      "count": 8,
      "adapters": "EAN_RAPID"
    },
    {
      "reason": "Pnr has not been created successfully, see remaining messages for detailsEnhancedhotelbookrq: unable to perform hotel booking step. see below messages for details.. updatereservationrq: $invalid cc checksum$ (code: 3009)",
      "count": 6,
      "adapters": "SABRE_HOTEL"
    },
    {
      "reason": "One or more requested rooms are unavailable.",
      "count": 4,
      "adapters": "EAN_RAPID"
    },
    {
      "reason": "Credit card is expired.",
      "count": 3,
      "adapters": "EAN_RAPID"
    },
    {
      "reason": "Hotel.Express.Contract: Rates not found",
      "count": 2,
      "adapters": "PRICELINE_HOTEL"
    },
    {
      "reason": "This room rate is no longer available. Please select another room.",
      "count": 2,
      "adapters": "ATI"
    },
    {
      "reason": "The payment has been refused, please retry with a different credit card.",
      "count": 2,
      "adapters": "BEDS_ONLINE"
    },
    {
      "reason": "Pnr has not been created successfully, see remaining messages for detailsEnhancedhotelbookrq: hotel booking segment status is unconfirmed. please retry the transaction.. updatereservationrq: invalid loyalty id (code: warn.5136)",
      "count": 2,
      "adapters": "SABRE_HOTEL"
    },
    {
      "reason": "The payment could not be processed. The card holder should contact their issuing bank for more information.",
      "count": 1,
      "adapters": "EAN_RAPID"
    }
  ]
}
Archived existing dashboard → index_20260521_160255.html
[2/4] Generating dashboard...
Dashboard saved to: /Users/jayaprasadkakkassery/myExperements/my-dashboard/index.html
Open in browser:    open /Users/jayaprasadkakkassery/myExperements/my-dashboard/index.html
[3/4] Pushing to GitHub Pages...
[gh-pages 323c390] Dashboard refresh (Last 24 hour(s) · All licensees & adapters) - 2026-05-21 16:02:55
 2 files changed, 610 insertions(+), 99 deletions(-)
 create mode 100644 index_20260521_160255.html
[4/4] Done!

============================================
 Dashboard live at:
 https://jaykakkassery.github.io/my-dashboard
 Range  : Last 24 hour(s)
 Filters: · All licensees & adapters
 Updated: Thu May 21 16:02:57 EDT 2026
============================================
============================================
 TST Booking Dashboard - Refreshing...
 Range  : Last 24 hour(s)
 Filters: · All licensees & adapters
============================================
[1/4] Querying database (Last 24 hour(s) · All licensees & adapters)...
{
  "status": "ok",
  "generated_at": "2026-05-21 21:03:04 UTC",
  "interval_hours": 24,
  "filters": {
    "licensee_id": "all",
    "adapter_name": "all"
  },
  "summary": {
    "total": 1620,
    "successful": 1558,
    "failed": 62,
    "failure_pct": 3.83,
    "success_pct": 96.17,
    "cc_failed": 22,
    "cc_pct_of_failures": 35.48,
    "non_cc_failed": 40,
    "non_cc_failure_pct": 2.5
  },
  "by_adapter": [
    {
      "adapter": "SABRE_HOTEL",
      "total": 735,
      "successful": 721,
      "failed": 14,
      "failure_pct": 1.9
    },
    {
      "adapter": "EAN_RAPID",
      "total": 593,
      "successful": 571,
      "failed": 22,
      "failure_pct": 3.71
    },
    {
      "adapter": "PRICELINE_HOTEL",
      "total": 208,
      "successful": 188,
      "failed": 20,
      "failure_pct": 9.62
    },
    {
      "adapter": "BEDS_ONLINE",
      "total": 42,
      "successful": 39,
      "failed": 3,
      "failure_pct": 7.14
    },
    {
      "adapter": "ATI",
      "total": 37,
      "successful": 34,
      "failed": 3,
      "failure_pct": 8.11
    },
    {
      "adapter": "GWS",
      "total": 5,
      "successful": 5,
      "failed": 0,
      "failure_pct": 0.0
    }
  ],
  "by_licensee": [
    {
      "licensee_id": 72,
      "total": 271,
      "successful": 260,
      "failed": 11,
      "failure_pct": 4.06
    },
    {
      "licensee_id": 49,
      "total": 259,
      "successful": 246,
      "failed": 13,
      "failure_pct": 5.02
    },
    {
      "licensee_id": 1,
      "total": 216,
      "successful": 208,
      "failed": 8,
      "failure_pct": 3.7
    },
    {
      "licensee_id": 34,
      "total": 192,
      "successful": 187,
      "failed": 5,
      "failure_pct": 2.6
    },
    {
      "licensee_id": 40,
      "total": 117,
      "successful": 110,
      "failed": 7,
      "failure_pct": 5.98
    },
    {
      "licensee_id": 57,
      "total": 82,
      "successful": 78,
      "failed": 4,
      "failure_pct": 4.88
    },
    {
      "licensee_id": 50,
      "total": 76,
      "successful": 75,
      "failed": 1,
      "failure_pct": 1.32
    },
    {
      "licensee_id": 3,
      "total": 62,
      "successful": 59,
      "failed": 3,
      "failure_pct": 4.84
    },
    {
      "licensee_id": 39,
      "total": 59,
      "successful": 57,
      "failed": 2,
      "failure_pct": 3.39
    },
    {
      "licensee_id": 55,
      "total": 52,
      "successful": 51,
      "failed": 1,
      "failure_pct": 1.92
    }
  ],
  "hourly_trend": [
    {
      "hour": "2026-05-20 21:00:00",
      "total": 103,
      "successful": 102,
      "failed": 1
    },
    {
      "hour": "2026-05-20 22:00:00",
      "total": 110,
      "successful": 108,
      "failed": 2
    },
    {
      "hour": "2026-05-20 23:00:00",
      "total": 95,
      "successful": 89,
      "failed": 6
    },
    {
      "hour": "2026-05-21 00:00:00",
      "total": 102,
      "successful": 100,
      "failed": 2
    },
    {
      "hour": "2026-05-21 01:00:00",
      "total": 97,
      "successful": 93,
      "failed": 4
    },
    {
      "hour": "2026-05-21 02:00:00",
      "total": 77,
      "successful": 75,
      "failed": 2
    },
    {
      "hour": "2026-05-21 03:00:00",
      "total": 78,
      "successful": 75,
      "failed": 3
    },
    {
      "hour": "2026-05-21 04:00:00",
      "total": 49,
      "successful": 47,
      "failed": 2
    },
    {
      "hour": "2026-05-21 05:00:00",
      "total": 33,
      "successful": 32,
      "failed": 1
    },
    {
      "hour": "2026-05-21 06:00:00",
      "total": 12,
      "successful": 11,
      "failed": 1
    },
    {
      "hour": "2026-05-21 07:00:00",
      "total": 10,
      "successful": 10,
      "failed": 0
    },
    {
      "hour": "2026-05-21 08:00:00",
      "total": 5,
      "successful": 5,
      "failed": 0
    },
    {
      "hour": "2026-05-21 09:00:00",
      "total": 2,
      "successful": 2,
      "failed": 0
    },
    {
      "hour": "2026-05-21 10:00:00",
      "total": 11,
      "successful": 11,
      "failed": 0
    },
    {
      "hour": "2026-05-21 11:00:00",
      "total": 13,
      "successful": 12,
      "failed": 1
    },
    {
      "hour": "2026-05-21 12:00:00",
      "total": 21,
      "successful": 21,
      "failed": 0
    },
    {
      "hour": "2026-05-21 13:00:00",
      "total": 41,
      "successful": 39,
      "failed": 2
    },
    {
      "hour": "2026-05-21 14:00:00",
      "total": 75,
      "successful": 71,
      "failed": 4
    },
    {
      "hour": "2026-05-21 15:00:00",
      "total": 89,
      "successful": 88,
      "failed": 1
    },
    {
      "hour": "2026-05-21 16:00:00",
      "total": 104,
      "successful": 101,
      "failed": 3
    },
    {
      "hour": "2026-05-21 17:00:00",
      "total": 112,
      "successful": 106,
      "failed": 6
    },
    {
      "hour": "2026-05-21 18:00:00",
      "total": 120,
      "successful": 115,
      "failed": 5
    },
    {
      "hour": "2026-05-21 19:00:00",
      "total": 143,
      "successful": 130,
      "failed": 13
    },
    {
      "hour": "2026-05-21 20:00:00",
      "total": 110,
      "successful": 107,
      "failed": 3
    },
    {
      "hour": "2026-05-21 21:00:00",
      "total": 8,
      "successful": 8,
      "failed": 0
    }
  ],
  "top_failure_reasons": [
    {
      "reason": "Hotel.Express.Book: Booking failed due to CC failure",
      "count": 15,
      "adapters": "PRICELINE_HOTEL"
    },
    {
      "reason": "Provided card number is invalid.",
      "count": 9,
      "adapters": "EAN_RAPID"
    },
    {
      "reason": "Pnr has not been created successfully, see remaining messages for detailsEnhancedhotelbookrq: unable to perform hotel booking step. see below messages for details.. updatereservationrq: $invalid cc checksum$ (code: 3009)",
      "count": 6,
      "adapters": "SABRE_HOTEL"
    },
    {
      "reason": "Credit card is expired.",
      "count": 4,
      "adapters": "EAN_RAPID"
    },
    {
      "reason": "Hotel.Express.Contract: Rates not found",
      "count": 3,
      "adapters": "PRICELINE_HOTEL"
    },
    {
      "reason": "One or more requested rooms are unavailable.",
      "count": 3,
      "adapters": "EAN_RAPID"
    },
    {
      "reason": "This room rate is no longer available. Please select another room.",
      "count": 2,
      "adapters": "ATI"
    },
    {
      "reason": "The payment has been refused, please retry with a different credit card.",
      "count": 2,
      "adapters": "BEDS_ONLINE"
    },
    {
      "reason": "Pnr has not been created successfully, see remaining messages for detailsEnhancedhotelbookrq: hotel booking segment status is unconfirmed. please retry the transaction.. updatereservationrq: invalid loyalty id (code: warn.5136)",
      "count": 2,
      "adapters": "SABRE_HOTEL"
    },
    {
      "reason": "We apologize, but there has been an increase in the cost for your selected rate. Your price has increased by 6.25 USD.",
      "count": 1,
      "adapters": "SABRE_HOTEL"
    }
  ]
}
Archived existing dashboard → index_20260521_170304.html
[2/4] Generating dashboard...
Dashboard saved to: /Users/jayaprasadkakkassery/myExperements/my-dashboard/index.html
Open in browser:    open /Users/jayaprasadkakkassery/myExperements/my-dashboard/index.html
[3/4] Pushing to GitHub Pages...
[gh-pages e1f19e2] Dashboard refresh (Last 24 hour(s) · All licensees & adapters) - 2026-05-21 17:03:04
 2 files changed, 595 insertions(+), 84 deletions(-)
 create mode 100644 index_20260521_170304.html
[4/4] Done!

============================================
 Dashboard live at:
 https://jaykakkassery.github.io/my-dashboard
 Range  : Last 24 hour(s)
 Filters: · All licensees & adapters
 Updated: Thu May 21 17:03:06 EDT 2026
============================================
============================================
 TST Booking Dashboard - Refreshing...
 Range  : Last 24 hour(s)
 Filters: · All licensees & adapters
============================================
[1/4] Querying database (Last 24 hour(s) · All licensees & adapters)...
{
  "status": "ok",
  "generated_at": "2026-05-21 22:03:14 UTC",
  "interval_hours": 24,
  "filters": {
    "licensee_id": "all",
    "adapter_name": "all"
  },
  "summary": {
    "total": 1617,
    "successful": 1552,
    "failed": 65,
    "failure_pct": 4.02,
    "success_pct": 95.98,
    "cc_failed": 22,
    "cc_pct_of_failures": 33.85,
    "non_cc_failed": 43,
    "non_cc_failure_pct": 2.7
  },
  "by_adapter": [
    {
      "adapter": "SABRE_HOTEL",
      "total": 730,
      "successful": 715,
      "failed": 15,
      "failure_pct": 2.05
    },
    {
      "adapter": "EAN_RAPID",
      "total": 588,
      "successful": 564,
      "failed": 24,
      "failure_pct": 4.08
    },
    {
      "adapter": "PRICELINE_HOTEL",
      "total": 215,
      "successful": 194,
      "failed": 21,
      "failure_pct": 9.77
    },
    {
      "adapter": "BEDS_ONLINE",
      "total": 45,
      "successful": 42,
      "failed": 3,
      "failure_pct": 6.67
    },
    {
      "adapter": "ATI",
      "total": 31,
      "successful": 29,
      "failed": 2,
      "failure_pct": 6.45
    },
    {
      "adapter": "GWS",
      "total": 8,
      "successful": 8,
      "failed": 0,
      "failure_pct": 0.0
    }
  ],
  "by_licensee": [
    {
      "licensee_id": 72,
      "total": 275,
      "successful": 264,
      "failed": 11,
      "failure_pct": 4.0
    },
    {
      "licensee_id": 49,
      "total": 260,
      "successful": 247,
      "failed": 13,
      "failure_pct": 5.0
    },
    {
      "licensee_id": 1,
      "total": 215,
      "successful": 206,
      "failed": 9,
      "failure_pct": 4.19
    },
    {
      "licensee_id": 34,
      "total": 194,
      "successful": 189,
      "failed": 5,
      "failure_pct": 2.58
    },
    {
      "licensee_id": 40,
      "total": 116,
      "successful": 109,
      "failed": 7,
      "failure_pct": 6.03
    },
    {
      "licensee_id": 50,
      "total": 81,
      "successful": 79,
      "failed": 2,
      "failure_pct": 2.47
    },
    {
      "licensee_id": 57,
      "total": 81,
      "successful": 77,
      "failed": 4,
      "failure_pct": 4.94
    },
    {
      "licensee_id": 39,
      "total": 60,
      "successful": 57,
      "failed": 3,
      "failure_pct": 5.0
    },
    {
      "licensee_id": 3,
      "total": 59,
      "successful": 55,
      "failed": 4,
      "failure_pct": 6.78
    },
    {
      "licensee_id": 55,
      "total": 47,
      "successful": 46,
      "failed": 1,
      "failure_pct": 2.13
    }
  ],
  "hourly_trend": [
    {
      "hour": "2026-05-20 22:00:00",
      "total": 102,
      "successful": 100,
      "failed": 2
    },
    {
      "hour": "2026-05-20 23:00:00",
      "total": 95,
      "successful": 89,
      "failed": 6
    },
    {
      "hour": "2026-05-21 00:00:00",
      "total": 102,
      "successful": 100,
      "failed": 2
    },
    {
      "hour": "2026-05-21 01:00:00",
      "total": 97,
      "successful": 93,
      "failed": 4
    },
    {
      "hour": "2026-05-21 02:00:00",
      "total": 77,
      "successful": 75,
      "failed": 2
    },
    {
      "hour": "2026-05-21 03:00:00",
      "total": 78,
      "successful": 75,
      "failed": 3
    },
    {
      "hour": "2026-05-21 04:00:00",
      "total": 49,
      "successful": 47,
      "failed": 2
    },
    {
      "hour": "2026-05-21 05:00:00",
      "total": 33,
      "successful": 32,
      "failed": 1
    },
    {
      "hour": "2026-05-21 06:00:00",
      "total": 12,
      "successful": 11,
      "failed": 1
    },
    {
      "hour": "2026-05-21 07:00:00",
      "total": 10,
      "successful": 10,
      "failed": 0
    },
    {
      "hour": "2026-05-21 08:00:00",
      "total": 5,
      "successful": 5,
      "failed": 0
    },
    {
      "hour": "2026-05-21 09:00:00",
      "total": 2,
      "successful": 2,
      "failed": 0
    },
    {
      "hour": "2026-05-21 10:00:00",
      "total": 11,
      "successful": 11,
      "failed": 0
    },
    {
      "hour": "2026-05-21 11:00:00",
      "total": 13,
      "successful": 12,
      "failed": 1
    },
    {
      "hour": "2026-05-21 12:00:00",
      "total": 21,
      "successful": 21,
      "failed": 0
    },
    {
      "hour": "2026-05-21 13:00:00",
      "total": 41,
      "successful": 39,
      "failed": 2
    },
    {
      "hour": "2026-05-21 14:00:00",
      "total": 75,
      "successful": 71,
      "failed": 4
    },
    {
      "hour": "2026-05-21 15:00:00",
      "total": 89,
      "successful": 88,
      "failed": 1
    },
    {
      "hour": "2026-05-21 16:00:00",
      "total": 104,
      "successful": 101,
      "failed": 3
    },
    {
      "hour": "2026-05-21 17:00:00",
      "total": 112,
      "successful": 106,
      "failed": 6
    },
    {
      "hour": "2026-05-21 18:00:00",
      "total": 120,
      "successful": 115,
      "failed": 5
    },
    {
      "hour": "2026-05-21 19:00:00",
      "total": 143,
      "successful": 130,
      "failed": 13
    },
    {
      "hour": "2026-05-21 20:00:00",
      "total": 110,
      "successful": 107,
      "failed": 3
    },
    {
      "hour": "2026-05-21 21:00:00",
      "total": 113,
      "successful": 109,
      "failed": 4
    },
    {
      "hour": "2026-05-21 22:00:00",
      "total": 3,
      "successful": 3,
      "failed": 0
    }
  ],
  "top_failure_reasons": [
    {
      "reason": "Hotel.Express.Book: Booking failed due to CC failure",
      "count": 15,
      "adapters": "PRICELINE_HOTEL"
    },
    {
      "reason": "Provided card number is invalid.",
      "count": 10,
      "adapters": "EAN_RAPID"
    },
    {
      "reason": "Pnr has not been created successfully, see remaining messages for detailsEnhancedhotelbookrq: unable to perform hotel booking step. see below messages for details.. updatereservationrq: $invalid cc checksum$ (code: 3009)",
      "count": 6,
      "adapters": "SABRE_HOTEL"
    },
    {
      "reason": "Credit card is expired.",
      "count": 4,
      "adapters": "EAN_RAPID"
    },
    {
      "reason": "Hotel.Express.Contract: Rates not found",
      "count": 3,
      "adapters": "PRICELINE_HOTEL"
    },
    {
      "reason": "One or more requested rooms are unavailable.",
      "count": 3,
      "adapters": "EAN_RAPID"
    },
    {
      "reason": "Pnr has not been created successfully, see remaining messages for detailsEnhancedhotelbookrq: hotel booking segment status is unconfirmed. please retry the transaction.. updatereservationrq: invalid loyalty id (code: warn.5136)",
      "count": 2,
      "adapters": "SABRE_HOTEL"
    },
    {
      "reason": "The payment has been refused, please retry with a different credit card.",
      "count": 2,
      "adapters": "BEDS_ONLINE"
    },
    {
      "reason": "This room rate is no longer available. Please select another room.",
      "count": 2,
      "adapters": "ATI"
    },
    {
      "reason": "We're sorry, but we haven't received a response from the vendor on the status of your booking. Please do not attempt to book again as your booking may be confirmed in the vendor's system. Please contact AAA Club Alliance at 1-844-961-4028 or email cl",
      "count": 1,
      "adapters": "EAN_RAPID"
    }
  ]
}
Archived existing dashboard → index_20260521_180314.html
[2/4] Generating dashboard...
Dashboard saved to: /Users/jayaprasadkakkassery/myExperements/my-dashboard/index.html
Open in browser:    open /Users/jayaprasadkakkassery/myExperements/my-dashboard/index.html
[3/4] Pushing to GitHub Pages...
[gh-pages 533ebc1] Dashboard refresh (Last 24 hour(s) · All licensees & adapters) - 2026-05-21 18:03:14
 2 files changed, 617 insertions(+), 106 deletions(-)
 create mode 100644 index_20260521_180314.html
[4/4] Done!

============================================
 Dashboard live at:
 https://jaykakkassery.github.io/my-dashboard
 Range  : Last 24 hour(s)
 Filters: · All licensees & adapters
 Updated: Thu May 21 18:03:16 EDT 2026
============================================
============================================
 TST Booking Dashboard - Refreshing...
 Range  : Last 24 hour(s)
 Filters: · All licensees & adapters
============================================
[1/4] Querying database (Last 24 hour(s) · All licensees & adapters)...
{
  "status": "ok",
  "generated_at": "2026-05-21 23:03:21 UTC",
  "interval_hours": 24,
  "filters": {
    "licensee_id": "all",
    "adapter_name": "all"
  },
  "summary": {
    "total": 1625,
    "successful": 1558,
    "failed": 67,
    "failure_pct": 4.12,
    "success_pct": 95.88,
    "cc_failed": 24,
    "cc_pct_of_failures": 35.82,
    "non_cc_failed": 43,
    "non_cc_failure_pct": 2.69
  },
  "by_adapter": [
    {
      "adapter": "SABRE_HOTEL",
      "total": 726,
      "successful": 712,
      "failed": 14,
      "failure_pct": 1.93
    },
    {
      "adapter": "EAN_RAPID",
      "total": 591,
      "successful": 566,
      "failed": 25,
      "failure_pct": 4.23
    },
    {
      "adapter": "PRICELINE_HOTEL",
      "total": 226,
      "successful": 202,
      "failed": 24,
      "failure_pct": 10.62
    },
    {
      "adapter": "BEDS_ONLINE",
      "total": 44,
      "successful": 42,
      "failed": 2,
      "failure_pct": 4.55
    },
    {
      "adapter": "ATI",
      "total": 31,
      "successful": 29,
      "failed": 2,
      "failure_pct": 6.45
    },
    {
      "adapter": "GWS",
      "total": 7,
      "successful": 7,
      "failed": 0,
      "failure_pct": 0.0
    }
  ],
  "by_licensee": [
    {
      "licensee_id": 72,
      "total": 266,
      "successful": 254,
      "failed": 12,
      "failure_pct": 4.51
    },
    {
      "licensee_id": 49,
      "total": 263,
      "successful": 249,
      "failed": 14,
      "failure_pct": 5.32
    },
    {
      "licensee_id": 1,
      "total": 208,
      "successful": 200,
      "failed": 8,
      "failure_pct": 3.85
    },
    {
      "licensee_id": 34,
      "total": 202,
      "successful": 197,
      "failed": 5,
      "failure_pct": 2.48
    },
    {
      "licensee_id": 40,
      "total": 117,
      "successful": 109,
      "failed": 8,
      "failure_pct": 6.84
    },
    {
      "licensee_id": 57,
      "total": 84,
      "successful": 80,
      "failed": 4,
      "failure_pct": 4.76
    },
    {
      "licensee_id": 50,
      "total": 82,
      "successful": 82,
      "failed": 0,
      "failure_pct": 0.0
    },
    {
      "licensee_id": 3,
      "total": 63,
      "successful": 60,
      "failed": 3,
      "failure_pct": 4.76
    },
    {
      "licensee_id": 39,
      "total": 58,
      "successful": 55,
      "failed": 3,
      "failure_pct": 5.17
    },
    {
      "licensee_id": 55,
      "total": 48,
      "successful": 47,
      "failed": 1,
      "failure_pct": 2.08
    }
  ],
  "hourly_trend": [
    {
      "hour": "2026-05-20 23:00:00",
      "total": 93,
      "successful": 88,
      "failed": 5
    },
    {
      "hour": "2026-05-21 00:00:00",
      "total": 102,
      "successful": 100,
      "failed": 2
    },
    {
      "hour": "2026-05-21 01:00:00",
      "total": 97,
      "successful": 93,
      "failed": 4
    },
    {
      "hour": "2026-05-21 02:00:00",
      "total": 77,
      "successful": 75,
      "failed": 2
    },
    {
      "hour": "2026-05-21 03:00:00",
      "total": 78,
      "successful": 75,
      "failed": 3
    },
    {
      "hour": "2026-05-21 04:00:00",
      "total": 49,
      "successful": 47,
      "failed": 2
    },
    {
      "hour": "2026-05-21 05:00:00",
      "total": 33,
      "successful": 32,
      "failed": 1
    },
    {
      "hour": "2026-05-21 06:00:00",
      "total": 12,
      "successful": 11,
      "failed": 1
    },
    {
      "hour": "2026-05-21 07:00:00",
      "total": 10,
      "successful": 10,
      "failed": 0
    },
    {
      "hour": "2026-05-21 08:00:00",
      "total": 5,
      "successful": 5,
      "failed": 0
    },
    {
      "hour": "2026-05-21 09:00:00",
      "total": 2,
      "successful": 2,
      "failed": 0
    },
    {
      "hour": "2026-05-21 10:00:00",
      "total": 11,
      "successful": 11,
      "failed": 0
    },
    {
      "hour": "2026-05-21 11:00:00",
      "total": 13,
      "successful": 12,
      "failed": 1
    },
    {
      "hour": "2026-05-21 12:00:00",
      "total": 21,
      "successful": 21,
      "failed": 0
    },
    {
      "hour": "2026-05-21 13:00:00",
      "total": 41,
      "successful": 39,
      "failed": 2
    },
    {
      "hour": "2026-05-21 14:00:00",
      "total": 75,
      "successful": 71,
      "failed": 4
    },
    {
      "hour": "2026-05-21 15:00:00",
      "total": 89,
      "successful": 88,
      "failed": 1
    },
    {
      "hour": "2026-05-21 16:00:00",
      "total": 104,
      "successful": 101,
      "failed": 3
    },
    {
      "hour": "2026-05-21 17:00:00",
      "total": 112,
      "successful": 106,
      "failed": 6
    },
    {
      "hour": "2026-05-21 18:00:00",
      "total": 120,
      "successful": 115,
      "failed": 5
    },
    {
      "hour": "2026-05-21 19:00:00",
      "total": 143,
      "successful": 130,
      "failed": 13
    },
    {
      "hour": "2026-05-21 20:00:00",
      "total": 110,
      "successful": 107,
      "failed": 3
    },
    {
      "hour": "2026-05-21 21:00:00",
      "total": 111,
      "successful": 109,
      "failed": 2
    },
    {
      "hour": "2026-05-21 22:00:00",
      "total": 112,
      "successful": 105,
      "failed": 7
    },
    {
      "hour": "2026-05-21 23:00:00",
      "total": 5,
      "successful": 5,
      "failed": 0
    }
  ],
  "top_failure_reasons": [
    {
      "reason": "Hotel.Express.Book: Booking failed due to CC failure",
      "count": 16,
      "adapters": "PRICELINE_HOTEL"
    },
    {
      "reason": "Provided card number is invalid.",
      "count": 10,
      "adapters": "EAN_RAPID"
    },
    {
      "reason": "Credit card is expired.",
      "count": 7,
      "adapters": "EAN_RAPID"
    },
    {
      "reason": "Pnr has not been created successfully, see remaining messages for detailsEnhancedhotelbookrq: unable to perform hotel booking step. see below messages for details.. updatereservationrq: $invalid cc checksum$ (code: 3009)",
      "count": 6,
      "adapters": "SABRE_HOTEL"
    },
    {
      "reason": "Hotel.Express.Book: Requested room is not available",
      "count": 3,
      "adapters": "PRICELINE_HOTEL"
    },
    {
      "reason": "Hotel.Express.Contract: Rates not found",
      "count": 3,
      "adapters": "PRICELINE_HOTEL"
    },
    {
      "reason": "One or more requested rooms are unavailable.",
      "count": 3,
      "adapters": "EAN_RAPID"
    },
    {
      "reason": "Pnr has not been created successfully, see remaining messages for detailsEnhancedhotelbookrq: hotel booking segment status is unconfirmed. please retry the transaction.. updatereservationrq: invalid loyalty id (code: warn.5136)",
      "count": 2,
      "adapters": "SABRE_HOTEL"
    },
    {
      "reason": "This room rate is no longer available. Please select another room.",
      "count": 2,
      "adapters": "ATI"
    },
    {
      "reason": "The payment could not be processed. The card holder should contact their issuing bank for more information.",
      "count": 1,
      "adapters": "EAN_RAPID"
    }
  ]
}
Archived existing dashboard → index_20260521_190321.html
[2/4] Generating dashboard...
Dashboard saved to: /Users/jayaprasadkakkassery/myExperements/my-dashboard/index.html
Open in browser:    open /Users/jayaprasadkakkassery/myExperements/my-dashboard/index.html
[3/4] Pushing to GitHub Pages...
[gh-pages cd063de] Dashboard refresh (Last 24 hour(s) · All licensees & adapters) - 2026-05-21 19:03:21
 2 files changed, 621 insertions(+), 110 deletions(-)
 create mode 100644 index_20260521_190321.html
[4/4] Done!

============================================
 Dashboard live at:
 https://jaykakkassery.github.io/my-dashboard
 Range  : Last 24 hour(s)
 Filters: · All licensees & adapters
 Updated: Thu May 21 19:03:23 EDT 2026
============================================
============================================
 TST Booking Dashboard - Refreshing...
 Range  : Last 24 hour(s)
 Filters: · All licensees & adapters
============================================
[1/4] Querying database (Last 24 hour(s) · All licensees & adapters)...
{
  "status": "ok",
  "generated_at": "2026-05-22 00:03:31 UTC",
  "interval_hours": 24,
  "filters": {
    "licensee_id": "all",
    "adapter_name": "all"
  },
  "summary": {
    "total": 1622,
    "successful": 1552,
    "failed": 70,
    "failure_pct": 4.32,
    "success_pct": 95.68,
    "cc_failed": 26,
    "cc_pct_of_failures": 37.14,
    "non_cc_failed": 44,
    "non_cc_failure_pct": 2.76
  },
  "by_adapter": [
    {
      "adapter": "SABRE_HOTEL",
      "total": 734,
      "successful": 720,
      "failed": 14,
      "failure_pct": 1.91
    },
    {
      "adapter": "EAN_RAPID",
      "total": 580,
      "successful": 553,
      "failed": 27,
      "failure_pct": 4.66
    },
    {
      "adapter": "PRICELINE_HOTEL",
      "total": 218,
      "successful": 195,
      "failed": 23,
      "failure_pct": 10.55
    },
    {
      "adapter": "BEDS_ONLINE",
      "total": 46,
      "successful": 44,
      "failed": 2,
      "failure_pct": 4.35
    },
    {
      "adapter": "ATI",
      "total": 37,
      "successful": 33,
      "failed": 4,
      "failure_pct": 10.81
    },
    {
      "adapter": "GWS",
      "total": 7,
      "successful": 7,
      "failed": 0,
      "failure_pct": 0.0
    }
  ],
  "by_licensee": [
    {
      "licensee_id": 72,
      "total": 264,
      "successful": 252,
      "failed": 12,
      "failure_pct": 4.55
    },
    {
      "licensee_id": 49,
      "total": 257,
      "successful": 246,
      "failed": 11,
      "failure_pct": 4.28
    },
    {
      "licensee_id": 1,
      "total": 209,
      "successful": 197,
      "failed": 12,
      "failure_pct": 5.74
    },
    {
      "licensee_id": 34,
      "total": 208,
      "successful": 203,
      "failed": 5,
      "failure_pct": 2.4
    },
    {
      "licensee_id": 40,
      "total": 112,
      "successful": 103,
      "failed": 9,
      "failure_pct": 8.04
    },
    {
      "licensee_id": 50,
      "total": 84,
      "successful": 84,
      "failed": 0,
      "failure_pct": 0.0
    },
    {
      "licensee_id": 57,
      "total": 82,
      "successful": 78,
      "failed": 4,
      "failure_pct": 4.88
    },
    {
      "licensee_id": 3,
      "total": 60,
      "successful": 57,
      "failed": 3,
      "failure_pct": 5.0
    },
    {
      "licensee_id": 39,
      "total": 57,
      "successful": 54,
      "failed": 3,
      "failure_pct": 5.26
    },
    {
      "licensee_id": 55,
      "total": 47,
      "successful": 47,
      "failed": 0,
      "failure_pct": 0.0
    }
  ],
  "hourly_trend": [
    {
      "hour": "2026-05-21 00:00:00",
      "total": 98,
      "successful": 96,
      "failed": 2
    },
    {
      "hour": "2026-05-21 01:00:00",
      "total": 97,
      "successful": 93,
      "failed": 4
    },
    {
      "hour": "2026-05-21 02:00:00",
      "total": 77,
      "successful": 75,
      "failed": 2
    },
    {
      "hour": "2026-05-21 03:00:00",
      "total": 78,
      "successful": 75,
      "failed": 3
    },
    {
      "hour": "2026-05-21 04:00:00",
      "total": 49,
      "successful": 47,
      "failed": 2
    },
    {
      "hour": "2026-05-21 05:00:00",
      "total": 33,
      "successful": 32,
      "failed": 1
    },
    {
      "hour": "2026-05-21 06:00:00",
      "total": 12,
      "successful": 11,
      "failed": 1
    },
    {
      "hour": "2026-05-21 07:00:00",
      "total": 10,
      "successful": 10,
      "failed": 0
    },
    {
      "hour": "2026-05-21 08:00:00",
      "total": 5,
      "successful": 5,
      "failed": 0
    },
    {
      "hour": "2026-05-21 09:00:00",
      "total": 2,
      "successful": 2,
      "failed": 0
    },
    {
      "hour": "2026-05-21 10:00:00",
      "total": 11,
      "successful": 11,
      "failed": 0
    },
    {
      "hour": "2026-05-21 11:00:00",
      "total": 13,
      "successful": 12,
      "failed": 1
    },
    {
      "hour": "2026-05-21 12:00:00",
      "total": 21,
      "successful": 21,
      "failed": 0
    },
    {
      "hour": "2026-05-21 13:00:00",
      "total": 41,
      "successful": 39,
      "failed": 2
    },
    {
      "hour": "2026-05-21 14:00:00",
      "total": 75,
      "successful": 71,
      "failed": 4
    },
    {
      "hour": "2026-05-21 15:00:00",
      "total": 89,
      "successful": 88,
      "failed": 1
    },
    {
      "hour": "2026-05-21 16:00:00",
      "total": 104,
      "successful": 101,
      "failed": 3
    },
    {
      "hour": "2026-05-21 17:00:00",
      "total": 112,
      "successful": 106,
      "failed": 6
    },
    {
      "hour": "2026-05-21 18:00:00",
      "total": 120,
      "successful": 115,
      "failed": 5
    },
    {
      "hour": "2026-05-21 19:00:00",
      "total": 143,
      "successful": 130,
      "failed": 13
    },
    {
      "hour": "2026-05-21 20:00:00",
      "total": 110,
      "successful": 107,
      "failed": 3
    },
    {
      "hour": "2026-05-21 21:00:00",
      "total": 111,
      "successful": 109,
      "failed": 2
    },
    {
      "hour": "2026-05-21 22:00:00",
      "total": 112,
      "successful": 105,
      "failed": 7
    },
    {
      "hour": "2026-05-21 23:00:00",
      "total": 92,
      "successful": 86,
      "failed": 6
    },
    {
      "hour": "2026-05-22 00:00:00",
      "total": 7,
      "successful": 5,
      "failed": 2
    }
  ],
  "top_failure_reasons": [
    {
      "reason": "Hotel.Express.Book: Booking failed due to CC failure",
      "count": 14,
      "adapters": "PRICELINE_HOTEL"
    },
    {
      "reason": "Provided card number is invalid.",
      "count": 9,
      "adapters": "EAN_RAPID"
    },
    {
      "reason": "Credit card is expired.",
      "count": 7,
      "adapters": "EAN_RAPID"
    },
    {
      "reason": "Pnr has not been created successfully, see remaining messages for detailsEnhancedhotelbookrq: unable to perform hotel booking step. see below messages for details.. updatereservationrq: $invalid cc checksum$ (code: 3009)",
      "count": 6,
      "adapters": "SABRE_HOTEL"
    },
    {
      "reason": "Hotel.Express.Book: Requested room is not available",
      "count": 4,
      "adapters": "PRICELINE_HOTEL"
    },
    {
      "reason": "One or more requested rooms are unavailable.",
      "count": 4,
      "adapters": "EAN_RAPID"
    },
    {
      "reason": "Hotel.Express.Contract: Rates not found",
      "count": 3,
      "adapters": "PRICELINE_HOTEL"
    },
    {
      "reason": "This room rate is no longer available. Please select another room.",
      "count": 2,
      "adapters": "ATI"
    },
    {
      "reason": "Pnr has not been created successfully, see remaining messages for detailsEnhancedhotelbookrq: hotel booking segment status is unconfirmed. please retry the transaction.. updatereservationrq: invalid loyalty id (code: warn.5136)",
      "count": 2,
      "adapters": "SABRE_HOTEL"
    },
    {
      "reason": "The payment could not be processed because of insufficient funds.",
      "count": 2,
      "adapters": "EAN_RAPID"
    }
  ]
}
Archived existing dashboard → index_20260521_200331.html
[2/4] Generating dashboard...
Dashboard saved to: /Users/jayaprasadkakkassery/myExperements/my-dashboard/index.html
Open in browser:    open /Users/jayaprasadkakkassery/myExperements/my-dashboard/index.html
[3/4] Pushing to GitHub Pages...
[gh-pages 51c9131] Dashboard refresh (Last 24 hour(s) · All licensees & adapters) - 2026-05-21 20:03:31
 2 files changed, 621 insertions(+), 110 deletions(-)
 create mode 100644 index_20260521_200331.html
[4/4] Done!

============================================
 Dashboard live at:
 https://jaykakkassery.github.io/my-dashboard
 Range  : Last 24 hour(s)
 Filters: · All licensees & adapters
 Updated: Thu May 21 20:03:33 EDT 2026
============================================
============================================
 TST Booking Dashboard - Refreshing...
 Range  : Last 24 hour(s)
 Filters: · All licensees & adapters
============================================
[1/4] Querying database (Last 24 hour(s) · All licensees & adapters)...
{
  "status": "ok",
  "generated_at": "2026-05-22 01:03:39 UTC",
  "interval_hours": 24,
  "filters": {
    "licensee_id": "all",
    "adapter_name": "all"
  },
  "summary": {
    "total": 1611,
    "successful": 1543,
    "failed": 68,
    "failure_pct": 4.22,
    "success_pct": 95.78,
    "cc_failed": 23,
    "cc_pct_of_failures": 33.82,
    "non_cc_failed": 45,
    "non_cc_failure_pct": 2.83
  },
  "by_adapter": [
    {
      "adapter": "SABRE_HOTEL",
      "total": 729,
      "successful": 715,
      "failed": 14,
      "failure_pct": 1.92
    },
    {
      "adapter": "EAN_RAPID",
      "total": 570,
      "successful": 545,
      "failed": 25,
      "failure_pct": 4.39
    },
    {
      "adapter": "PRICELINE_HOTEL",
      "total": 217,
      "successful": 195,
      "failed": 22,
      "failure_pct": 10.14
    },
    {
      "adapter": "BEDS_ONLINE",
      "total": 49,
      "successful": 46,
      "failed": 3,
      "failure_pct": 6.12
    },
    {
      "adapter": "ATI",
      "total": 39,
      "successful": 35,
      "failed": 4,
      "failure_pct": 10.26
    },
    {
      "adapter": "GWS",
      "total": 7,
      "successful": 7,
      "failed": 0,
      "failure_pct": 0.0
    }
  ],
  "by_licensee": [
    {
      "licensee_id": 49,
      "total": 270,
      "successful": 258,
      "failed": 12,
      "failure_pct": 4.44
    },
    {
      "licensee_id": 72,
      "total": 260,
      "successful": 249,
      "failed": 11,
      "failure_pct": 4.23
    },
    {
      "licensee_id": 1,
      "total": 206,
      "successful": 195,
      "failed": 11,
      "failure_pct": 5.34
    },
    {
      "licensee_id": 34,
      "total": 198,
      "successful": 194,
      "failed": 4,
      "failure_pct": 2.02
    },
    {
      "licensee_id": 40,
      "total": 111,
      "successful": 102,
      "failed": 9,
      "failure_pct": 8.11
    },
    {
      "licensee_id": 57,
      "total": 85,
      "successful": 81,
      "failed": 4,
      "failure_pct": 4.71
    },
    {
      "licensee_id": 50,
      "total": 83,
      "successful": 83,
      "failed": 0,
      "failure_pct": 0.0
    },
    {
      "licensee_id": 39,
      "total": 61,
      "successful": 58,
      "failed": 3,
      "failure_pct": 4.92
    },
    {
      "licensee_id": 3,
      "total": 61,
      "successful": 58,
      "failed": 3,
      "failure_pct": 4.92
    },
    {
      "licensee_id": 55,
      "total": 45,
      "successful": 45,
      "failed": 0,
      "failure_pct": 0.0
    }
  ],
  "hourly_trend": [
    {
      "hour": "2026-05-21 01:00:00",
      "total": 91,
      "successful": 87,
      "failed": 4
    },
    {
      "hour": "2026-05-21 02:00:00",
      "total": 77,
      "successful": 75,
      "failed": 2
    },
    {
      "hour": "2026-05-21 03:00:00",
      "total": 78,
      "successful": 75,
      "failed": 3
    },
    {
      "hour": "2026-05-21 04:00:00",
      "total": 49,
      "successful": 47,
      "failed": 2
    },
    {
      "hour": "2026-05-21 05:00:00",
      "total": 33,
      "successful": 32,
      "failed": 1
    },
    {
      "hour": "2026-05-21 06:00:00",
      "total": 12,
      "successful": 11,
      "failed": 1
    },
    {
      "hour": "2026-05-21 07:00:00",
      "total": 10,
      "successful": 10,
      "failed": 0
    },
    {
      "hour": "2026-05-21 08:00:00",
      "total": 5,
      "successful": 5,
      "failed": 0
    },
    {
      "hour": "2026-05-21 09:00:00",
      "total": 2,
      "successful": 2,
      "failed": 0
    },
    {
      "hour": "2026-05-21 10:00:00",
      "total": 11,
      "successful": 11,
      "failed": 0
    },
    {
      "hour": "2026-05-21 11:00:00",
      "total": 13,
      "successful": 12,
      "failed": 1
    },
    {
      "hour": "2026-05-21 12:00:00",
      "total": 21,
      "successful": 21,
      "failed": 0
    },
    {
      "hour": "2026-05-21 13:00:00",
      "total": 41,
      "successful": 39,
      "failed": 2
    },
    {
      "hour": "2026-05-21 14:00:00",
      "total": 75,
      "successful": 71,
      "failed": 4
    },
    {
      "hour": "2026-05-21 15:00:00",
      "total": 89,
      "successful": 88,
      "failed": 1
    },
    {
      "hour": "2026-05-21 16:00:00",
      "total": 104,
      "successful": 101,
      "failed": 3
    },
    {
      "hour": "2026-05-21 17:00:00",
      "total": 112,
      "successful": 106,
      "failed": 6
    },
    {
      "hour": "2026-05-21 18:00:00",
      "total": 120,
      "successful": 115,
      "failed": 5
    },
    {
      "hour": "2026-05-21 19:00:00",
      "total": 143,
      "successful": 130,
      "failed": 13
    },
    {
      "hour": "2026-05-21 20:00:00",
      "total": 110,
      "successful": 107,
      "failed": 3
    },
    {
      "hour": "2026-05-21 21:00:00",
      "total": 111,
      "successful": 109,
      "failed": 2
    },
    {
      "hour": "2026-05-21 22:00:00",
      "total": 112,
      "successful": 105,
      "failed": 7
    },
    {
      "hour": "2026-05-21 23:00:00",
      "total": 90,
      "successful": 86,
      "failed": 4
    },
    {
      "hour": "2026-05-22 00:00:00",
      "total": 97,
      "successful": 93,
      "failed": 4
    },
    {
      "hour": "2026-05-22 01:00:00",
      "total": 5,
      "successful": 5,
      "failed": 0
    }
  ],
  "top_failure_reasons": [
    {
      "reason": "Hotel.Express.Book: Booking failed due to CC failure",
      "count": 13,
      "adapters": "PRICELINE_HOTEL"
    },
    {
      "reason": "Provided card number is invalid.",
      "count": 8,
      "adapters": "EAN_RAPID"
    },
    {
      "reason": "Credit card is expired.",
      "count": 7,
      "adapters": "EAN_RAPID"
    },
    {
      "reason": "Pnr has not been created successfully, see remaining messages for detailsEnhancedhotelbookrq: unable to perform hotel booking step. see below messages for details.. updatereservationrq: $invalid cc checksum$ (code: 3009)",
      "count": 6,
      "adapters": "SABRE_HOTEL"
    },
    {
      "reason": "One or more requested rooms are unavailable.",
      "count": 5,
      "adapters": "EAN_RAPID"
    },
    {
      "reason": "Hotel.Express.Book: Requested room is not available",
      "count": 4,
      "adapters": "PRICELINE_HOTEL"
    },
    {
      "reason": "Hotel.Express.Contract: Rates not found",
      "count": 3,
      "adapters": "PRICELINE_HOTEL"
    },
    {
      "reason": "Pnr has not been created successfully, see remaining messages for detailsEnhancedhotelbookrq: hotel booking segment status is unconfirmed. please retry the transaction.. updatereservationrq: invalid loyalty id (code: warn.5136)",
      "count": 2,
      "adapters": "SABRE_HOTEL"
    },
    {
      "reason": "This room rate is no longer available. Please select another room.",
      "count": 2,
      "adapters": "ATI"
    },
    {
      "reason": "Pnr has not been created successfully, see remaining messages for detailsEnhancedhotelbookrq: unable to perform hotel booking step. see below messages for details.. updatereservationrq: nghp.err.0450: hotelresservice unknown problem. (code: 4)",
      "count": 1,
      "adapters": "SABRE_HOTEL"
    }
  ]
}
Archived existing dashboard → index_20260521_210339.html
[2/4] Generating dashboard...
Dashboard saved to: /Users/jayaprasadkakkassery/myExperements/my-dashboard/index.html
Open in browser:    open /Users/jayaprasadkakkassery/myExperements/my-dashboard/index.html
[3/4] Pushing to GitHub Pages...
[gh-pages ba83727] Dashboard refresh (Last 24 hour(s) · All licensees & adapters) - 2026-05-21 21:03:40
 2 files changed, 621 insertions(+), 110 deletions(-)
 create mode 100644 index_20260521_210339.html
[4/4] Done!

============================================
 Dashboard live at:
 https://jaykakkassery.github.io/my-dashboard
 Range  : Last 24 hour(s)
 Filters: · All licensees & adapters
 Updated: Thu May 21 21:03:41 EDT 2026
============================================
============================================
 TST Booking Dashboard - Refreshing...
 Range  : Last 24 hour(s)
 Filters: · All licensees & adapters
============================================
[1/4] Querying database (Last 24 hour(s) · All licensees & adapters)...
{
  "status": "error",
  "error": "2003 (HY000): Can't connect to MySQL server on 'mysqlread.prod.infra.tstllc.net:3306' (60)"
}
Archived existing dashboard → index_20260521_220356.html
[2/4] Generating dashboard...
Dashboard saved to: /Users/jayaprasadkakkassery/myExperements/my-dashboard/index.html
Open in browser:    open /Users/jayaprasadkakkassery/myExperements/my-dashboard/index.html
[3/4] Pushing to GitHub Pages...
[gh-pages 27b95e3] Dashboard refresh (Last 24 hour(s) · All licensees & adapters) - 2026-05-21 22:03:56
 2 files changed, 514 insertions(+), 511 deletions(-)
 create mode 100644 index_20260521_220356.html
[4/4] Done!

============================================
 Dashboard live at:
 https://jaykakkassery.github.io/my-dashboard
 Range  : Last 24 hour(s)
 Filters: · All licensees & adapters
 Updated: Thu May 21 22:03:58 EDT 2026
============================================
============================================
 TST Booking Dashboard - Refreshing...
 Range  : Last 24 hour(s)
 Filters: · All licensees & adapters
============================================
[1/4] Querying database (Last 24 hour(s) · All licensees & adapters)...
{
  "status": "error",
  "error": "2003 (HY000): Can't connect to MySQL server on 'mysqlread.prod.infra.tstllc.net:3306' (60)"
}
Archived existing dashboard → index_20260521_230415.html
[2/4] Generating dashboard...
Dashboard saved to: /Users/jayaprasadkakkassery/myExperements/my-dashboard/index.html
Open in browser:    open /Users/jayaprasadkakkassery/myExperements/my-dashboard/index.html
[3/4] Pushing to GitHub Pages...
[gh-pages 1ee66d8] Dashboard refresh (Last 24 hour(s) · All licensees & adapters) - 2026-05-21 23:04:15
 1 file changed, 3 insertions(+)
 create mode 100644 index_20260521_230415.html
[4/4] Done!

============================================
 Dashboard live at:
 https://jaykakkassery.github.io/my-dashboard
 Range  : Last 24 hour(s)
 Filters: · All licensees & adapters
 Updated: Thu May 21 23:04:17 EDT 2026
============================================
============================================
 TST Booking Dashboard - Refreshing...
 Range  : Last 24 hour(s)
 Filters: · All licensees & adapters
============================================
[1/4] Querying database (Last 24 hour(s) · All licensees & adapters)...
{
  "status": "error",
  "error": "2003 (HY000): Can't connect to MySQL server on 'mysqlread.prod.infra.tstllc.net:3306' (60)"
}
Archived existing dashboard → index_20260522_000433.html
[2/4] Generating dashboard...
Dashboard saved to: /Users/jayaprasadkakkassery/myExperements/my-dashboard/index.html
Open in browser:    open /Users/jayaprasadkakkassery/myExperements/my-dashboard/index.html
[3/4] Pushing to GitHub Pages...
[gh-pages 8ffad6b] Dashboard refresh (Last 24 hour(s) · All licensees & adapters) - 2026-05-22 00:04:33
 1 file changed, 3 insertions(+)
 create mode 100644 index_20260522_000433.html
[4/4] Done!

============================================
 Dashboard live at:
 https://jaykakkassery.github.io/my-dashboard
 Range  : Last 24 hour(s)
 Filters: · All licensees & adapters
 Updated: Fri May 22 00:04:35 EDT 2026
============================================
============================================
 TST Booking Dashboard - Refreshing...
 Range  : Last 24 hour(s)
 Filters: · All licensees & adapters
============================================
[1/4] Querying database (Last 24 hour(s) · All licensees & adapters)...
{
  "status": "error",
  "error": "2003 (HY000): Can't connect to MySQL server on 'mysqlread.prod.infra.tstllc.net:3306' (60)"
}
Archived existing dashboard → index_20260522_010452.html
[2/4] Generating dashboard...
Dashboard saved to: /Users/jayaprasadkakkassery/myExperements/my-dashboard/index.html
Open in browser:    open /Users/jayaprasadkakkassery/myExperements/my-dashboard/index.html
[3/4] Pushing to GitHub Pages...
[gh-pages ee7208e] Dashboard refresh (Last 24 hour(s) · All licensees & adapters) - 2026-05-22 01:04:52
 1 file changed, 3 insertions(+)
 create mode 100644 index_20260522_010452.html
[4/4] Done!

============================================
 Dashboard live at:
 https://jaykakkassery.github.io/my-dashboard
 Range  : Last 24 hour(s)
 Filters: · All licensees & adapters
 Updated: Fri May 22 01:04:54 EDT 2026
============================================
============================================
 TST Booking Dashboard - Refreshing...
 Range  : Last 24 hour(s)
 Filters: · All licensees & adapters
============================================
[1/4] Querying database (Last 24 hour(s) · All licensees & adapters)...
{
  "status": "error",
  "error": "2003 (HY000): Can't connect to MySQL server on 'mysqlread.prod.infra.tstllc.net:3306' (60)"
}
Archived existing dashboard → index_20260522_020508.html
[2/4] Generating dashboard...
Dashboard saved to: /Users/jayaprasadkakkassery/myExperements/my-dashboard/index.html
Open in browser:    open /Users/jayaprasadkakkassery/myExperements/my-dashboard/index.html
[3/4] Pushing to GitHub Pages...
[gh-pages 4e5bd46] Dashboard refresh (Last 24 hour(s) · All licensees & adapters) - 2026-05-22 02:05:09
 1 file changed, 3 insertions(+)
 create mode 100644 index_20260522_020508.html
[4/4] Done!

============================================
 Dashboard live at:
 https://jaykakkassery.github.io/my-dashboard
 Range  : Last 24 hour(s)
 Filters: · All licensees & adapters
 Updated: Fri May 22 02:05:10 EDT 2026
============================================
============================================
 TST Booking Dashboard - Refreshing...
 Range  : Last 24 hour(s)
 Filters: · All licensees & adapters
============================================
[1/4] Querying database (Last 24 hour(s) · All licensees & adapters)...
{
  "status": "error",
  "error": "2003 (HY000): Can't connect to MySQL server on 'mysqlread.prod.infra.tstllc.net:3306' (60)"
}
Archived existing dashboard → index_20260522_030525.html
[2/4] Generating dashboard...
Dashboard saved to: /Users/jayaprasadkakkassery/myExperements/my-dashboard/index.html
Open in browser:    open /Users/jayaprasadkakkassery/myExperements/my-dashboard/index.html
[3/4] Pushing to GitHub Pages...
[gh-pages b7fdeb6] Dashboard refresh (Last 24 hour(s) · All licensees & adapters) - 2026-05-22 03:05:25
 1 file changed, 3 insertions(+)
 create mode 100644 index_20260522_030525.html
[4/4] Done!

============================================
 Dashboard live at:
 https://jaykakkassery.github.io/my-dashboard
 Range  : Last 24 hour(s)
 Filters: · All licensees & adapters
 Updated: Fri May 22 03:05:26 EDT 2026
============================================
============================================
 TST Booking Dashboard - Refreshing...
 Range  : Last 24 hour(s)
 Filters: · All licensees & adapters
============================================
[1/4] Querying database (Last 24 hour(s) · All licensees & adapters)...
{
  "status": "error",
  "error": "2003 (HY000): Can't connect to MySQL server on 'mysqlread.prod.infra.tstllc.net:3306' (60)"
}
Archived existing dashboard → index_20260522_040544.html
[2/4] Generating dashboard...
Dashboard saved to: /Users/jayaprasadkakkassery/myExperements/my-dashboard/index.html
Open in browser:    open /Users/jayaprasadkakkassery/myExperements/my-dashboard/index.html
[3/4] Pushing to GitHub Pages...
[gh-pages 9014c86] Dashboard refresh (Last 24 hour(s) · All licensees & adapters) - 2026-05-22 04:05:45
 1 file changed, 3 insertions(+)
 create mode 100644 index_20260522_040544.html
[4/4] Done!

============================================
 Dashboard live at:
 https://jaykakkassery.github.io/my-dashboard
 Range  : Last 24 hour(s)
 Filters: · All licensees & adapters
 Updated: Fri May 22 04:05:46 EDT 2026
============================================
============================================
 TST Booking Dashboard - Refreshing...
 Range  : Last 24 hour(s)
 Filters: · All licensees & adapters
============================================
[1/4] Querying database (Last 24 hour(s) · All licensees & adapters)...
{
  "status": "error",
  "error": "2003 (HY000): Can't connect to MySQL server on 'mysqlread.prod.infra.tstllc.net:3306' (60)"
}
Archived existing dashboard → index_20260522_050600.html
[2/4] Generating dashboard...
Dashboard saved to: /Users/jayaprasadkakkassery/myExperements/my-dashboard/index.html
Open in browser:    open /Users/jayaprasadkakkassery/myExperements/my-dashboard/index.html
[3/4] Pushing to GitHub Pages...
[gh-pages b5dbaf3] Dashboard refresh (Last 24 hour(s) · All licensees & adapters) - 2026-05-22 05:06:01
 1 file changed, 3 insertions(+)
 create mode 100644 index_20260522_050600.html
[4/4] Done!

============================================
 Dashboard live at:
 https://jaykakkassery.github.io/my-dashboard
 Range  : Last 24 hour(s)
 Filters: · All licensees & adapters
 Updated: Fri May 22 05:06:02 EDT 2026
============================================
============================================
 TST Booking Dashboard - Refreshing...
 Range  : Last 24 hour(s)
 Filters: · All licensees & adapters
============================================
[1/4] Querying database (Last 24 hour(s) · All licensees & adapters)...
{
  "status": "error",
  "error": "2003 (HY000): Can't connect to MySQL server on 'mysqlread.prod.infra.tstllc.net:3306' (60)"
}
Archived existing dashboard → index_20260522_060618.html
[2/4] Generating dashboard...
Dashboard saved to: /Users/jayaprasadkakkassery/myExperements/my-dashboard/index.html
Open in browser:    open /Users/jayaprasadkakkassery/myExperements/my-dashboard/index.html
[3/4] Pushing to GitHub Pages...
[gh-pages 6a5252f] Dashboard refresh (Last 24 hour(s) · All licensees & adapters) - 2026-05-22 06:06:18
 1 file changed, 3 insertions(+)
 create mode 100644 index_20260522_060618.html
[4/4] Done!

============================================
 Dashboard live at:
 https://jaykakkassery.github.io/my-dashboard
 Range  : Last 24 hour(s)
 Filters: · All licensees & adapters
 Updated: Fri May 22 06:06:19 EDT 2026
============================================
============================================
 TST Booking Dashboard - Refreshing...
 Range  : Last 24 hour(s)
 Filters: · All licensees & adapters
============================================
[1/4] Querying database (Last 24 hour(s) · All licensees & adapters)...
{
  "status": "error",
  "error": "2003 (HY000): Can't connect to MySQL server on 'mysqlread.prod.infra.tstllc.net:3306' (60)"
}
Archived existing dashboard → index_20260522_070634.html
[2/4] Generating dashboard...
Dashboard saved to: /Users/jayaprasadkakkassery/myExperements/my-dashboard/index.html
Open in browser:    open /Users/jayaprasadkakkassery/myExperements/my-dashboard/index.html
[3/4] Pushing to GitHub Pages...
[gh-pages 53f4725] Dashboard refresh (Last 24 hour(s) · All licensees & adapters) - 2026-05-22 07:06:34
 1 file changed, 3 insertions(+)
 create mode 100644 index_20260522_070634.html
[4/4] Done!

============================================
 Dashboard live at:
 https://jaykakkassery.github.io/my-dashboard
 Range  : Last 24 hour(s)
 Filters: · All licensees & adapters
 Updated: Fri May 22 07:06:37 EDT 2026
============================================
============================================
 TST Booking Dashboard - Refreshing...
 Range  : Last 24 hour(s)
 Filters: · All licensees & adapters
============================================
[1/4] Querying database (Last 24 hour(s) · All licensees & adapters)...
{
  "status": "error",
  "error": "2003 (HY000): Can't connect to MySQL server on 'mysqlread.prod.infra.tstllc.net:3306' (60)"
}
Archived existing dashboard → index_20260522_080653.html
[2/4] Generating dashboard...
Dashboard saved to: /Users/jayaprasadkakkassery/myExperements/my-dashboard/index.html
Open in browser:    open /Users/jayaprasadkakkassery/myExperements/my-dashboard/index.html
[3/4] Pushing to GitHub Pages...
[gh-pages 1bc40b2] Dashboard refresh (Last 24 hour(s) · All licensees & adapters) - 2026-05-22 08:06:53
 1 file changed, 3 insertions(+)
 create mode 100644 index_20260522_080653.html
[4/4] Done!

============================================
 Dashboard live at:
 https://jaykakkassery.github.io/my-dashboard
 Range  : Last 24 hour(s)
 Filters: · All licensees & adapters
 Updated: Fri May 22 08:06:55 EDT 2026
============================================
============================================
 TST Booking Dashboard - Refreshing...
 Range  : Last 24 hour(s)
 Filters: · All licensees & adapters
============================================
[1/4] Querying database (Last 24 hour(s) · All licensees & adapters)...
{
  "status": "error",
  "error": "2003 (HY000): Can't connect to MySQL server on 'mysqlread.prod.infra.tstllc.net:3306' (60)"
}
Archived existing dashboard → index_20260522_090709.html
[2/4] Generating dashboard...
Dashboard saved to: /Users/jayaprasadkakkassery/myExperements/my-dashboard/index.html
Open in browser:    open /Users/jayaprasadkakkassery/myExperements/my-dashboard/index.html
[3/4] Pushing to GitHub Pages...
[gh-pages 74ce37a] Dashboard refresh (Last 24 hour(s) · All licensees & adapters) - 2026-05-22 09:07:09
 1 file changed, 3 insertions(+)
 create mode 100644 index_20260522_090709.html
[4/4] Done!

============================================
 Dashboard live at:
 https://jaykakkassery.github.io/my-dashboard
 Range  : Last 24 hour(s)
 Filters: · All licensees & adapters
 Updated: Fri May 22 09:07:11 EDT 2026
============================================
============================================
 TST Booking Dashboard - Refreshing...
 Range  : Last 24 hour(s)
 Filters: · All licensees & adapters
============================================
[1/4] Querying database (Last 24 hour(s) · All licensees & adapters)...
{
  "status": "ok",
  "generated_at": "2026-05-22 14:07:18 UTC",
  "interval_hours": 24,
  "filters": {
    "licensee_id": "all",
    "adapter_name": "all"
  },
  "summary": {
    "total": 1633,
    "successful": 1566,
    "failed": 67,
    "failure_pct": 4.1,
    "success_pct": 95.9,
    "cc_failed": 28,
    "cc_pct_of_failures": 41.79,
    "non_cc_failed": 39,
    "non_cc_failure_pct": 2.43
  },
  "by_adapter": [
    {
      "adapter": "SABRE_HOTEL",
      "total": 725,
      "successful": 714,
      "failed": 11,
      "failure_pct": 1.52
    },
    {
      "adapter": "EAN_RAPID",
      "total": 590,
      "successful": 560,
      "failed": 30,
      "failure_pct": 5.08
    },
    {
      "adapter": "PRICELINE_HOTEL",
      "total": 233,
      "successful": 213,
      "failed": 20,
      "failure_pct": 8.58
    },
    {
      "adapter": "BEDS_ONLINE",
      "total": 43,
      "successful": 40,
      "failed": 3,
      "failure_pct": 6.98
    },
    {
      "adapter": "ATI",
      "total": 35,
      "successful": 32,
      "failed": 3,
      "failure_pct": 8.57
    },
    {
      "adapter": "GWS",
      "total": 7,
      "successful": 7,
      "failed": 0,
      "failure_pct": 0.0
    }
  ],
  "by_licensee": [
    {
      "licensee_id": 49,
      "total": 289,
      "successful": 275,
      "failed": 14,
      "failure_pct": 4.84
    },
    {
      "licensee_id": 72,
      "total": 255,
      "successful": 246,
      "failed": 9,
      "failure_pct": 3.53
    },
    {
      "licensee_id": 1,
      "total": 207,
      "successful": 200,
      "failed": 7,
      "failure_pct": 3.38
    },
    {
      "licensee_id": 34,
      "total": 195,
      "successful": 192,
      "failed": 3,
      "failure_pct": 1.54
    },
    {
      "licensee_id": 40,
      "total": 122,
      "successful": 110,
      "failed": 12,
      "failure_pct": 9.84
    },
    {
      "licensee_id": 50,
      "total": 87,
      "successful": 87,
      "failed": 0,
      "failure_pct": 0.0
    },
    {
      "licensee_id": 3,
      "total": 77,
      "successful": 74,
      "failed": 3,
      "failure_pct": 3.9
    },
    {
      "licensee_id": 57,
      "total": 74,
      "successful": 72,
      "failed": 2,
      "failure_pct": 2.7
    },
    {
      "licensee_id": 39,
      "total": 52,
      "successful": 49,
      "failed": 3,
      "failure_pct": 5.77
    },
    {
      "licensee_id": 43,
      "total": 48,
      "successful": 43,
      "failed": 5,
      "failure_pct": 10.42
    }
  ],
  "hourly_trend": [
    {
      "hour": "2026-05-21 14:00:00",
      "total": 68,
      "successful": 64,
      "failed": 4
    },
    {
      "hour": "2026-05-21 15:00:00",
      "total": 89,
      "successful": 88,
      "failed": 1
    },
    {
      "hour": "2026-05-21 16:00:00",
      "total": 104,
      "successful": 101,
      "failed": 3
    },
    {
      "hour": "2026-05-21 17:00:00",
      "total": 112,
      "successful": 106,
      "failed": 6
    },
    {
      "hour": "2026-05-21 18:00:00",
      "total": 120,
      "successful": 115,
      "failed": 5
    },
    {
      "hour": "2026-05-21 19:00:00",
      "total": 143,
      "successful": 130,
      "failed": 13
    },
    {
      "hour": "2026-05-21 20:00:00",
      "total": 110,
      "successful": 107,
      "failed": 3
    },
    {
      "hour": "2026-05-21 21:00:00",
      "total": 111,
      "successful": 109,
      "failed": 2
    },
    {
      "hour": "2026-05-21 22:00:00",
      "total": 112,
      "successful": 105,
      "failed": 7
    },
    {
      "hour": "2026-05-21 23:00:00",
      "total": 90,
      "successful": 86,
      "failed": 4
    },
    {
      "hour": "2026-05-22 00:00:00",
      "total": 97,
      "successful": 93,
      "failed": 4
    },
    {
      "hour": "2026-05-22 01:00:00",
      "total": 88,
      "successful": 85,
      "failed": 3
    },
    {
      "hour": "2026-05-22 02:00:00",
      "total": 110,
      "successful": 105,
      "failed": 5
    },
    {
      "hour": "2026-05-22 03:00:00",
      "total": 57,
      "successful": 55,
      "failed": 2
    },
    {
      "hour": "2026-05-22 04:00:00",
      "total": 50,
      "successful": 49,
      "failed": 1
    },
    {
      "hour": "2026-05-22 05:00:00",
      "total": 33,
      "successful": 32,
      "failed": 1
    },
    {
      "hour": "2026-05-22 06:00:00",
      "total": 26,
      "successful": 26,
      "failed": 0
    },
    {
      "hour": "2026-05-22 07:00:00",
      "total": 12,
      "successful": 12,
      "failed": 0
    },
    {
      "hour": "2026-05-22 08:00:00",
      "total": 4,
      "successful": 4,
      "failed": 0
    },
    {
      "hour": "2026-05-22 09:00:00",
      "total": 8,
      "successful": 8,
      "failed": 0
    },
    {
      "hour": "2026-05-22 10:00:00",
      "total": 7,
      "successful": 6,
      "failed": 1
    },
    {
      "hour": "2026-05-22 11:00:00",
      "total": 16,
      "successful": 14,
      "failed": 2
    },
    {
      "hour": "2026-05-22 12:00:00",
      "total": 16,
      "successful": 16,
      "failed": 0
    },
    {
      "hour": "2026-05-22 13:00:00",
      "total": 43,
      "successful": 43,
      "failed": 0
    },
    {
      "hour": "2026-05-22 14:00:00",
      "total": 7,
      "successful": 7,
      "failed": 0
    }
  ],
  "top_failure_reasons": [
    {
      "reason": "Hotel.Express.Book: Booking failed due to CC failure",
      "count": 10,
      "adapters": "PRICELINE_HOTEL"
    },
    {
      "reason": "Provided card number is invalid.",
      "count": 10,
      "adapters": "EAN_RAPID"
    },
    {
      "reason": "Credit card is expired.",
      "count": 8,
      "adapters": "EAN_RAPID"
    },
    {
      "reason": "One or more requested rooms are unavailable.",
      "count": 6,
      "adapters": "EAN_RAPID"
    },
    {
      "reason": "Hotel.Express.Book: Requested room is not available",
      "count": 5,
      "adapters": "PRICELINE_HOTEL"
    },
    {
      "reason": "Pnr has not been created successfully, see remaining messages for detailsEnhancedhotelbookrq: unable to perform hotel booking step. see below messages for details.. updatereservationrq: $invalid cc checksum$ (code: 3009)",
      "count": 4,
      "adapters": "SABRE_HOTEL"
    },
    {
      "reason": "Hotel.Express.Contract: Rates not found",
      "count": 3,
      "adapters": "PRICELINE_HOTEL"
    },
    {
      "reason": "The payment could not be processed due to suspected fraud. The card holder should contact their issuing bank for more information.",
      "count": 3,
      "adapters": "EAN_RAPID"
    },
    {
      "reason": "Pnr has not been created successfully, see remaining messages for detailsEnhancedhotelbookrq: hotel booking segment status is unconfirmed. please retry the transaction.. updatereservationrq: invalid loyalty id (code: warn.5136)",
      "count": 2,
      "adapters": "SABRE_HOTEL"
    },
    {
      "reason": "We apologize, but there has been an increase in the cost for your selected rate. Your price has increased by 7.36 USD.",
      "count": 1,
      "adapters": "SABRE_HOTEL"
    }
  ]
}
Archived existing dashboard → index_20260522_100718.html
[2/4] Generating dashboard...
Dashboard saved to: /Users/jayaprasadkakkassery/myExperements/my-dashboard/index.html
Open in browser:    open /Users/jayaprasadkakkassery/myExperements/my-dashboard/index.html
[3/4] Pushing to GitHub Pages...
[gh-pages 45d5205] Dashboard refresh (Last 24 hour(s) · All licensees & adapters) - 2026-05-22 10:07:18
 2 files changed, 514 insertions(+), 3 deletions(-)
 create mode 100644 index_20260522_100718.html
[4/4] Done!

============================================
 Dashboard live at:
 https://jaykakkassery.github.io/my-dashboard
 Range  : Last 24 hour(s)
 Filters: · All licensees & adapters
 Updated: Fri May 22 10:07:20 EDT 2026
============================================
============================================
 TST Booking Dashboard - Refreshing...
 Range  : Last 24 hour(s)
 Filters: · All licensees & adapters
============================================
[1/4] Querying database (Last 24 hour(s) · All licensees & adapters)...
{
  "status": "ok",
  "generated_at": "2026-05-22 15:07:27 UTC",
  "interval_hours": 24,
  "filters": {
    "licensee_id": "all",
    "adapter_name": "all"
  },
  "summary": {
    "total": 1624,
    "successful": 1560,
    "failed": 64,
    "failure_pct": 3.94,
    "success_pct": 96.06,
    "cc_failed": 27,
    "cc_pct_of_failures": 42.19,
    "non_cc_failed": 37,
    "non_cc_failure_pct": 2.32
  },
  "by_adapter": [
    {
      "adapter": "SABRE_HOTEL",
      "total": 718,
      "successful": 707,
      "failed": 11,
      "failure_pct": 1.53
    },
    {
      "adapter": "EAN_RAPID",
      "total": 590,
      "successful": 560,
      "failed": 30,
      "failure_pct": 5.08
    },
    {
      "adapter": "PRICELINE_HOTEL",
      "total": 235,
      "successful": 216,
      "failed": 19,
      "failure_pct": 8.09
    },
    {
      "adapter": "BEDS_ONLINE",
      "total": 42,
      "successful": 40,
      "failed": 2,
      "failure_pct": 4.76
    },
    {
      "adapter": "ATI",
      "total": 32,
      "successful": 30,
      "failed": 2,
      "failure_pct": 6.25
    },
    {
      "adapter": "GWS",
      "total": 7,
      "successful": 7,
      "failed": 0,
      "failure_pct": 0.0
    }
  ],
  "by_licensee": [
    {
      "licensee_id": 49,
      "total": 279,
      "successful": 266,
      "failed": 13,
      "failure_pct": 4.66
    },
    {
      "licensee_id": 72,
      "total": 257,
      "successful": 247,
      "failed": 10,
      "failure_pct": 3.89
    },
    {
      "licensee_id": 1,
      "total": 208,
      "successful": 201,
      "failed": 7,
      "failure_pct": 3.37
    },
    {
      "licensee_id": 34,
      "total": 195,
      "successful": 192,
      "failed": 3,
      "failure_pct": 1.54
    },
    {
      "licensee_id": 40,
      "total": 119,
      "successful": 108,
      "failed": 11,
      "failure_pct": 9.24
    },
    {
      "licensee_id": 57,
      "total": 88,
      "successful": 86,
      "failed": 2,
      "failure_pct": 2.27
    },
    {
      "licensee_id": 50,
      "total": 84,
      "successful": 84,
      "failed": 0,
      "failure_pct": 0.0
    },
    {
      "licensee_id": 3,
      "total": 76,
      "successful": 74,
      "failed": 2,
      "failure_pct": 2.63
    },
    {
      "licensee_id": 43,
      "total": 48,
      "successful": 43,
      "failed": 5,
      "failure_pct": 10.42
    },
    {
      "licensee_id": 39,
      "total": 48,
      "successful": 45,
      "failed": 3,
      "failure_pct": 6.25
    }
  ],
  "hourly_trend": [
    {
      "hour": "2026-05-21 15:00:00",
      "total": 78,
      "successful": 77,
      "failed": 1
    },
    {
      "hour": "2026-05-21 16:00:00",
      "total": 104,
      "successful": 101,
      "failed": 3
    },
    {
      "hour": "2026-05-21 17:00:00",
      "total": 112,
      "successful": 106,
      "failed": 6
    },
    {
      "hour": "2026-05-21 18:00:00",
      "total": 120,
      "successful": 115,
      "failed": 5
    },
    {
      "hour": "2026-05-21 19:00:00",
      "total": 143,
      "successful": 130,
      "failed": 13
    },
    {
      "hour": "2026-05-21 20:00:00",
      "total": 110,
      "successful": 107,
      "failed": 3
    },
    {
      "hour": "2026-05-21 21:00:00",
      "total": 111,
      "successful": 109,
      "failed": 2
    },
    {
      "hour": "2026-05-21 22:00:00",
      "total": 112,
      "successful": 105,
      "failed": 7
    },
    {
      "hour": "2026-05-21 23:00:00",
      "total": 90,
      "successful": 86,
      "failed": 4
    },
    {
      "hour": "2026-05-22 00:00:00",
      "total": 97,
      "successful": 93,
      "failed": 4
    },
    {
      "hour": "2026-05-22 01:00:00",
      "total": 88,
      "successful": 85,
      "failed": 3
    },
    {
      "hour": "2026-05-22 02:00:00",
      "total": 110,
      "successful": 105,
      "failed": 5
    },
    {
      "hour": "2026-05-22 03:00:00",
      "total": 57,
      "successful": 55,
      "failed": 2
    },
    {
      "hour": "2026-05-22 04:00:00",
      "total": 50,
      "successful": 49,
      "failed": 1
    },
    {
      "hour": "2026-05-22 05:00:00",
      "total": 33,
      "successful": 32,
      "failed": 1
    },
    {
      "hour": "2026-05-22 06:00:00",
      "total": 26,
      "successful": 26,
      "failed": 0
    },
    {
      "hour": "2026-05-22 07:00:00",
      "total": 12,
      "successful": 12,
      "failed": 0
    },
    {
      "hour": "2026-05-22 08:00:00",
      "total": 4,
      "successful": 4,
      "failed": 0
    },
    {
      "hour": "2026-05-22 09:00:00",
      "total": 8,
      "successful": 8,
      "failed": 0
    },
    {
      "hour": "2026-05-22 10:00:00",
      "total": 7,
      "successful": 6,
      "failed": 1
    },
    {
      "hour": "2026-05-22 11:00:00",
      "total": 16,
      "successful": 14,
      "failed": 2
    },
    {
      "hour": "2026-05-22 12:00:00",
      "total": 16,
      "successful": 16,
      "failed": 0
    },
    {
      "hour": "2026-05-22 13:00:00",
      "total": 43,
      "successful": 43,
      "failed": 0
    },
    {
      "hour": "2026-05-22 14:00:00",
      "total": 54,
      "successful": 53,
      "failed": 1
    },
    {
      "hour": "2026-05-22 15:00:00",
      "total": 23,
      "successful": 23,
      "failed": 0
    }
  ],
  "top_failure_reasons": [
    {
      "reason": "Hotel.Express.Book: Booking failed due to CC failure",
      "count": 10,
      "adapters": "PRICELINE_HOTEL"
    },
    {
      "reason": "Provided card number is invalid.",
      "count": 10,
      "adapters": "EAN_RAPID"
    },
    {
      "reason": "Credit card is expired.",
      "count": 8,
      "adapters": "EAN_RAPID"
    },
    {
      "reason": "One or more requested rooms are unavailable.",
      "count": 6,
      "adapters": "EAN_RAPID"
    },
    {
      "reason": "Hotel.Express.Book: Requested room is not available",
      "count": 5,
      "adapters": "PRICELINE_HOTEL"
    },
    {
      "reason": "Pnr has not been created successfully, see remaining messages for detailsEnhancedhotelbookrq: unable to perform hotel booking step. see below messages for details.. updatereservationrq: $invalid cc checksum$ (code: 3009)",
      "count": 4,
      "adapters": "SABRE_HOTEL"
    },
    {
      "reason": "The payment could not be processed due to suspected fraud. The card holder should contact their issuing bank for more information.",
      "count": 3,
      "adapters": "EAN_RAPID"
    },
    {
      "reason": "Pnr has not been created successfully, see remaining messages for detailsEnhancedhotelbookrq: hotel booking segment status is unconfirmed. please retry the transaction.. updatereservationrq: invalid loyalty id (code: warn.5136)",
      "count": 2,
      "adapters": "SABRE_HOTEL"
    },
    {
      "reason": "Hotel.Express.Contract: Rates not found",
      "count": 2,
      "adapters": "PRICELINE_HOTEL"
    },
    {
      "reason": "The payment could not be processed because of insufficient funds.",
      "count": 1,
      "adapters": "EAN_RAPID"
    }
  ]
}
Archived existing dashboard → index_20260522_110727.html
[2/4] Generating dashboard...
Dashboard saved to: /Users/jayaprasadkakkassery/myExperements/my-dashboard/index.html
Open in browser:    open /Users/jayaprasadkakkassery/myExperements/my-dashboard/index.html
[3/4] Pushing to GitHub Pages...
[gh-pages 94967b8] Dashboard refresh (Last 24 hour(s) · All licensees & adapters) - 2026-05-22 11:07:27
 2 files changed, 612 insertions(+), 101 deletions(-)
 create mode 100644 index_20260522_110727.html
[4/4] Done!

============================================
 Dashboard live at:
 https://jaykakkassery.github.io/my-dashboard
 Range  : Last 24 hour(s)
 Filters: · All licensees & adapters
 Updated: Fri May 22 11:07:30 EDT 2026
============================================
============================================
 TST Booking Dashboard - Refreshing...
 Range  : Last 24 hour(s)
 Filters: · All licensees & adapters
============================================
[1/4] Querying database (Last 24 hour(s) · All licensees & adapters)...
{
  "status": "ok",
  "generated_at": "2026-05-22 16:07:36 UTC",
  "interval_hours": 24,
  "filters": {
    "licensee_id": "all",
    "adapter_name": "all"
  },
  "summary": {
    "total": 1625,
    "successful": 1562,
    "failed": 63,
    "failure_pct": 3.88,
    "success_pct": 96.12,
    "cc_failed": 25,
    "cc_pct_of_failures": 39.68,
    "non_cc_failed": 38,
    "non_cc_failure_pct": 2.38
  },
  "by_adapter": [
    {
      "adapter": "SABRE_HOTEL",
      "total": 721,
      "successful": 710,
      "failed": 11,
      "failure_pct": 1.53
    },
    {
      "adapter": "EAN_RAPID",
      "total": 587,
      "successful": 558,
      "failed": 29,
      "failure_pct": 4.94
    },
    {
      "adapter": "PRICELINE_HOTEL",
      "total": 239,
      "successful": 220,
      "failed": 19,
      "failure_pct": 7.95
    },
    {
      "adapter": "BEDS_ONLINE",
      "total": 40,
      "successful": 38,
      "failed": 2,
      "failure_pct": 5.0
    },
    {
      "adapter": "ATI",
      "total": 31,
      "successful": 29,
      "failed": 2,
      "failure_pct": 6.45
    },
    {
      "adapter": "GWS",
      "total": 7,
      "successful": 7,
      "failed": 0,
      "failure_pct": 0.0
    }
  ],
  "by_licensee": [
    {
      "licensee_id": 49,
      "total": 283,
      "successful": 270,
      "failed": 13,
      "failure_pct": 4.59
    },
    {
      "licensee_id": 72,
      "total": 257,
      "successful": 247,
      "failed": 10,
      "failure_pct": 3.89
    },
    {
      "licensee_id": 1,
      "total": 209,
      "successful": 201,
      "failed": 8,
      "failure_pct": 3.83
    },
    {
      "licensee_id": 34,
      "total": 197,
      "successful": 195,
      "failed": 2,
      "failure_pct": 1.02
    },
    {
      "licensee_id": 40,
      "total": 114,
      "successful": 103,
      "failed": 11,
      "failure_pct": 9.65
    },
    {
      "licensee_id": 57,
      "total": 91,
      "successful": 89,
      "failed": 2,
      "failure_pct": 2.2
    },
    {
      "licensee_id": 50,
      "total": 81,
      "successful": 81,
      "failed": 0,
      "failure_pct": 0.0
    },
    {
      "licensee_id": 3,
      "total": 77,
      "successful": 75,
      "failed": 2,
      "failure_pct": 2.6
    },
    {
      "licensee_id": 43,
      "total": 48,
      "successful": 43,
      "failed": 5,
      "failure_pct": 10.42
    },
    {
      "licensee_id": 39,
      "total": 43,
      "successful": 41,
      "failed": 2,
      "failure_pct": 4.65
    }
  ],
  "hourly_trend": [
    {
      "hour": "2026-05-21 16:00:00",
      "total": 88,
      "successful": 86,
      "failed": 2
    },
    {
      "hour": "2026-05-21 17:00:00",
      "total": 112,
      "successful": 106,
      "failed": 6
    },
    {
      "hour": "2026-05-21 18:00:00",
      "total": 120,
      "successful": 115,
      "failed": 5
    },
    {
      "hour": "2026-05-21 19:00:00",
      "total": 143,
      "successful": 130,
      "failed": 13
    },
    {
      "hour": "2026-05-21 20:00:00",
      "total": 110,
      "successful": 107,
      "failed": 3
    },
    {
      "hour": "2026-05-21 21:00:00",
      "total": 111,
      "successful": 109,
      "failed": 2
    },
    {
      "hour": "2026-05-21 22:00:00",
      "total": 112,
      "successful": 105,
      "failed": 7
    },
    {
      "hour": "2026-05-21 23:00:00",
      "total": 90,
      "successful": 86,
      "failed": 4
    },
    {
      "hour": "2026-05-22 00:00:00",
      "total": 97,
      "successful": 93,
      "failed": 4
    },
    {
      "hour": "2026-05-22 01:00:00",
      "total": 88,
      "successful": 85,
      "failed": 3
    },
    {
      "hour": "2026-05-22 02:00:00",
      "total": 110,
      "successful": 105,
      "failed": 5
    },
    {
      "hour": "2026-05-22 03:00:00",
      "total": 57,
      "successful": 55,
      "failed": 2
    },
    {
      "hour": "2026-05-22 04:00:00",
      "total": 50,
      "successful": 49,
      "failed": 1
    },
    {
      "hour": "2026-05-22 05:00:00",
      "total": 33,
      "successful": 32,
      "failed": 1
    },
    {
      "hour": "2026-05-22 06:00:00",
      "total": 26,
      "successful": 26,
      "failed": 0
    },
    {
      "hour": "2026-05-22 07:00:00",
      "total": 12,
      "successful": 12,
      "failed": 0
    },
    {
      "hour": "2026-05-22 08:00:00",
      "total": 4,
      "successful": 4,
      "failed": 0
    },
    {
      "hour": "2026-05-22 09:00:00",
      "total": 8,
      "successful": 8,
      "failed": 0
    },
    {
      "hour": "2026-05-22 10:00:00",
      "total": 7,
      "successful": 6,
      "failed": 1
    },
    {
      "hour": "2026-05-22 11:00:00",
      "total": 16,
      "successful": 14,
      "failed": 2
    },
    {
      "hour": "2026-05-22 12:00:00",
      "total": 16,
      "successful": 16,
      "failed": 0
    },
    {
      "hour": "2026-05-22 13:00:00",
      "total": 43,
      "successful": 43,
      "failed": 0
    },
    {
      "hour": "2026-05-22 14:00:00",
      "total": 54,
      "successful": 53,
      "failed": 1
    },
    {
      "hour": "2026-05-22 15:00:00",
      "total": 110,
      "successful": 109,
      "failed": 1
    },
    {
      "hour": "2026-05-22 16:00:00",
      "total": 8,
      "successful": 8,
      "failed": 0
    }
  ],
  "top_failure_reasons": [
    {
      "reason": "Hotel.Express.Book: Booking failed due to CC failure",
      "count": 10,
      "adapters": "PRICELINE_HOTEL"
    },
    {
      "reason": "Provided card number is invalid.",
      "count": 9,
      "adapters": "EAN_RAPID"
    },
    {
      "reason": "Credit card is expired.",
      "count": 8,
      "adapters": "EAN_RAPID"
    },
    {
      "reason": "One or more requested rooms are unavailable.",
      "count": 7,
      "adapters": "EAN_RAPID"
    },
    {
      "reason": "Hotel.Express.Book: Requested room is not available",
      "count": 5,
      "adapters": "PRICELINE_HOTEL"
    },
    {
      "reason": "Pnr has not been created successfully, see remaining messages for detailsEnhancedhotelbookrq: unable to perform hotel booking step. see below messages for details.. updatereservationrq: $invalid cc checksum$ (code: 3009)",
      "count": 4,
      "adapters": "SABRE_HOTEL"
    },
    {
      "reason": "The payment could not be processed due to suspected fraud. The card holder should contact their issuing bank for more information.",
      "count": 2,
      "adapters": "EAN_RAPID"
    },
    {
      "reason": "Pnr has not been created successfully, see remaining messages for detailsEnhancedhotelbookrq: hotel booking segment status is unconfirmed. please retry the transaction.. updatereservationrq: invalid loyalty id (code: warn.5136)",
      "count": 2,
      "adapters": "SABRE_HOTEL"
    },
    {
      "reason": "Hotel.Express.Contract: Rates not found",
      "count": 2,
      "adapters": "PRICELINE_HOTEL"
    },
    {
      "reason": "The payment could not be processed because of insufficient funds.",
      "count": 1,
      "adapters": "EAN_RAPID"
    }
  ]
}
Archived existing dashboard → index_20260522_120736.html
[2/4] Generating dashboard...
Dashboard saved to: /Users/jayaprasadkakkassery/myExperements/my-dashboard/index.html
Open in browser:    open /Users/jayaprasadkakkassery/myExperements/my-dashboard/index.html
[3/4] Pushing to GitHub Pages...
[gh-pages 8473688] Dashboard refresh (Last 24 hour(s) · All licensees & adapters) - 2026-05-22 12:07:36
 2 files changed, 591 insertions(+), 80 deletions(-)
 create mode 100644 index_20260522_120736.html
[4/4] Done!

============================================
 Dashboard live at:
 https://jaykakkassery.github.io/my-dashboard
 Range  : Last 24 hour(s)
 Filters: · All licensees & adapters
 Updated: Fri May 22 12:07:38 EDT 2026
============================================
============================================
 TST Booking Dashboard - Refreshing...
 Range  : Last 24 hour(s)
 Filters: · All licensees & adapters
============================================
[1/4] Querying database (Last 24 hour(s) · All licensees & adapters)...
{
  "status": "ok",
  "generated_at": "2026-05-22 17:07:44 UTC",
  "interval_hours": 24,
  "filters": {
    "licensee_id": "all",
    "adapter_name": "all"
  },
  "summary": {
    "total": 1635,
    "successful": 1571,
    "failed": 64,
    "failure_pct": 3.91,
    "success_pct": 96.09,
    "cc_failed": 24,
    "cc_pct_of_failures": 37.5,
    "non_cc_failed": 40,
    "non_cc_failure_pct": 2.48
  },
  "by_adapter": [
    {
      "adapter": "SABRE_HOTEL",
      "total": 742,
      "successful": 731,
      "failed": 11,
      "failure_pct": 1.48
    },
    {
      "adapter": "EAN_RAPID",
      "total": 575,
      "successful": 548,
      "failed": 27,
      "failure_pct": 4.7
    },
    {
      "adapter": "PRICELINE_HOTEL",
      "total": 240,
      "successful": 218,
      "failed": 22,
      "failure_pct": 9.17
    },
    {
      "adapter": "BEDS_ONLINE",
      "total": 40,
      "successful": 38,
      "failed": 2,
      "failure_pct": 5.0
    },
    {
      "adapter": "ATI",
      "total": 30,
      "successful": 28,
      "failed": 2,
      "failure_pct": 6.67
    },
    {
      "adapter": "GWS",
      "total": 8,
      "successful": 8,
      "failed": 0,
      "failure_pct": 0.0
    }
  ],
  "by_licensee": [
    {
      "licensee_id": 49,
      "total": 283,
      "successful": 270,
      "failed": 13,
      "failure_pct": 4.59
    },
    {
      "licensee_id": 72,
      "total": 261,
      "successful": 251,
      "failed": 10,
      "failure_pct": 3.83
    },
    {
      "licensee_id": 1,
      "total": 217,
      "successful": 209,
      "failed": 8,
      "failure_pct": 3.69
    },
    {
      "licensee_id": 34,
      "total": 193,
      "successful": 189,
      "failed": 4,
      "failure_pct": 2.07
    },
    {
      "licensee_id": 40,
      "total": 121,
      "successful": 110,
      "failed": 11,
      "failure_pct": 9.09
    },
    {
      "licensee_id": 57,
      "total": 99,
      "successful": 97,
      "failed": 2,
      "failure_pct": 2.02
    },
    {
      "licensee_id": 50,
      "total": 83,
      "successful": 82,
      "failed": 1,
      "failure_pct": 1.2
    },
    {
      "licensee_id": 3,
      "total": 73,
      "successful": 71,
      "failed": 2,
      "failure_pct": 2.74
    },
    {
      "licensee_id": 43,
      "total": 47,
      "successful": 43,
      "failed": 4,
      "failure_pct": 8.51
    },
    {
      "licensee_id": 39,
      "total": 45,
      "successful": 43,
      "failed": 2,
      "failure_pct": 4.44
    }
  ],
  "hourly_trend": [
    {
      "hour": "2026-05-21 17:00:00",
      "total": 94,
      "successful": 88,
      "failed": 6
    },
    {
      "hour": "2026-05-21 18:00:00",
      "total": 120,
      "successful": 115,
      "failed": 5
    },
    {
      "hour": "2026-05-21 19:00:00",
      "total": 143,
      "successful": 130,
      "failed": 13
    },
    {
      "hour": "2026-05-21 20:00:00",
      "total": 110,
      "successful": 107,
      "failed": 3
    },
    {
      "hour": "2026-05-21 21:00:00",
      "total": 111,
      "successful": 109,
      "failed": 2
    },
    {
      "hour": "2026-05-21 22:00:00",
      "total": 112,
      "successful": 105,
      "failed": 7
    },
    {
      "hour": "2026-05-21 23:00:00",
      "total": 90,
      "successful": 86,
      "failed": 4
    },
    {
      "hour": "2026-05-22 00:00:00",
      "total": 97,
      "successful": 93,
      "failed": 4
    },
    {
      "hour": "2026-05-22 01:00:00",
      "total": 88,
      "successful": 85,
      "failed": 3
    },
    {
      "hour": "2026-05-22 02:00:00",
      "total": 110,
      "successful": 105,
      "failed": 5
    },
    {
      "hour": "2026-05-22 03:00:00",
      "total": 57,
      "successful": 55,
      "failed": 2
    },
    {
      "hour": "2026-05-22 04:00:00",
      "total": 50,
      "successful": 49,
      "failed": 1
    },
    {
      "hour": "2026-05-22 05:00:00",
      "total": 33,
      "successful": 32,
      "failed": 1
    },
    {
      "hour": "2026-05-22 06:00:00",
      "total": 26,
      "successful": 26,
      "failed": 0
    },
    {
      "hour": "2026-05-22 07:00:00",
      "total": 12,
      "successful": 12,
      "failed": 0
    },
    {
      "hour": "2026-05-22 08:00:00",
      "total": 4,
      "successful": 4,
      "failed": 0
    },
    {
      "hour": "2026-05-22 09:00:00",
      "total": 8,
      "successful": 8,
      "failed": 0
    },
    {
      "hour": "2026-05-22 10:00:00",
      "total": 7,
      "successful": 6,
      "failed": 1
    },
    {
      "hour": "2026-05-22 11:00:00",
      "total": 16,
      "successful": 14,
      "failed": 2
    },
    {
      "hour": "2026-05-22 12:00:00",
      "total": 16,
      "successful": 16,
      "failed": 0
    },
    {
      "hour": "2026-05-22 13:00:00",
      "total": 43,
      "successful": 43,
      "failed": 0
    },
    {
      "hour": "2026-05-22 14:00:00",
      "total": 54,
      "successful": 53,
      "failed": 1
    },
    {
      "hour": "2026-05-22 15:00:00",
      "total": 110,
      "successful": 109,
      "failed": 1
    },
    {
      "hour": "2026-05-22 16:00:00",
      "total": 108,
      "successful": 106,
      "failed": 2
    },
    {
      "hour": "2026-05-22 17:00:00",
      "total": 16,
      "successful": 15,
      "failed": 1
    }
  ],
  "top_failure_reasons": [
    {
      "reason": "Hotel.Express.Book: Booking failed due to CC failure",
      "count": 12,
      "adapters": "PRICELINE_HOTEL"
    },
    {
      "reason": "Provided card number is invalid.",
      "count": 9,
      "adapters": "EAN_RAPID"
    },
    {
      "reason": "Credit card is expired.",
      "count": 7,
      "adapters": "EAN_RAPID"
    },
    {
      "reason": "One or more requested rooms are unavailable.",
      "count": 6,
      "adapters": "EAN_RAPID"
    },
    {
      "reason": "Hotel.Express.Book: Requested room is not available",
      "count": 5,
      "adapters": "PRICELINE_HOTEL"
    },
    {
      "reason": "Pnr has not been created successfully, see remaining messages for detailsEnhancedhotelbookrq: unable to perform hotel booking step. see below messages for details.. updatereservationrq: $invalid cc checksum$ (code: 3009)",
      "count": 4,
      "adapters": "SABRE_HOTEL"
    },
    {
      "reason": "Hotel.Express.Contract: Rates not found",
      "count": 3,
      "adapters": "PRICELINE_HOTEL"
    },
    {
      "reason": "Pnr has not been created successfully, see remaining messages for detailsEnhancedhotelbookrq: hotel booking segment status is unconfirmed. please retry the transaction.. updatereservationrq: invalid loyalty id (code: warn.5136)",
      "count": 2,
      "adapters": "SABRE_HOTEL"
    },
    {
      "reason": "The payment could not be processed due to suspected fraud. The card holder should contact their issuing bank for more information.",
      "count": 2,
      "adapters": "EAN_RAPID"
    },
    {
      "reason": "The payment could not be processed because of insufficient funds.",
      "count": 1,
      "adapters": "EAN_RAPID"
    }
  ]
}
Archived existing dashboard → index_20260522_130744.html
[2/4] Generating dashboard...
Dashboard saved to: /Users/jayaprasadkakkassery/myExperements/my-dashboard/index.html
Open in browser:    open /Users/jayaprasadkakkassery/myExperements/my-dashboard/index.html
[3/4] Pushing to GitHub Pages...
[gh-pages 11c9c72] Dashboard refresh (Last 24 hour(s) · All licensees & adapters) - 2026-05-22 13:07:44
 2 files changed, 603 insertions(+), 92 deletions(-)
 create mode 100644 index_20260522_130744.html
[4/4] Done!

============================================
 Dashboard live at:
 https://jaykakkassery.github.io/my-dashboard
 Range  : Last 24 hour(s)
 Filters: · All licensees & adapters
 Updated: Fri May 22 13:07:45 EDT 2026
============================================
============================================
 TST Booking Dashboard - Refreshing...
 Range  : Last 24 hour(s)
 Filters: · All licensees & adapters
============================================
[1/4] Querying database (Last 24 hour(s) · All licensees & adapters)...
{
  "status": "ok",
  "generated_at": "2026-05-22 18:07:52 UTC",
  "interval_hours": 24,
  "filters": {
    "licensee_id": "all",
    "adapter_name": "all"
  },
  "summary": {
    "total": 1655,
    "successful": 1589,
    "failed": 66,
    "failure_pct": 3.99,
    "success_pct": 96.01,
    "cc_failed": 22,
    "cc_pct_of_failures": 33.33,
    "non_cc_failed": 44,
    "non_cc_failure_pct": 2.69
  },
  "by_adapter": [
    {
      "adapter": "SABRE_HOTEL",
      "total": 755,
      "successful": 740,
      "failed": 15,
      "failure_pct": 1.99
    },
    {
      "adapter": "EAN_RAPID",
      "total": 585,
      "successful": 558,
      "failed": 27,
      "failure_pct": 4.62
    },
    {
      "adapter": "PRICELINE_HOTEL",
      "total": 238,
      "successful": 217,
      "failed": 21,
      "failure_pct": 8.82
    },
    {
      "adapter": "BEDS_ONLINE",
      "total": 35,
      "successful": 34,
      "failed": 1,
      "failure_pct": 2.86
    },
    {
      "adapter": "ATI",
      "total": 32,
      "successful": 30,
      "failed": 2,
      "failure_pct": 6.25
    },
    {
      "adapter": "GWS",
      "total": 10,
      "successful": 10,
      "failed": 0,
      "failure_pct": 0.0
    }
  ],
  "by_licensee": [
    {
      "licensee_id": 49,
      "total": 286,
      "successful": 272,
      "failed": 14,
      "failure_pct": 4.9
    },
    {
      "licensee_id": 72,
      "total": 267,
      "successful": 257,
      "failed": 10,
      "failure_pct": 3.75
    },
    {
      "licensee_id": 1,
      "total": 230,
      "successful": 222,
      "failed": 8,
      "failure_pct": 3.48
    },
    {
      "licensee_id": 34,
      "total": 191,
      "successful": 188,
      "failed": 3,
      "failure_pct": 1.57
    },
    {
      "licensee_id": 40,
      "total": 120,
      "successful": 109,
      "failed": 11,
      "failure_pct": 9.17
    },
    {
      "licensee_id": 57,
      "total": 93,
      "successful": 92,
      "failed": 1,
      "failure_pct": 1.08
    },
    {
      "licensee_id": 50,
      "total": 75,
      "successful": 74,
      "failed": 1,
      "failure_pct": 1.33
    },
    {
      "licensee_id": 3,
      "total": 71,
      "successful": 69,
      "failed": 2,
      "failure_pct": 2.82
    },
    {
      "licensee_id": 39,
      "total": 53,
      "successful": 51,
      "failed": 2,
      "failure_pct": 3.77
    },
    {
      "licensee_id": 43,
      "total": 45,
      "successful": 42,
      "failed": 3,
      "failure_pct": 6.67
    }
  ],
  "hourly_trend": [
    {
      "hour": "2026-05-21 18:00:00",
      "total": 100,
      "successful": 96,
      "failed": 4
    },
    {
      "hour": "2026-05-21 19:00:00",
      "total": 143,
      "successful": 130,
      "failed": 13
    },
    {
      "hour": "2026-05-21 20:00:00",
      "total": 110,
      "successful": 107,
      "failed": 3
    },
    {
      "hour": "2026-05-21 21:00:00",
      "total": 111,
      "successful": 109,
      "failed": 2
    },
    {
      "hour": "2026-05-21 22:00:00",
      "total": 112,
      "successful": 105,
      "failed": 7
    },
    {
      "hour": "2026-05-21 23:00:00",
      "total": 90,
      "successful": 86,
      "failed": 4
    },
    {
      "hour": "2026-05-22 00:00:00",
      "total": 97,
      "successful": 93,
      "failed": 4
    },
    {
      "hour": "2026-05-22 01:00:00",
      "total": 88,
      "successful": 85,
      "failed": 3
    },
    {
      "hour": "2026-05-22 02:00:00",
      "total": 110,
      "successful": 105,
      "failed": 5
    },
    {
      "hour": "2026-05-22 03:00:00",
      "total": 57,
      "successful": 55,
      "failed": 2
    },
    {
      "hour": "2026-05-22 04:00:00",
      "total": 50,
      "successful": 49,
      "failed": 1
    },
    {
      "hour": "2026-05-22 05:00:00",
      "total": 33,
      "successful": 32,
      "failed": 1
    },
    {
      "hour": "2026-05-22 06:00:00",
      "total": 26,
      "successful": 26,
      "failed": 0
    },
    {
      "hour": "2026-05-22 07:00:00",
      "total": 12,
      "successful": 12,
      "failed": 0
    },
    {
      "hour": "2026-05-22 08:00:00",
      "total": 4,
      "successful": 4,
      "failed": 0
    },
    {
      "hour": "2026-05-22 09:00:00",
      "total": 8,
      "successful": 8,
      "failed": 0
    },
    {
      "hour": "2026-05-22 10:00:00",
      "total": 7,
      "successful": 6,
      "failed": 1
    },
    {
      "hour": "2026-05-22 11:00:00",
      "total": 16,
      "successful": 14,
      "failed": 2
    },
    {
      "hour": "2026-05-22 12:00:00",
      "total": 16,
      "successful": 16,
      "failed": 0
    },
    {
      "hour": "2026-05-22 13:00:00",
      "total": 43,
      "successful": 43,
      "failed": 0
    },
    {
      "hour": "2026-05-22 14:00:00",
      "total": 54,
      "successful": 53,
      "failed": 1
    },
    {
      "hour": "2026-05-22 15:00:00",
      "total": 110,
      "successful": 109,
      "failed": 1
    },
    {
      "hour": "2026-05-22 16:00:00",
      "total": 108,
      "successful": 106,
      "failed": 2
    },
    {
      "hour": "2026-05-22 17:00:00",
      "total": 126,
      "successful": 116,
      "failed": 10
    },
    {
      "hour": "2026-05-22 18:00:00",
      "total": 24,
      "successful": 24,
      "failed": 0
    }
  ],
  "top_failure_reasons": [
    {
      "reason": "Hotel.Express.Book: Booking failed due to CC failure",
      "count": 11,
      "adapters": "PRICELINE_HOTEL"
    },
    {
      "reason": "Provided card number is invalid.",
      "count": 9,
      "adapters": "EAN_RAPID"
    },
    {
      "reason": "Credit card is expired.",
      "count": 6,
      "adapters": "EAN_RAPID"
    },
    {
      "reason": "Hotel.Express.Book: Requested room is not available",
      "count": 6,
      "adapters": "PRICELINE_HOTEL"
    },
    {
      "reason": "One or more requested rooms are unavailable.",
      "count": 6,
      "adapters": "EAN_RAPID"
    },
    {
      "reason": "Pnr has not been created successfully, see remaining messages for detailsEnhancedhotelbookrq: unable to perform hotel booking step. see below messages for details.. updatereservationrq: $invalid cc checksum$ (code: 3009)",
      "count": 5,
      "adapters": "SABRE_HOTEL"
    },
    {
      "reason": "Hotel.Express.Contract: Rates not found",
      "count": 3,
      "adapters": "PRICELINE_HOTEL"
    },
    {
      "reason": "Pnr has not been created successfully, see remaining messages for detailsEnhancedhotelbookrq: hotel booking segment status is unconfirmed. please retry the transaction.. updatereservationrq: invalid loyalty id (code: warn.5136)",
      "count": 3,
      "adapters": "SABRE_HOTEL"
    },
    {
      "reason": "The payment could not be processed. The card holder should contact their issuing bank for more information.",
      "count": 2,
      "adapters": "EAN_RAPID"
    },
    {
      "reason": "The payment could not be processed due to suspected fraud. The card holder should contact their issuing bank for more information.",
      "count": 2,
      "adapters": "EAN_RAPID"
    }
  ]
}
Archived existing dashboard → index_20260522_140752.html
[2/4] Generating dashboard...
Dashboard saved to: /Users/jayaprasadkakkassery/myExperements/my-dashboard/index.html
Open in browser:    open /Users/jayaprasadkakkassery/myExperements/my-dashboard/index.html
[3/4] Pushing to GitHub Pages...
[gh-pages 5ada36f] Dashboard refresh (Last 24 hour(s) · All licensees & adapters) - 2026-05-22 14:07:52
 2 files changed, 621 insertions(+), 110 deletions(-)
 create mode 100644 index_20260522_140752.html
[4/4] Done!

============================================
 Dashboard live at:
 https://jaykakkassery.github.io/my-dashboard
 Range  : Last 24 hour(s)
 Filters: · All licensees & adapters
 Updated: Fri May 22 14:07:53 EDT 2026
============================================
============================================
 TST Booking Dashboard - Refreshing...
 Range  : Last 24 hour(s)
 Filters: · All licensees & adapters
============================================
[1/4] Querying database (Last 24 hour(s) · All licensees & adapters)...
{
  "status": "ok",
  "generated_at": "2026-05-22 19:07:59 UTC",
  "interval_hours": 24,
  "filters": {
    "licensee_id": "all",
    "adapter_name": "all"
  },
  "summary": {
    "total": 1668,
    "successful": 1607,
    "failed": 61,
    "failure_pct": 3.66,
    "success_pct": 96.34,
    "cc_failed": 22,
    "cc_pct_of_failures": 36.07,
    "non_cc_failed": 39,
    "non_cc_failure_pct": 2.37
  },
  "by_adapter": [
    {
      "adapter": "SABRE_HOTEL",
      "total": 753,
      "successful": 741,
      "failed": 12,
      "failure_pct": 1.59
    },
    {
      "adapter": "EAN_RAPID",
      "total": 604,
      "successful": 578,
      "failed": 26,
      "failure_pct": 4.3
    },
    {
      "adapter": "PRICELINE_HOTEL",
      "total": 232,
      "successful": 212,
      "failed": 20,
      "failure_pct": 8.62
    },
    {
      "adapter": "BEDS_ONLINE",
      "total": 39,
      "successful": 38,
      "failed": 1,
      "failure_pct": 2.56
    },
    {
      "adapter": "ATI",
      "total": 31,
      "successful": 29,
      "failed": 2,
      "failure_pct": 6.45
    },
    {
      "adapter": "GWS",
      "total": 9,
      "successful": 9,
      "failed": 0,
      "failure_pct": 0.0
    }
  ],
  "by_licensee": [
    {
      "licensee_id": 49,
      "total": 284,
      "successful": 272,
      "failed": 12,
      "failure_pct": 4.23
    },
    {
      "licensee_id": 72,
      "total": 255,
      "successful": 246,
      "failed": 9,
      "failure_pct": 3.53
    },
    {
      "licensee_id": 1,
      "total": 233,
      "successful": 227,
      "failed": 6,
      "failure_pct": 2.58
    },
    {
      "licensee_id": 34,
      "total": 191,
      "successful": 188,
      "failed": 3,
      "failure_pct": 1.57
    },
    {
      "licensee_id": 40,
      "total": 118,
      "successful": 107,
      "failed": 11,
      "failure_pct": 9.32
    },
    {
      "licensee_id": 57,
      "total": 95,
      "successful": 94,
      "failed": 1,
      "failure_pct": 1.05
    },
    {
      "licensee_id": 50,
      "total": 73,
      "successful": 72,
      "failed": 1,
      "failure_pct": 1.37
    },
    {
      "licensee_id": 3,
      "total": 71,
      "successful": 69,
      "failed": 2,
      "failure_pct": 2.82
    },
    {
      "licensee_id": 39,
      "total": 58,
      "successful": 56,
      "failed": 2,
      "failure_pct": 3.45
    },
    {
      "licensee_id": 43,
      "total": 45,
      "successful": 42,
      "failed": 3,
      "failure_pct": 6.67
    }
  ],
  "hourly_trend": [
    {
      "hour": "2026-05-21 19:00:00",
      "total": 127,
      "successful": 115,
      "failed": 12
    },
    {
      "hour": "2026-05-21 20:00:00",
      "total": 110,
      "successful": 107,
      "failed": 3
    },
    {
      "hour": "2026-05-21 21:00:00",
      "total": 111,
      "successful": 109,
      "failed": 2
    },
    {
      "hour": "2026-05-21 22:00:00",
      "total": 112,
      "successful": 105,
      "failed": 7
    },
    {
      "hour": "2026-05-21 23:00:00",
      "total": 90,
      "successful": 86,
      "failed": 4
    },
    {
      "hour": "2026-05-22 00:00:00",
      "total": 97,
      "successful": 93,
      "failed": 4
    },
    {
      "hour": "2026-05-22 01:00:00",
      "total": 88,
      "successful": 85,
      "failed": 3
    },
    {
      "hour": "2026-05-22 02:00:00",
      "total": 110,
      "successful": 105,
      "failed": 5
    },
    {
      "hour": "2026-05-22 03:00:00",
      "total": 57,
      "successful": 55,
      "failed": 2
    },
    {
      "hour": "2026-05-22 04:00:00",
      "total": 50,
      "successful": 49,
      "failed": 1
    },
    {
      "hour": "2026-05-22 05:00:00",
      "total": 33,
      "successful": 32,
      "failed": 1
    },
    {
      "hour": "2026-05-22 06:00:00",
      "total": 26,
      "successful": 26,
      "failed": 0
    },
    {
      "hour": "2026-05-22 07:00:00",
      "total": 12,
      "successful": 12,
      "failed": 0
    },
    {
      "hour": "2026-05-22 08:00:00",
      "total": 4,
      "successful": 4,
      "failed": 0
    },
    {
      "hour": "2026-05-22 09:00:00",
      "total": 8,
      "successful": 8,
      "failed": 0
    },
    {
      "hour": "2026-05-22 10:00:00",
      "total": 7,
      "successful": 6,
      "failed": 1
    },
    {
      "hour": "2026-05-22 11:00:00",
      "total": 16,
      "successful": 14,
      "failed": 2
    },
    {
      "hour": "2026-05-22 12:00:00",
      "total": 16,
      "successful": 16,
      "failed": 0
    },
    {
      "hour": "2026-05-22 13:00:00",
      "total": 43,
      "successful": 43,
      "failed": 0
    },
    {
      "hour": "2026-05-22 14:00:00",
      "total": 54,
      "successful": 53,
      "failed": 1
    },
    {
      "hour": "2026-05-22 15:00:00",
      "total": 110,
      "successful": 109,
      "failed": 1
    },
    {
      "hour": "2026-05-22 16:00:00",
      "total": 108,
      "successful": 106,
      "failed": 2
    },
    {
      "hour": "2026-05-22 17:00:00",
      "total": 126,
      "successful": 116,
      "failed": 10
    },
    {
      "hour": "2026-05-22 18:00:00",
      "total": 144,
      "successful": 144,
      "failed": 0
    },
    {
      "hour": "2026-05-22 19:00:00",
      "total": 9,
      "successful": 9,
      "failed": 0
    }
  ],
  "top_failure_reasons": [
    {
      "reason": "Hotel.Express.Book: Booking failed due to CC failure",
      "count": 10,
      "adapters": "PRICELINE_HOTEL"
    },
    {
      "reason": "Provided card number is invalid.",
      "count": 9,
      "adapters": "EAN_RAPID"
    },
    {
      "reason": "Credit card is expired.",
      "count": 6,
      "adapters": "EAN_RAPID"
    },
    {
      "reason": "Hotel.Express.Book: Requested room is not available",
      "count": 6,
      "adapters": "PRICELINE_HOTEL"
    },
    {
      "reason": "One or more requested rooms are unavailable.",
      "count": 5,
      "adapters": "EAN_RAPID"
    },
    {
      "reason": "Pnr has not been created successfully, see remaining messages for detailsEnhancedhotelbookrq: unable to perform hotel booking step. see below messages for details.. updatereservationrq: $invalid cc checksum$ (code: 3009)",
      "count": 5,
      "adapters": "SABRE_HOTEL"
    },
    {
      "reason": "Hotel.Express.Contract: Rates not found",
      "count": 3,
      "adapters": "PRICELINE_HOTEL"
    },
    {
      "reason": "The payment could not be processed. The card holder should contact their issuing bank for more information.",
      "count": 2,
      "adapters": "EAN_RAPID"
    },
    {
      "reason": "Pnr has not been created successfully, see remaining messages for detailsEnhancedhotelbookrq: hotel booking segment status is unconfirmed. please retry the transaction.. updatereservationrq: invalid loyalty id (code: warn.5136)",
      "count": 2,
      "adapters": "SABRE_HOTEL"
    },
    {
      "reason": "The payment could not be processed due to suspected fraud. The card holder should contact their issuing bank for more information.",
      "count": 2,
      "adapters": "EAN_RAPID"
    }
  ]
}
Archived existing dashboard → index_20260522_150800.html
[2/4] Generating dashboard...
Dashboard saved to: /Users/jayaprasadkakkassery/myExperements/my-dashboard/index.html
Open in browser:    open /Users/jayaprasadkakkassery/myExperements/my-dashboard/index.html
[3/4] Pushing to GitHub Pages...
[gh-pages 1bc88d6] Dashboard refresh (Last 24 hour(s) · All licensees & adapters) - 2026-05-22 15:08:00
 2 files changed, 599 insertions(+), 88 deletions(-)
 create mode 100644 index_20260522_150800.html
[4/4] Done!

============================================
 Dashboard live at:
 https://jaykakkassery.github.io/my-dashboard
 Range  : Last 24 hour(s)
 Filters: · All licensees & adapters
 Updated: Fri May 22 15:08:02 EDT 2026
============================================
============================================
 TST Booking Dashboard - Refreshing...
 Range  : Last 24 hour(s)
 Filters: · All licensees & adapters
============================================
[1/4] Querying database (Last 24 hour(s) · All licensees & adapters)...
{
  "status": "ok",
  "generated_at": "2026-05-22 20:08:07 UTC",
  "interval_hours": 24,
  "filters": {
    "licensee_id": "all",
    "adapter_name": "all"
  },
  "summary": {
    "total": 1656,
    "successful": 1600,
    "failed": 56,
    "failure_pct": 3.38,
    "success_pct": 96.62,
    "cc_failed": 19,
    "cc_pct_of_failures": 33.93,
    "non_cc_failed": 37,
    "non_cc_failure_pct": 2.26
  },
  "by_adapter": [
    {
      "adapter": "SABRE_HOTEL",
      "total": 733,
      "successful": 722,
      "failed": 11,
      "failure_pct": 1.5
    },
    {
      "adapter": "EAN_RAPID",
      "total": 610,
      "successful": 588,
      "failed": 22,
      "failure_pct": 3.61
    },
    {
      "adapter": "PRICELINE_HOTEL",
      "total": 229,
      "successful": 209,
      "failed": 20,
      "failure_pct": 8.73
    },
    {
      "adapter": "BEDS_ONLINE",
      "total": 42,
      "successful": 41,
      "failed": 1,
      "failure_pct": 2.38
    },
    {
      "adapter": "ATI",
      "total": 33,
      "successful": 31,
      "failed": 2,
      "failure_pct": 6.06
    },
    {
      "adapter": "GWS",
      "total": 9,
      "successful": 9,
      "failed": 0,
      "failure_pct": 0.0
    }
  ],
  "by_licensee": [
    {
      "licensee_id": 49,
      "total": 278,
      "successful": 267,
      "failed": 11,
      "failure_pct": 3.96
    },
    {
      "licensee_id": 72,
      "total": 247,
      "successful": 239,
      "failed": 8,
      "failure_pct": 3.24
    },
    {
      "licensee_id": 1,
      "total": 246,
      "successful": 241,
      "failed": 5,
      "failure_pct": 2.03
    },
    {
      "licensee_id": 34,
      "total": 187,
      "successful": 184,
      "failed": 3,
      "failure_pct": 1.6
    },
    {
      "licensee_id": 40,
      "total": 119,
      "successful": 108,
      "failed": 11,
      "failure_pct": 9.24
    },
    {
      "licensee_id": 57,
      "total": 89,
      "successful": 88,
      "failed": 1,
      "failure_pct": 1.12
    },
    {
      "licensee_id": 3,
      "total": 74,
      "successful": 73,
      "failed": 1,
      "failure_pct": 1.35
    },
    {
      "licensee_id": 50,
      "total": 74,
      "successful": 73,
      "failed": 1,
      "failure_pct": 1.35
    },
    {
      "licensee_id": 39,
      "total": 61,
      "successful": 60,
      "failed": 1,
      "failure_pct": 1.64
    },
    {
      "licensee_id": 55,
      "total": 47,
      "successful": 44,
      "failed": 3,
      "failure_pct": 6.38
    }
  ],
  "hourly_trend": [
    {
      "hour": "2026-05-21 20:00:00",
      "total": 95,
      "successful": 91,
      "failed": 4
    },
    {
      "hour": "2026-05-21 21:00:00",
      "total": 111,
      "successful": 109,
      "failed": 2
    },
    {
      "hour": "2026-05-21 22:00:00",
      "total": 112,
      "successful": 105,
      "failed": 7
    },
    {
      "hour": "2026-05-21 23:00:00",
      "total": 90,
      "successful": 86,
      "failed": 4
    },
    {
      "hour": "2026-05-22 00:00:00",
      "total": 97,
      "successful": 93,
      "failed": 4
    },
    {
      "hour": "2026-05-22 01:00:00",
      "total": 88,
      "successful": 85,
      "failed": 3
    },
    {
      "hour": "2026-05-22 02:00:00",
      "total": 110,
      "successful": 105,
      "failed": 5
    },
    {
      "hour": "2026-05-22 03:00:00",
      "total": 57,
      "successful": 55,
      "failed": 2
    },
    {
      "hour": "2026-05-22 04:00:00",
      "total": 50,
      "successful": 49,
      "failed": 1
    },
    {
      "hour": "2026-05-22 05:00:00",
      "total": 33,
      "successful": 32,
      "failed": 1
    },
    {
      "hour": "2026-05-22 06:00:00",
      "total": 26,
      "successful": 26,
      "failed": 0
    },
    {
      "hour": "2026-05-22 07:00:00",
      "total": 12,
      "successful": 12,
      "failed": 0
    },
    {
      "hour": "2026-05-22 08:00:00",
      "total": 4,
      "successful": 4,
      "failed": 0
    },
    {
      "hour": "2026-05-22 09:00:00",
      "total": 8,
      "successful": 8,
      "failed": 0
    },
    {
      "hour": "2026-05-22 10:00:00",
      "total": 7,
      "successful": 6,
      "failed": 1
    },
    {
      "hour": "2026-05-22 11:00:00",
      "total": 16,
      "successful": 14,
      "failed": 2
    },
    {
      "hour": "2026-05-22 12:00:00",
      "total": 16,
      "successful": 16,
      "failed": 0
    },
    {
      "hour": "2026-05-22 13:00:00",
      "total": 43,
      "successful": 43,
      "failed": 0
    },
    {
      "hour": "2026-05-22 14:00:00",
      "total": 54,
      "successful": 53,
      "failed": 1
    },
    {
      "hour": "2026-05-22 15:00:00",
      "total": 110,
      "successful": 109,
      "failed": 1
    },
    {
      "hour": "2026-05-22 16:00:00",
      "total": 108,
      "successful": 106,
      "failed": 2
    },
    {
      "hour": "2026-05-22 17:00:00",
      "total": 126,
      "successful": 116,
      "failed": 10
    },
    {
      "hour": "2026-05-22 18:00:00",
      "total": 144,
      "successful": 144,
      "failed": 0
    },
    {
      "hour": "2026-05-22 19:00:00",
      "total": 121,
      "successful": 116,
      "failed": 5
    },
    {
      "hour": "2026-05-22 20:00:00",
      "total": 18,
      "successful": 17,
      "failed": 1
    }
  ],
  "top_failure_reasons": [
    {
      "reason": "Hotel.Express.Book: Booking failed due to CC failure",
      "count": 10,
      "adapters": "PRICELINE_HOTEL"
    },
    {
      "reason": "Hotel.Express.Book: Requested room is not available",
      "count": 6,
      "adapters": "PRICELINE_HOTEL"
    },
    {
      "reason": "Provided card number is invalid.",
      "count": 6,
      "adapters": "EAN_RAPID"
    },
    {
      "reason": "Credit card is expired.",
      "count": 5,
      "adapters": "EAN_RAPID"
    },
    {
      "reason": "One or more requested rooms are unavailable.",
      "count": 5,
      "adapters": "EAN_RAPID"
    },
    {
      "reason": "Pnr has not been created successfully, see remaining messages for detailsEnhancedhotelbookrq: unable to perform hotel booking step. see below messages for details.. updatereservationrq: $invalid cc checksum$ (code: 3009)",
      "count": 5,
      "adapters": "SABRE_HOTEL"
    },
    {
      "reason": "The payment could not be processed. The card holder should contact their issuing bank for more information.",
      "count": 3,
      "adapters": "EAN_RAPID"
    },
    {
      "reason": "Hotel.Express.Contract: Rates not found",
      "count": 3,
      "adapters": "PRICELINE_HOTEL"
    },
    {
      "reason": "The payment could not be processed due to suspected fraud. The card holder should contact their issuing bank for more information.",
      "count": 2,
      "adapters": "EAN_RAPID"
    },
    {
      "reason": "Pnr has not been created successfully, see remaining messages for detailsEnhancedhotelbookrq: hotel booking segment status is unconfirmed. please retry the transaction.. updatereservationrq: invalid loyalty id (code: warn.5136)",
      "count": 1,
      "adapters": "SABRE_HOTEL"
    }
  ]
}
Archived existing dashboard → index_20260522_160808.html
[2/4] Generating dashboard...
Dashboard saved to: /Users/jayaprasadkakkassery/myExperements/my-dashboard/index.html
Open in browser:    open /Users/jayaprasadkakkassery/myExperements/my-dashboard/index.html
[3/4] Pushing to GitHub Pages...
[gh-pages 65b570d] Dashboard refresh (Last 24 hour(s) · All licensees & adapters) - 2026-05-22 16:08:08
 2 files changed, 626 insertions(+), 115 deletions(-)
 create mode 100644 index_20260522_160808.html
[4/4] Done!

============================================
 Dashboard live at:
 https://jaykakkassery.github.io/my-dashboard
 Range  : Last 24 hour(s)
 Filters: · All licensees & adapters
 Updated: Fri May 22 16:08:09 EDT 2026
============================================
============================================
 TST Booking Dashboard - Refreshing...
 Range  : Last 24 hour(s)
 Filters: · All licensees & adapters
============================================
[1/4] Querying database (Last 24 hour(s) · All licensees & adapters)...
{
  "status": "error",
  "error": "2003 (HY000): Can't connect to MySQL server on 'mysqlread.prod.infra.tstllc.net:3306' (60)"
}
Archived existing dashboard → index_20260522_170825.html
[2/4] Generating dashboard...
Dashboard saved to: /Users/jayaprasadkakkassery/myExperements/my-dashboard/index.html
Open in browser:    open /Users/jayaprasadkakkassery/myExperements/my-dashboard/index.html
[3/4] Pushing to GitHub Pages...
[gh-pages 4ec1dfe] Dashboard refresh (Last 24 hour(s) · All licensees & adapters) - 2026-05-22 17:08:26
 2 files changed, 514 insertions(+), 511 deletions(-)
 create mode 100644 index_20260522_170825.html
[4/4] Done!

============================================
 Dashboard live at:
 https://jaykakkassery.github.io/my-dashboard
 Range  : Last 24 hour(s)
 Filters: · All licensees & adapters
 Updated: Fri May 22 17:08:27 EDT 2026
============================================
============================================
 TST Booking Dashboard - Refreshing...
 Range  : Last 24 hour(s)
 Filters: · All licensees & adapters
============================================
[1/4] Querying database (Last 24 hour(s) · All licensees & adapters)...
{
  "status": "ok",
  "generated_at": "2026-05-22 22:08:34 UTC",
  "interval_hours": 24,
  "filters": {
    "licensee_id": "all",
    "adapter_name": "all"
  },
  "summary": {
    "total": 1672,
    "successful": 1618,
    "failed": 54,
    "failure_pct": 3.23,
    "success_pct": 96.77,
    "cc_failed": 19,
    "cc_pct_of_failures": 35.19,
    "non_cc_failed": 35,
    "non_cc_failure_pct": 2.12
  },
  "by_adapter": [
    {
      "adapter": "SABRE_HOTEL",
      "total": 750,
      "successful": 738,
      "failed": 12,
      "failure_pct": 1.6
    },
    {
      "adapter": "EAN_RAPID",
      "total": 621,
      "successful": 599,
      "failed": 22,
      "failure_pct": 3.54
    },
    {
      "adapter": "PRICELINE_HOTEL",
      "total": 219,
      "successful": 202,
      "failed": 17,
      "failure_pct": 7.76
    },
    {
      "adapter": "BEDS_ONLINE",
      "total": 41,
      "successful": 40,
      "failed": 1,
      "failure_pct": 2.44
    },
    {
      "adapter": "ATI",
      "total": 36,
      "successful": 34,
      "failed": 2,
      "failure_pct": 5.56
    },
    {
      "adapter": "GWS",
      "total": 5,
      "successful": 5,
      "failed": 0,
      "failure_pct": 0.0
    }
  ],
  "by_licensee": [
    {
      "licensee_id": 49,
      "total": 284,
      "successful": 274,
      "failed": 10,
      "failure_pct": 3.52
    },
    {
      "licensee_id": 72,
      "total": 248,
      "successful": 241,
      "failed": 7,
      "failure_pct": 2.82
    },
    {
      "licensee_id": 1,
      "total": 247,
      "successful": 242,
      "failed": 5,
      "failure_pct": 2.02
    },
    {
      "licensee_id": 34,
      "total": 188,
      "successful": 185,
      "failed": 3,
      "failure_pct": 1.6
    },
    {
      "licensee_id": 40,
      "total": 124,
      "successful": 113,
      "failed": 11,
      "failure_pct": 8.87
    },
    {
      "licensee_id": 57,
      "total": 92,
      "successful": 89,
      "failed": 3,
      "failure_pct": 3.26
    },
    {
      "licensee_id": 3,
      "total": 79,
      "successful": 78,
      "failed": 1,
      "failure_pct": 1.27
    },
    {
      "licensee_id": 39,
      "total": 77,
      "successful": 77,
      "failed": 0,
      "failure_pct": 0.0
    },
    {
      "licensee_id": 50,
      "total": 71,
      "successful": 70,
      "failed": 1,
      "failure_pct": 1.41
    },
    {
      "licensee_id": 55,
      "total": 47,
      "successful": 44,
      "failed": 3,
      "failure_pct": 6.38
    }
  ],
  "hourly_trend": [
    {
      "hour": "2026-05-21 22:00:00",
      "total": 95,
      "successful": 89,
      "failed": 6
    },
    {
      "hour": "2026-05-21 23:00:00",
      "total": 90,
      "successful": 86,
      "failed": 4
    },
    {
      "hour": "2026-05-22 00:00:00",
      "total": 97,
      "successful": 93,
      "failed": 4
    },
    {
      "hour": "2026-05-22 01:00:00",
      "total": 88,
      "successful": 85,
      "failed": 3
    },
    {
      "hour": "2026-05-22 02:00:00",
      "total": 110,
      "successful": 105,
      "failed": 5
    },
    {
      "hour": "2026-05-22 03:00:00",
      "total": 57,
      "successful": 55,
      "failed": 2
    },
    {
      "hour": "2026-05-22 04:00:00",
      "total": 50,
      "successful": 49,
      "failed": 1
    },
    {
      "hour": "2026-05-22 05:00:00",
      "total": 33,
      "successful": 32,
      "failed": 1
    },
    {
      "hour": "2026-05-22 06:00:00",
      "total": 26,
      "successful": 26,
      "failed": 0
    },
    {
      "hour": "2026-05-22 07:00:00",
      "total": 12,
      "successful": 12,
      "failed": 0
    },
    {
      "hour": "2026-05-22 08:00:00",
      "total": 4,
      "successful": 4,
      "failed": 0
    },
    {
      "hour": "2026-05-22 09:00:00",
      "total": 8,
      "successful": 8,
      "failed": 0
    },
    {
      "hour": "2026-05-22 10:00:00",
      "total": 7,
      "successful": 6,
      "failed": 1
    },
    {
      "hour": "2026-05-22 11:00:00",
      "total": 16,
      "successful": 14,
      "failed": 2
    },
    {
      "hour": "2026-05-22 12:00:00",
      "total": 16,
      "successful": 16,
      "failed": 0
    },
    {
      "hour": "2026-05-22 13:00:00",
      "total": 43,
      "successful": 43,
      "failed": 0
    },
    {
      "hour": "2026-05-22 14:00:00",
      "total": 54,
      "successful": 53,
      "failed": 1
    },
    {
      "hour": "2026-05-22 15:00:00",
      "total": 110,
      "successful": 109,
      "failed": 1
    },
    {
      "hour": "2026-05-22 16:00:00",
      "total": 108,
      "successful": 106,
      "failed": 2
    },
    {
      "hour": "2026-05-22 17:00:00",
      "total": 126,
      "successful": 116,
      "failed": 10
    },
    {
      "hour": "2026-05-22 18:00:00",
      "total": 144,
      "successful": 144,
      "failed": 0
    },
    {
      "hour": "2026-05-22 19:00:00",
      "total": 120,
      "successful": 116,
      "failed": 4
    },
    {
      "hour": "2026-05-22 20:00:00",
      "total": 119,
      "successful": 116,
      "failed": 3
    },
    {
      "hour": "2026-05-22 21:00:00",
      "total": 126,
      "successful": 122,
      "failed": 4
    },
    {
      "hour": "2026-05-22 22:00:00",
      "total": 13,
      "successful": 13,
      "failed": 0
    }
  ],
  "top_failure_reasons": [
    {
      "reason": "Hotel.Express.Book: Booking failed due to CC failure",
      "count": 9,
      "adapters": "PRICELINE_HOTEL"
    },
    {
      "reason": "Hotel.Express.Book: Requested room is not available",
      "count": 6,
      "adapters": "PRICELINE_HOTEL"
    },
    {
      "reason": "Provided card number is invalid.",
      "count": 6,
      "adapters": "EAN_RAPID"
    },
    {
      "reason": "One or more requested rooms are unavailable.",
      "count": 5,
      "adapters": "EAN_RAPID"
    },
    {
      "reason": "Pnr has not been created successfully, see remaining messages for detailsEnhancedhotelbookrq: unable to perform hotel booking step. see below messages for details.. updatereservationrq: $invalid cc checksum$ (code: 3009)",
      "count": 5,
      "adapters": "SABRE_HOTEL"
    },
    {
      "reason": "Credit card is expired.",
      "count": 4,
      "adapters": "EAN_RAPID"
    },
    {
      "reason": "Hotel.Express.Contract: Rates not found",
      "count": 2,
      "adapters": "PRICELINE_HOTEL"
    },
    {
      "reason": "Pnr has not been created successfully, see remaining messages for detailsEnhancedhotelbookrq: hotel booking segment status is unconfirmed. please retry the transaction.. updatereservationrq: hotel does not support this card type (code: warn.0506)",
      "count": 2,
      "adapters": "SABRE_HOTEL"
    },
    {
      "reason": "The payment could not be processed. The card holder should contact their issuing bank for more information.",
      "count": 2,
      "adapters": "EAN_RAPID"
    },
    {
      "reason": "The payment could not be processed due to suspected fraud. The card holder should contact their issuing bank for more information.",
      "count": 2,
      "adapters": "EAN_RAPID"
    }
  ]
}
Archived existing dashboard → index_20260522_180834.html
[2/4] Generating dashboard...
Dashboard saved to: /Users/jayaprasadkakkassery/myExperements/my-dashboard/index.html
Open in browser:    open /Users/jayaprasadkakkassery/myExperements/my-dashboard/index.html
[3/4] Pushing to GitHub Pages...
[gh-pages e2a4d5e] Dashboard refresh (Last 24 hour(s) · All licensees & adapters) - 2026-05-22 18:08:35
 2 files changed, 514 insertions(+), 3 deletions(-)
 create mode 100644 index_20260522_180834.html
[4/4] Done!

============================================
 Dashboard live at:
 https://jaykakkassery.github.io/my-dashboard
 Range  : Last 24 hour(s)
 Filters: · All licensees & adapters
 Updated: Fri May 22 18:08:36 EDT 2026
============================================
============================================
 TST Booking Dashboard - Refreshing...
 Range  : Last 24 hour(s)
 Filters: · All licensees & adapters
============================================
[1/4] Querying database (Last 24 hour(s) · All licensees & adapters)...
{
  "status": "ok",
  "generated_at": "2026-05-22 23:08:42 UTC",
  "interval_hours": 24,
  "filters": {
    "licensee_id": "all",
    "adapter_name": "all"
  },
  "summary": {
    "total": 1663,
    "successful": 1616,
    "failed": 47,
    "failure_pct": 2.83,
    "success_pct": 97.17,
    "cc_failed": 15,
    "cc_pct_of_failures": 31.91,
    "non_cc_failed": 32,
    "non_cc_failure_pct": 1.94
  },
  "by_adapter": [
    {
      "adapter": "SABRE_HOTEL",
      "total": 763,
      "successful": 750,
      "failed": 13,
      "failure_pct": 1.7
    },
    {
      "adapter": "EAN_RAPID",
      "total": 612,
      "successful": 593,
      "failed": 19,
      "failure_pct": 3.1
    },
    {
      "adapter": "PRICELINE_HOTEL",
      "total": 210,
      "successful": 196,
      "failed": 14,
      "failure_pct": 6.67
    },
    {
      "adapter": "BEDS_ONLINE",
      "total": 41,
      "successful": 40,
      "failed": 1,
      "failure_pct": 2.44
    },
    {
      "adapter": "ATI",
      "total": 32,
      "successful": 32,
      "failed": 0,
      "failure_pct": 0.0
    },
    {
      "adapter": "GWS",
      "total": 5,
      "successful": 5,
      "failed": 0,
      "failure_pct": 0.0
    }
  ],
  "by_licensee": [
    {
      "licensee_id": 49,
      "total": 299,
      "successful": 291,
      "failed": 8,
      "failure_pct": 2.68
    },
    {
      "licensee_id": 1,
      "total": 254,
      "successful": 249,
      "failed": 5,
      "failure_pct": 1.97
    },
    {
      "licensee_id": 72,
      "total": 244,
      "successful": 238,
      "failed": 6,
      "failure_pct": 2.46
    },
    {
      "licensee_id": 34,
      "total": 181,
      "successful": 177,
      "failed": 4,
      "failure_pct": 2.21
    },
    {
      "licensee_id": 40,
      "total": 127,
      "successful": 116,
      "failed": 11,
      "failure_pct": 8.66
    },
    {
      "licensee_id": 57,
      "total": 90,
      "successful": 87,
      "failed": 3,
      "failure_pct": 3.33
    },
    {
      "licensee_id": 39,
      "total": 79,
      "successful": 79,
      "failed": 0,
      "failure_pct": 0.0
    },
    {
      "licensee_id": 50,
      "total": 68,
      "successful": 67,
      "failed": 1,
      "failure_pct": 1.47
    },
    {
      "licensee_id": 3,
      "total": 67,
      "successful": 66,
      "failed": 1,
      "failure_pct": 1.49
    },
    {
      "licensee_id": 55,
      "total": 47,
      "successful": 44,
      "failed": 3,
      "failure_pct": 6.38
    }
  ],
  "hourly_trend": [
    {
      "hour": "2026-05-21 23:00:00",
      "total": 75,
      "successful": 73,
      "failed": 2
    },
    {
      "hour": "2026-05-22 00:00:00",
      "total": 97,
      "successful": 93,
      "failed": 4
    },
    {
      "hour": "2026-05-22 01:00:00",
      "total": 88,
      "successful": 85,
      "failed": 3
    },
    {
      "hour": "2026-05-22 02:00:00",
      "total": 110,
      "successful": 105,
      "failed": 5
    },
    {
      "hour": "2026-05-22 03:00:00",
      "total": 57,
      "successful": 55,
      "failed": 2
    },
    {
      "hour": "2026-05-22 04:00:00",
      "total": 50,
      "successful": 49,
      "failed": 1
    },
    {
      "hour": "2026-05-22 05:00:00",
      "total": 33,
      "successful": 32,
      "failed": 1
    },
    {
      "hour": "2026-05-22 06:00:00",
      "total": 26,
      "successful": 26,
      "failed": 0
    },
    {
      "hour": "2026-05-22 07:00:00",
      "total": 12,
      "successful": 12,
      "failed": 0
    },
    {
      "hour": "2026-05-22 08:00:00",
      "total": 4,
      "successful": 4,
      "failed": 0
    },
    {
      "hour": "2026-05-22 09:00:00",
      "total": 8,
      "successful": 8,
      "failed": 0
    },
    {
      "hour": "2026-05-22 10:00:00",
      "total": 7,
      "successful": 6,
      "failed": 1
    },
    {
      "hour": "2026-05-22 11:00:00",
      "total": 16,
      "successful": 14,
      "failed": 2
    },
    {
      "hour": "2026-05-22 12:00:00",
      "total": 16,
      "successful": 16,
      "failed": 0
    },
    {
      "hour": "2026-05-22 13:00:00",
      "total": 43,
      "successful": 43,
      "failed": 0
    },
    {
      "hour": "2026-05-22 14:00:00",
      "total": 54,
      "successful": 53,
      "failed": 1
    },
    {
      "hour": "2026-05-22 15:00:00",
      "total": 110,
      "successful": 109,
      "failed": 1
    },
    {
      "hour": "2026-05-22 16:00:00",
      "total": 108,
      "successful": 106,
      "failed": 2
    },
    {
      "hour": "2026-05-22 17:00:00",
      "total": 126,
      "successful": 116,
      "failed": 10
    },
    {
      "hour": "2026-05-22 18:00:00",
      "total": 144,
      "successful": 144,
      "failed": 0
    },
    {
      "hour": "2026-05-22 19:00:00",
      "total": 120,
      "successful": 116,
      "failed": 4
    },
    {
      "hour": "2026-05-22 20:00:00",
      "total": 119,
      "successful": 116,
      "failed": 3
    },
    {
      "hour": "2026-05-22 21:00:00",
      "total": 126,
      "successful": 122,
      "failed": 4
    },
    {
      "hour": "2026-05-22 22:00:00",
      "total": 93,
      "successful": 92,
      "failed": 1
    },
    {
      "hour": "2026-05-22 23:00:00",
      "total": 21,
      "successful": 21,
      "failed": 0
    }
  ],
  "top_failure_reasons": [
    {
      "reason": "Hotel.Express.Book: Booking failed due to CC failure",
      "count": 8,
      "adapters": "PRICELINE_HOTEL"
    },
    {
      "reason": "Provided card number is invalid.",
      "count": 6,
      "adapters": "EAN_RAPID"
    },
    {
      "reason": "One or more requested rooms are unavailable.",
      "count": 5,
      "adapters": "EAN_RAPID"
    },
    {
      "reason": "Pnr has not been created successfully, see remaining messages for detailsEnhancedhotelbookrq: unable to perform hotel booking step. see below messages for details.. updatereservationrq: $invalid cc checksum$ (code: 3009)",
      "count": 5,
      "adapters": "SABRE_HOTEL"
    },
    {
      "reason": "Hotel.Express.Book: Requested room is not available",
      "count": 4,
      "adapters": "PRICELINE_HOTEL"
    },
    {
      "reason": "Hotel.Express.Contract: Rates not found",
      "count": 2,
      "adapters": "PRICELINE_HOTEL"
    },
    {
      "reason": "Pnr has not been created successfully, see remaining messages for detailsEnhancedhotelbookrq: hotel booking segment status is unconfirmed. please retry the transaction.. updatereservationrq: hotel does not support this card type (code: warn.0506)",
      "count": 2,
      "adapters": "SABRE_HOTEL"
    },
    {
      "reason": "The payment could not be processed. The card holder should contact their issuing bank for more information.",
      "count": 2,
      "adapters": "EAN_RAPID"
    },
    {
      "reason": "The payment could not be processed due to suspected fraud. The card holder should contact their issuing bank for more information.",
      "count": 2,
      "adapters": "EAN_RAPID"
    },
    {
      "reason": "The payment could not be processed because of insufficient funds.",
      "count": 2,
      "adapters": "EAN_RAPID"
    }
  ]
}
Archived existing dashboard → index_20260522_190842.html
[2/4] Generating dashboard...
Dashboard saved to: /Users/jayaprasadkakkassery/myExperements/my-dashboard/index.html
Open in browser:    open /Users/jayaprasadkakkassery/myExperements/my-dashboard/index.html
[3/4] Pushing to GitHub Pages...
[gh-pages 9c1f7a7] Dashboard refresh (Last 24 hour(s) · All licensees & adapters) - 2026-05-22 19:08:43
 2 files changed, 622 insertions(+), 111 deletions(-)
 create mode 100644 index_20260522_190842.html
[4/4] Done!

============================================
 Dashboard live at:
 https://jaykakkassery.github.io/my-dashboard
 Range  : Last 24 hour(s)
 Filters: · All licensees & adapters
 Updated: Fri May 22 19:08:44 EDT 2026
============================================
============================================
 TST Booking Dashboard - Refreshing...
 Range  : Last 24 hour(s)
 Filters: · All licensees & adapters
============================================
[1/4] Querying database (Last 24 hour(s) · All licensees & adapters)...
{
  "status": "error",
  "error": "2003 (HY000): Can't connect to MySQL server on 'mysqlread.prod.infra.tstllc.net:3306' (60)"
}
Archived existing dashboard → index_20260522_200900.html
[2/4] Generating dashboard...
Dashboard saved to: /Users/jayaprasadkakkassery/myExperements/my-dashboard/index.html
Open in browser:    open /Users/jayaprasadkakkassery/myExperements/my-dashboard/index.html
[3/4] Pushing to GitHub Pages...
[gh-pages 27a9ebf] Dashboard refresh (Last 24 hour(s) · All licensees & adapters) - 2026-05-22 20:09:00
 2 files changed, 514 insertions(+), 511 deletions(-)
 create mode 100644 index_20260522_200900.html
[4/4] Done!

============================================
 Dashboard live at:
 https://jaykakkassery.github.io/my-dashboard
 Range  : Last 24 hour(s)
 Filters: · All licensees & adapters
 Updated: Fri May 22 20:09:02 EDT 2026
============================================
============================================
 TST Booking Dashboard - Refreshing...
 Range  : Last 24 hour(s)
 Filters: · All licensees & adapters
============================================
[1/4] Querying database (Last 24 hour(s) · All licensees & adapters)...
{
  "status": "error",
  "error": "2003 (HY000): Can't connect to MySQL server on 'mysqlread.prod.infra.tstllc.net:3306' (60)"
}
Archived existing dashboard → index_20260522_210917.html
[2/4] Generating dashboard...
Dashboard saved to: /Users/jayaprasadkakkassery/myExperements/my-dashboard/index.html
Open in browser:    open /Users/jayaprasadkakkassery/myExperements/my-dashboard/index.html
[3/4] Pushing to GitHub Pages...
[gh-pages f5883d1] Dashboard refresh (Last 24 hour(s) · All licensees & adapters) - 2026-05-22 21:09:17
 1 file changed, 3 insertions(+)
 create mode 100644 index_20260522_210917.html
[4/4] Done!

============================================
 Dashboard live at:
 https://jaykakkassery.github.io/my-dashboard
 Range  : Last 24 hour(s)
 Filters: · All licensees & adapters
 Updated: Fri May 22 21:09:18 EDT 2026
============================================
============================================
 TST Booking Dashboard - Refreshing...
 Range  : Last 24 hour(s)
 Filters: · All licensees & adapters
============================================
[1/4] Querying database (Last 24 hour(s) · All licensees & adapters)...
{
  "status": "error",
  "error": "2003 (HY000): Can't connect to MySQL server on 'mysqlread.prod.infra.tstllc.net:3306' (60)"
}
Archived existing dashboard → index_20260522_220934.html
[2/4] Generating dashboard...
Dashboard saved to: /Users/jayaprasadkakkassery/myExperements/my-dashboard/index.html
Open in browser:    open /Users/jayaprasadkakkassery/myExperements/my-dashboard/index.html
[3/4] Pushing to GitHub Pages...
[gh-pages 6e62524] Dashboard refresh (Last 24 hour(s) · All licensees & adapters) - 2026-05-22 22:09:34
 1 file changed, 3 insertions(+)
 create mode 100644 index_20260522_220934.html
[4/4] Done!

============================================
 Dashboard live at:
 https://jaykakkassery.github.io/my-dashboard
 Range  : Last 24 hour(s)
 Filters: · All licensees & adapters
 Updated: Fri May 22 22:09:35 EDT 2026
============================================
============================================
 TST Booking Dashboard - Refreshing...
 Range  : Last 24 hour(s)
 Filters: · All licensees & adapters
============================================
[1/4] Querying database (Last 24 hour(s) · All licensees & adapters)...
{
  "status": "error",
  "error": "2003 (HY000): Can't connect to MySQL server on 'mysqlread.prod.infra.tstllc.net:3306' (60)"
}
Archived existing dashboard → index_20260522_230949.html
[2/4] Generating dashboard...
Dashboard saved to: /Users/jayaprasadkakkassery/myExperements/my-dashboard/index.html
Open in browser:    open /Users/jayaprasadkakkassery/myExperements/my-dashboard/index.html
[3/4] Pushing to GitHub Pages...
[gh-pages a427cdf] Dashboard refresh (Last 24 hour(s) · All licensees & adapters) - 2026-05-22 23:09:49
 1 file changed, 3 insertions(+)
 create mode 100644 index_20260522_230949.html
[4/4] Done!

============================================
 Dashboard live at:
 https://jaykakkassery.github.io/my-dashboard
 Range  : Last 24 hour(s)
 Filters: · All licensees & adapters
 Updated: Fri May 22 23:09:51 EDT 2026
============================================
============================================
 TST Booking Dashboard - Refreshing...
 Range  : Last 24 hour(s)
 Filters: · All licensees & adapters
============================================
[1/4] Querying database (Last 24 hour(s) · All licensees & adapters)...
{
  "status": "error",
  "error": "2003 (HY000): Can't connect to MySQL server on 'mysqlread.prod.infra.tstllc.net:3306' (60)"
}
Archived existing dashboard → index_20260523_001005.html
[2/4] Generating dashboard...
Dashboard saved to: /Users/jayaprasadkakkassery/myExperements/my-dashboard/index.html
Open in browser:    open /Users/jayaprasadkakkassery/myExperements/my-dashboard/index.html
[3/4] Pushing to GitHub Pages...
[gh-pages d2e0898] Dashboard refresh (Last 24 hour(s) · All licensees & adapters) - 2026-05-23 00:10:06
 1 file changed, 3 insertions(+)
 create mode 100644 index_20260523_001005.html
[4/4] Done!

============================================
 Dashboard live at:
 https://jaykakkassery.github.io/my-dashboard
 Range  : Last 24 hour(s)
 Filters: · All licensees & adapters
 Updated: Sat May 23 00:10:07 EDT 2026
============================================
============================================
 TST Booking Dashboard - Refreshing...
 Range  : Last 24 hour(s)
 Filters: · All licensees & adapters
============================================
[1/4] Querying database (Last 24 hour(s) · All licensees & adapters)...
{
  "status": "error",
  "error": "2003 (HY000): Can't connect to MySQL server on 'mysqlread.prod.infra.tstllc.net:3306' (60)"
}
Archived existing dashboard → index_20260523_011022.html
[2/4] Generating dashboard...
Dashboard saved to: /Users/jayaprasadkakkassery/myExperements/my-dashboard/index.html
Open in browser:    open /Users/jayaprasadkakkassery/myExperements/my-dashboard/index.html
[3/4] Pushing to GitHub Pages...
[gh-pages 649133f] Dashboard refresh (Last 24 hour(s) · All licensees & adapters) - 2026-05-23 01:10:22
 1 file changed, 3 insertions(+)
 create mode 100644 index_20260523_011022.html
[4/4] Done!

============================================
 Dashboard live at:
 https://jaykakkassery.github.io/my-dashboard
 Range  : Last 24 hour(s)
 Filters: · All licensees & adapters
 Updated: Sat May 23 01:10:24 EDT 2026
============================================
============================================
 TST Booking Dashboard - Refreshing...
 Range  : Last 24 hour(s)
 Filters: · All licensees & adapters
============================================
[1/4] Querying database (Last 24 hour(s) · All licensees & adapters)...
{
  "status": "error",
  "error": "2003 (HY000): Can't connect to MySQL server on 'mysqlread.prod.infra.tstllc.net:3306' (60)"
}
Archived existing dashboard → index_20260523_021039.html
[2/4] Generating dashboard...
Dashboard saved to: /Users/jayaprasadkakkassery/myExperements/my-dashboard/index.html
Open in browser:    open /Users/jayaprasadkakkassery/myExperements/my-dashboard/index.html
[3/4] Pushing to GitHub Pages...
[gh-pages 5f66226] Dashboard refresh (Last 24 hour(s) · All licensees & adapters) - 2026-05-23 02:10:40
 1 file changed, 3 insertions(+)
 create mode 100644 index_20260523_021039.html
[4/4] Done!

============================================
 Dashboard live at:
 https://jaykakkassery.github.io/my-dashboard
 Range  : Last 24 hour(s)
 Filters: · All licensees & adapters
 Updated: Sat May 23 02:10:41 EDT 2026
============================================
============================================
 TST Booking Dashboard - Refreshing...
 Range  : Last 24 hour(s)
 Filters: · All licensees & adapters
============================================
[1/4] Querying database (Last 24 hour(s) · All licensees & adapters)...
{
  "status": "error",
  "error": "2003 (HY000): Can't connect to MySQL server on 'mysqlread.prod.infra.tstllc.net:3306' (60)"
}
Archived existing dashboard → index_20260523_031055.html
[2/4] Generating dashboard...
Dashboard saved to: /Users/jayaprasadkakkassery/myExperements/my-dashboard/index.html
Open in browser:    open /Users/jayaprasadkakkassery/myExperements/my-dashboard/index.html
[3/4] Pushing to GitHub Pages...
[gh-pages ee65a44] Dashboard refresh (Last 24 hour(s) · All licensees & adapters) - 2026-05-23 03:10:55
 1 file changed, 3 insertions(+)
 create mode 100644 index_20260523_031055.html
[4/4] Done!

============================================
 Dashboard live at:
 https://jaykakkassery.github.io/my-dashboard
 Range  : Last 24 hour(s)
 Filters: · All licensees & adapters
 Updated: Sat May 23 03:10:57 EDT 2026
============================================
============================================
 TST Booking Dashboard - Refreshing...
 Range  : Last 24 hour(s)
 Filters: · All licensees & adapters
============================================
[1/4] Querying database (Last 24 hour(s) · All licensees & adapters)...
{
  "status": "error",
  "error": "2003 (HY000): Can't connect to MySQL server on 'mysqlread.prod.infra.tstllc.net:3306' (60)"
}
Archived existing dashboard → index_20260523_041112.html
[2/4] Generating dashboard...
Dashboard saved to: /Users/jayaprasadkakkassery/myExperements/my-dashboard/index.html
Open in browser:    open /Users/jayaprasadkakkassery/myExperements/my-dashboard/index.html
[3/4] Pushing to GitHub Pages...
[gh-pages b2c0412] Dashboard refresh (Last 24 hour(s) · All licensees & adapters) - 2026-05-23 04:11:12
 1 file changed, 3 insertions(+)
 create mode 100644 index_20260523_041112.html
[4/4] Done!

============================================
 Dashboard live at:
 https://jaykakkassery.github.io/my-dashboard
 Range  : Last 24 hour(s)
 Filters: · All licensees & adapters
 Updated: Sat May 23 04:11:13 EDT 2026
============================================
============================================
 TST Booking Dashboard - Refreshing...
 Range  : Last 24 hour(s)
 Filters: · All licensees & adapters
============================================
[1/4] Querying database (Last 24 hour(s) · All licensees & adapters)...
{
  "status": "error",
  "error": "2003 (HY000): Can't connect to MySQL server on 'mysqlread.prod.infra.tstllc.net:3306' (60)"
}
Archived existing dashboard → index_20260523_051128.html
[2/4] Generating dashboard...
Dashboard saved to: /Users/jayaprasadkakkassery/myExperements/my-dashboard/index.html
Open in browser:    open /Users/jayaprasadkakkassery/myExperements/my-dashboard/index.html
[3/4] Pushing to GitHub Pages...
[gh-pages a95bd48] Dashboard refresh (Last 24 hour(s) · All licensees & adapters) - 2026-05-23 05:11:29
 1 file changed, 3 insertions(+)
 create mode 100644 index_20260523_051128.html
[4/4] Done!

============================================
 Dashboard live at:
 https://jaykakkassery.github.io/my-dashboard
 Range  : Last 24 hour(s)
 Filters: · All licensees & adapters
 Updated: Sat May 23 05:11:31 EDT 2026
============================================
============================================
 TST Booking Dashboard - Refreshing...
 Range  : Last 24 hour(s)
 Filters: · All licensees & adapters
============================================
[1/4] Querying database (Last 24 hour(s) · All licensees & adapters)...
{
  "status": "error",
  "error": "2003 (HY000): Can't connect to MySQL server on 'mysqlread.prod.infra.tstllc.net:3306' (60)"
}
Archived existing dashboard → index_20260523_061145.html
[2/4] Generating dashboard...
Dashboard saved to: /Users/jayaprasadkakkassery/myExperements/my-dashboard/index.html
Open in browser:    open /Users/jayaprasadkakkassery/myExperements/my-dashboard/index.html
[3/4] Pushing to GitHub Pages...
[gh-pages 39bc6a8] Dashboard refresh (Last 24 hour(s) · All licensees & adapters) - 2026-05-23 06:11:45
 1 file changed, 3 insertions(+)
 create mode 100644 index_20260523_061145.html
[4/4] Done!

============================================
 Dashboard live at:
 https://jaykakkassery.github.io/my-dashboard
 Range  : Last 24 hour(s)
 Filters: · All licensees & adapters
 Updated: Sat May 23 06:11:46 EDT 2026
============================================
============================================
 TST Booking Dashboard - Refreshing...
 Range  : Last 24 hour(s)
 Filters: · All licensees & adapters
============================================
[1/4] Querying database (Last 24 hour(s) · All licensees & adapters)...
{
  "status": "error",
  "error": "2003 (HY000): Can't connect to MySQL server on 'mysqlread.prod.infra.tstllc.net:3306' (60)"
}
Archived existing dashboard → index_20260523_071201.html
[2/4] Generating dashboard...
Dashboard saved to: /Users/jayaprasadkakkassery/myExperements/my-dashboard/index.html
Open in browser:    open /Users/jayaprasadkakkassery/myExperements/my-dashboard/index.html
[3/4] Pushing to GitHub Pages...
[gh-pages 066f115] Dashboard refresh (Last 24 hour(s) · All licensees & adapters) - 2026-05-23 07:12:01
 1 file changed, 3 insertions(+)
 create mode 100644 index_20260523_071201.html
[4/4] Done!

============================================
 Dashboard live at:
 https://jaykakkassery.github.io/my-dashboard
 Range  : Last 24 hour(s)
 Filters: · All licensees & adapters
 Updated: Sat May 23 07:12:03 EDT 2026
============================================
============================================
 TST Booking Dashboard - Refreshing...
 Range  : Last 24 hour(s)
 Filters: · All licensees & adapters
============================================
[1/4] Querying database (Last 24 hour(s) · All licensees & adapters)...
{
  "status": "error",
  "error": "2003 (HY000): Can't connect to MySQL server on 'mysqlread.prod.infra.tstllc.net:3306' (60)"
}
Archived existing dashboard → index_20260523_081217.html
[2/4] Generating dashboard...
Dashboard saved to: /Users/jayaprasadkakkassery/myExperements/my-dashboard/index.html
Open in browser:    open /Users/jayaprasadkakkassery/myExperements/my-dashboard/index.html
[3/4] Pushing to GitHub Pages...
[gh-pages 88d3188] Dashboard refresh (Last 24 hour(s) · All licensees & adapters) - 2026-05-23 08:12:17
 1 file changed, 3 insertions(+)
 create mode 100644 index_20260523_081217.html
[4/4] Done!

============================================
 Dashboard live at:
 https://jaykakkassery.github.io/my-dashboard
 Range  : Last 24 hour(s)
 Filters: · All licensees & adapters
 Updated: Sat May 23 08:12:18 EDT 2026
============================================
============================================
 TST Booking Dashboard - Refreshing...
 Range  : Last 24 hour(s)
 Filters: · All licensees & adapters
============================================
[1/4] Querying database (Last 24 hour(s) · All licensees & adapters)...
{
  "status": "error",
  "error": "2003 (HY000): Can't connect to MySQL server on 'mysqlread.prod.infra.tstllc.net:3306' (60)"
}
Archived existing dashboard → index_20260523_091232.html
[2/4] Generating dashboard...
Dashboard saved to: /Users/jayaprasadkakkassery/myExperements/my-dashboard/index.html
Open in browser:    open /Users/jayaprasadkakkassery/myExperements/my-dashboard/index.html
[3/4] Pushing to GitHub Pages...
[gh-pages 5acada4] Dashboard refresh (Last 24 hour(s) · All licensees & adapters) - 2026-05-23 09:12:32
 1 file changed, 3 insertions(+)
 create mode 100644 index_20260523_091232.html
[4/4] Done!

============================================
 Dashboard live at:
 https://jaykakkassery.github.io/my-dashboard
 Range  : Last 24 hour(s)
 Filters: · All licensees & adapters
 Updated: Sat May 23 09:12:34 EDT 2026
============================================
============================================
 TST Booking Dashboard - Refreshing...
 Range  : Last 24 hour(s)
 Filters: · All licensees & adapters
============================================
[1/4] Querying database (Last 24 hour(s) · All licensees & adapters)...
{
  "status": "error",
  "error": "2003 (HY000): Can't connect to MySQL server on 'mysqlread.prod.infra.tstllc.net:3306' (60)"
}
Archived existing dashboard → index_20260523_101248.html
[2/4] Generating dashboard...
Dashboard saved to: /Users/jayaprasadkakkassery/myExperements/my-dashboard/index.html
Open in browser:    open /Users/jayaprasadkakkassery/myExperements/my-dashboard/index.html
[3/4] Pushing to GitHub Pages...
[gh-pages fd8d664] Dashboard refresh (Last 24 hour(s) · All licensees & adapters) - 2026-05-23 10:12:49
 1 file changed, 3 insertions(+)
 create mode 100644 index_20260523_101248.html
[4/4] Done!

============================================
 Dashboard live at:
 https://jaykakkassery.github.io/my-dashboard
 Range  : Last 24 hour(s)
 Filters: · All licensees & adapters
 Updated: Sat May 23 10:12:50 EDT 2026
============================================
============================================
 TST Booking Dashboard - Refreshing...
 Range  : Last 24 hour(s)
 Filters: · All licensees & adapters
============================================
[1/4] Querying database (Last 24 hour(s) · All licensees & adapters)...
{
  "status": "error",
  "error": "2003 (HY000): Can't connect to MySQL server on 'mysqlread.prod.infra.tstllc.net:3306' (60)"
}
Archived existing dashboard → index_20260523_111307.html
[2/4] Generating dashboard...
Dashboard saved to: /Users/jayaprasadkakkassery/myExperements/my-dashboard/index.html
Open in browser:    open /Users/jayaprasadkakkassery/myExperements/my-dashboard/index.html
[3/4] Pushing to GitHub Pages...
[gh-pages 960b31c] Dashboard refresh (Last 24 hour(s) · All licensees & adapters) - 2026-05-23 11:13:08
 1 file changed, 3 insertions(+)
 create mode 100644 index_20260523_111307.html
[4/4] Done!

============================================
 Dashboard live at:
 https://jaykakkassery.github.io/my-dashboard
 Range  : Last 24 hour(s)
 Filters: · All licensees & adapters
 Updated: Sat May 23 11:13:09 EDT 2026
============================================
============================================
 TST Booking Dashboard - Refreshing...
 Range  : Last 24 hour(s)
 Filters: · All licensees & adapters
============================================
[1/4] Querying database (Last 24 hour(s) · All licensees & adapters)...
{
  "status": "error",
  "error": "2003 (HY000): Can't connect to MySQL server on 'mysqlread.prod.infra.tstllc.net:3306' (60)"
}
Archived existing dashboard → index_20260523_121325.html
[2/4] Generating dashboard...
Dashboard saved to: /Users/jayaprasadkakkassery/myExperements/my-dashboard/index.html
Open in browser:    open /Users/jayaprasadkakkassery/myExperements/my-dashboard/index.html
[3/4] Pushing to GitHub Pages...
[gh-pages a293b6b] Dashboard refresh (Last 24 hour(s) · All licensees & adapters) - 2026-05-23 12:13:26
 1 file changed, 3 insertions(+)
 create mode 100644 index_20260523_121325.html
[4/4] Done!

============================================
 Dashboard live at:
 https://jaykakkassery.github.io/my-dashboard
 Range  : Last 24 hour(s)
 Filters: · All licensees & adapters
 Updated: Sat May 23 12:13:27 EDT 2026
============================================
============================================
 TST Booking Dashboard - Refreshing...
 Range  : Last 24 hour(s)
 Filters: · All licensees & adapters
============================================
[1/4] Querying database (Last 24 hour(s) · All licensees & adapters)...
{
  "status": "error",
  "error": "2003 (HY000): Can't connect to MySQL server on 'mysqlread.prod.infra.tstllc.net:3306' (60)"
}
Archived existing dashboard → index_20260523_131342.html
[2/4] Generating dashboard...
Dashboard saved to: /Users/jayaprasadkakkassery/myExperements/my-dashboard/index.html
Open in browser:    open /Users/jayaprasadkakkassery/myExperements/my-dashboard/index.html
[3/4] Pushing to GitHub Pages...
[gh-pages 5cdceca] Dashboard refresh (Last 24 hour(s) · All licensees & adapters) - 2026-05-23 13:13:42
 1 file changed, 3 insertions(+)
 create mode 100644 index_20260523_131342.html
[4/4] Done!

============================================
 Dashboard live at:
 https://jaykakkassery.github.io/my-dashboard
 Range  : Last 24 hour(s)
 Filters: · All licensees & adapters
 Updated: Sat May 23 13:13:44 EDT 2026
============================================
============================================
 TST Booking Dashboard - Refreshing...
 Range  : Last 24 hour(s)
 Filters: · All licensees & adapters
============================================
[1/4] Querying database (Last 24 hour(s) · All licensees & adapters)...
{
  "status": "error",
  "error": "2003 (HY000): Can't connect to MySQL server on 'mysqlread.prod.infra.tstllc.net:3306' (60)"
}
Archived existing dashboard → index_20260523_144159.html
[2/4] Generating dashboard...
Dashboard saved to: /Users/jayaprasadkakkassery/myExperements/my-dashboard/index.html
Open in browser:    open /Users/jayaprasadkakkassery/myExperements/my-dashboard/index.html
[3/4] Pushing to GitHub Pages...
[gh-pages 6abeac1] Dashboard refresh (Last 24 hour(s) · All licensees & adapters) - 2026-05-23 14:41:59
 1 file changed, 3 insertions(+)
 create mode 100644 index_20260523_144159.html
[4/4] Done!

============================================
 Dashboard live at:
 https://jaykakkassery.github.io/my-dashboard
 Range  : Last 24 hour(s)
 Filters: · All licensees & adapters
 Updated: Sat May 23 14:42:01 EDT 2026
============================================
============================================
 TST Booking Dashboard - Refreshing...
 Range  : Last 24 hour(s)
 Filters: · All licensees & adapters
============================================
[1/4] Querying database (Last 24 hour(s) · All licensees & adapters)...
{
  "status": "error",
  "error": "2003 (HY000): Can't connect to MySQL server on 'mysqlread.prod.infra.tstllc.net:3306' (60)"
}
Archived existing dashboard → index_20260523_154216.html
[2/4] Generating dashboard...
Dashboard saved to: /Users/jayaprasadkakkassery/myExperements/my-dashboard/index.html
Open in browser:    open /Users/jayaprasadkakkassery/myExperements/my-dashboard/index.html
[3/4] Pushing to GitHub Pages...
[gh-pages c04a9d8] Dashboard refresh (Last 24 hour(s) · All licensees & adapters) - 2026-05-23 15:42:17
 1 file changed, 3 insertions(+)
 create mode 100644 index_20260523_154216.html
[4/4] Done!

============================================
 Dashboard live at:
 https://jaykakkassery.github.io/my-dashboard
 Range  : Last 24 hour(s)
 Filters: · All licensees & adapters
 Updated: Sat May 23 15:42:19 EDT 2026
============================================
============================================
 TST Booking Dashboard - Refreshing...
 Range  : Last 24 hour(s)
 Filters: · All licensees & adapters
============================================
[1/4] Querying database (Last 24 hour(s) · All licensees & adapters)...
{
  "status": "error",
  "error": "2003 (HY000): Can't connect to MySQL server on 'mysqlread.prod.infra.tstllc.net:3306' (60)"
}
Archived existing dashboard → index_20260523_170042.html
[2/4] Generating dashboard...
Dashboard saved to: /Users/jayaprasadkakkassery/myExperements/my-dashboard/index.html
Open in browser:    open /Users/jayaprasadkakkassery/myExperements/my-dashboard/index.html
[3/4] Pushing to GitHub Pages...
[gh-pages 531f949] Dashboard refresh (Last 24 hour(s) · All licensees & adapters) - 2026-05-23 17:00:42
 1 file changed, 3 insertions(+)
 create mode 100644 index_20260523_170042.html
[4/4] Done!

============================================
 Dashboard live at:
 https://jaykakkassery.github.io/my-dashboard
 Range  : Last 24 hour(s)
 Filters: · All licensees & adapters
 Updated: Sat May 23 17:00:44 EDT 2026
============================================
============================================
 TST Booking Dashboard - Refreshing...
 Range  : Last 24 hour(s)
 Filters: · All licensees & adapters
============================================
[1/4] Querying database (Last 24 hour(s) · All licensees & adapters)...
{
  "status": "error",
  "error": "2003 (HY000): Can't connect to MySQL server on 'mysqlread.prod.infra.tstllc.net:3306' (60)"
}
Archived existing dashboard → index_20260523_182736.html
[2/4] Generating dashboard...
Dashboard saved to: /Users/jayaprasadkakkassery/myExperements/my-dashboard/index.html
Open in browser:    open /Users/jayaprasadkakkassery/myExperements/my-dashboard/index.html
[3/4] Pushing to GitHub Pages...
[gh-pages b2ae917] Dashboard refresh (Last 24 hour(s) · All licensees & adapters) - 2026-05-23 18:27:36
 1 file changed, 3 insertions(+)
 create mode 100644 index_20260523_182736.html
[4/4] Done!

============================================
 Dashboard live at:
 https://jaykakkassery.github.io/my-dashboard
 Range  : Last 24 hour(s)
 Filters: · All licensees & adapters
 Updated: Sat May 23 18:27:38 EDT 2026
============================================
============================================
 TST Booking Dashboard - Refreshing...
 Range  : Last 24 hour(s)
 Filters: · All licensees & adapters
============================================
[1/4] Querying database (Last 24 hour(s) · All licensees & adapters)...
{
  "status": "error",
  "error": "2003 (HY000): Can't connect to MySQL server on 'mysqlread.prod.infra.tstllc.net:3306' (60)"
}
Archived existing dashboard → index_20260523_192753.html
[2/4] Generating dashboard...
Dashboard saved to: /Users/jayaprasadkakkassery/myExperements/my-dashboard/index.html
Open in browser:    open /Users/jayaprasadkakkassery/myExperements/my-dashboard/index.html
[3/4] Pushing to GitHub Pages...
[gh-pages 162ef12] Dashboard refresh (Last 24 hour(s) · All licensees & adapters) - 2026-05-23 19:27:53
 1 file changed, 3 insertions(+)
 create mode 100644 index_20260523_192753.html
[4/4] Done!

============================================
 Dashboard live at:
 https://jaykakkassery.github.io/my-dashboard
 Range  : Last 24 hour(s)
 Filters: · All licensees & adapters
 Updated: Sat May 23 19:27:55 EDT 2026
============================================
============================================
 TST Booking Dashboard - Refreshing...
 Range  : Last 24 hour(s)
 Filters: · All licensees & adapters
============================================
[1/4] Querying database (Last 24 hour(s) · All licensees & adapters)...
{
  "status": "error",
  "error": "2003 (HY000): Can't connect to MySQL server on 'mysqlread.prod.infra.tstllc.net:3306' (60)"
}
Archived existing dashboard → index_20260523_202808.html
[2/4] Generating dashboard...
Dashboard saved to: /Users/jayaprasadkakkassery/myExperements/my-dashboard/index.html
Open in browser:    open /Users/jayaprasadkakkassery/myExperements/my-dashboard/index.html
[3/4] Pushing to GitHub Pages...
[gh-pages 108021a] Dashboard refresh (Last 24 hour(s) · All licensees & adapters) - 2026-05-23 20:28:09
 1 file changed, 3 insertions(+)
 create mode 100644 index_20260523_202808.html
[4/4] Done!

============================================
 Dashboard live at:
 https://jaykakkassery.github.io/my-dashboard
 Range  : Last 24 hour(s)
 Filters: · All licensees & adapters
 Updated: Sat May 23 20:28:10 EDT 2026
============================================
============================================
 TST Booking Dashboard - Refreshing...
 Range  : Last 24 hour(s)
 Filters: · All licensees & adapters
============================================
[1/4] Querying database (Last 24 hour(s) · All licensees & adapters)...
{
  "status": "error",
  "error": "2003 (HY000): Can't connect to MySQL server on 'mysqlread.prod.infra.tstllc.net:3306' (60)"
}
Archived existing dashboard → index_20260523_212825.html
[2/4] Generating dashboard...
Dashboard saved to: /Users/jayaprasadkakkassery/myExperements/my-dashboard/index.html
Open in browser:    open /Users/jayaprasadkakkassery/myExperements/my-dashboard/index.html
[3/4] Pushing to GitHub Pages...
[gh-pages 8627c01] Dashboard refresh (Last 24 hour(s) · All licensees & adapters) - 2026-05-23 21:28:25
 1 file changed, 3 insertions(+)
 create mode 100644 index_20260523_212825.html
[4/4] Done!

============================================
 Dashboard live at:
 https://jaykakkassery.github.io/my-dashboard
 Range  : Last 24 hour(s)
 Filters: · All licensees & adapters
 Updated: Sat May 23 21:28:27 EDT 2026
============================================
============================================
 TST Booking Dashboard - Refreshing...
 Range  : Last 24 hour(s)
 Filters: · All licensees & adapters
============================================
[1/4] Querying database (Last 24 hour(s) · All licensees & adapters)...
{
  "status": "error",
  "error": "2003 (HY000): Can't connect to MySQL server on 'mysqlread.prod.infra.tstllc.net:3306' (60)"
}
Archived existing dashboard → index_20260523_222842.html
[2/4] Generating dashboard...
Dashboard saved to: /Users/jayaprasadkakkassery/myExperements/my-dashboard/index.html
Open in browser:    open /Users/jayaprasadkakkassery/myExperements/my-dashboard/index.html
[3/4] Pushing to GitHub Pages...
[gh-pages 5c63249] Dashboard refresh (Last 24 hour(s) · All licensees & adapters) - 2026-05-23 22:28:43
 1 file changed, 3 insertions(+)
 create mode 100644 index_20260523_222842.html
[4/4] Done!

============================================
 Dashboard live at:
 https://jaykakkassery.github.io/my-dashboard
 Range  : Last 24 hour(s)
 Filters: · All licensees & adapters
 Updated: Sat May 23 22:28:44 EDT 2026
============================================
============================================
 TST Booking Dashboard - Refreshing...
 Range  : Last 24 hour(s)
 Filters: · All licensees & adapters
============================================
[1/4] Querying database (Last 24 hour(s) · All licensees & adapters)...
{
  "status": "error",
  "error": "2003 (HY000): Can't connect to MySQL server on 'mysqlread.prod.infra.tstllc.net:3306' (60)"
}
Archived existing dashboard → index_20260523_232900.html
[2/4] Generating dashboard...
Dashboard saved to: /Users/jayaprasadkakkassery/myExperements/my-dashboard/index.html
Open in browser:    open /Users/jayaprasadkakkassery/myExperements/my-dashboard/index.html
[3/4] Pushing to GitHub Pages...
[gh-pages 2c60bc5] Dashboard refresh (Last 24 hour(s) · All licensees & adapters) - 2026-05-23 23:29:00
 1 file changed, 3 insertions(+)
 create mode 100644 index_20260523_232900.html
[4/4] Done!

============================================
 Dashboard live at:
 https://jaykakkassery.github.io/my-dashboard
 Range  : Last 24 hour(s)
 Filters: · All licensees & adapters
 Updated: Sat May 23 23:29:02 EDT 2026
============================================
============================================
 TST Booking Dashboard - Refreshing...
 Range  : Last 24 hour(s)
 Filters: · All licensees & adapters
============================================
[1/4] Querying database (Last 24 hour(s) · All licensees & adapters)...
{
  "status": "error",
  "error": "2003 (HY000): Can't connect to MySQL server on 'mysqlread.prod.infra.tstllc.net:3306' (60)"
}
Archived existing dashboard → index_20260524_002917.html
[2/4] Generating dashboard...
Dashboard saved to: /Users/jayaprasadkakkassery/myExperements/my-dashboard/index.html
Open in browser:    open /Users/jayaprasadkakkassery/myExperements/my-dashboard/index.html
[3/4] Pushing to GitHub Pages...
[gh-pages fdcf49b] Dashboard refresh (Last 24 hour(s) · All licensees & adapters) - 2026-05-24 00:29:18
 1 file changed, 3 insertions(+)
 create mode 100644 index_20260524_002917.html
[4/4] Done!

============================================
 Dashboard live at:
 https://jaykakkassery.github.io/my-dashboard
 Range  : Last 24 hour(s)
 Filters: · All licensees & adapters
 Updated: Sun May 24 00:29:20 EDT 2026
============================================
============================================
 TST Booking Dashboard - Refreshing...
 Range  : Last 24 hour(s)
 Filters: · All licensees & adapters
============================================
[1/4] Querying database (Last 24 hour(s) · All licensees & adapters)...
{
  "status": "error",
  "error": "2003 (HY000): Can't connect to MySQL server on 'mysqlread.prod.infra.tstllc.net:3306' (60)"
}
Archived existing dashboard → index_20260524_012936.html
[2/4] Generating dashboard...
Dashboard saved to: /Users/jayaprasadkakkassery/myExperements/my-dashboard/index.html
Open in browser:    open /Users/jayaprasadkakkassery/myExperements/my-dashboard/index.html
[3/4] Pushing to GitHub Pages...
[gh-pages f95e04e] Dashboard refresh (Last 24 hour(s) · All licensees & adapters) - 2026-05-24 01:29:36
 1 file changed, 3 insertions(+)
 create mode 100644 index_20260524_012936.html
[4/4] Done!

============================================
 Dashboard live at:
 https://jaykakkassery.github.io/my-dashboard
 Range  : Last 24 hour(s)
 Filters: · All licensees & adapters
 Updated: Sun May 24 01:29:37 EDT 2026
============================================
============================================
 TST Booking Dashboard - Refreshing...
 Range  : Last 24 hour(s)
 Filters: · All licensees & adapters
============================================
[1/4] Querying database (Last 24 hour(s) · All licensees & adapters)...
{
  "status": "error",
  "error": "2003 (HY000): Can't connect to MySQL server on 'mysqlread.prod.infra.tstllc.net:3306' (60)"
}
Archived existing dashboard → index_20260524_022951.html
[2/4] Generating dashboard...
Dashboard saved to: /Users/jayaprasadkakkassery/myExperements/my-dashboard/index.html
Open in browser:    open /Users/jayaprasadkakkassery/myExperements/my-dashboard/index.html
[3/4] Pushing to GitHub Pages...
[gh-pages 0ca80c9] Dashboard refresh (Last 24 hour(s) · All licensees & adapters) - 2026-05-24 02:29:51
 1 file changed, 3 insertions(+)
 create mode 100644 index_20260524_022951.html
[4/4] Done!

============================================
 Dashboard live at:
 https://jaykakkassery.github.io/my-dashboard
 Range  : Last 24 hour(s)
 Filters: · All licensees & adapters
 Updated: Sun May 24 02:29:53 EDT 2026
============================================
============================================
 TST Booking Dashboard - Refreshing...
 Range  : Last 24 hour(s)
 Filters: · All licensees & adapters
============================================
[1/4] Querying database (Last 24 hour(s) · All licensees & adapters)...
{
  "status": "error",
  "error": "2003 (HY000): Can't connect to MySQL server on 'mysqlread.prod.infra.tstllc.net:3306' (60)"
}
Archived existing dashboard → index_20260524_033009.html
[2/4] Generating dashboard...
Dashboard saved to: /Users/jayaprasadkakkassery/myExperements/my-dashboard/index.html
Open in browser:    open /Users/jayaprasadkakkassery/myExperements/my-dashboard/index.html
[3/4] Pushing to GitHub Pages...
[gh-pages f9513f2] Dashboard refresh (Last 24 hour(s) · All licensees & adapters) - 2026-05-24 03:30:09
 1 file changed, 3 insertions(+)
 create mode 100644 index_20260524_033009.html
[4/4] Done!

============================================
 Dashboard live at:
 https://jaykakkassery.github.io/my-dashboard
 Range  : Last 24 hour(s)
 Filters: · All licensees & adapters
 Updated: Sun May 24 03:30:11 EDT 2026
============================================
============================================
 TST Booking Dashboard - Refreshing...
 Range  : Last 24 hour(s)
 Filters: · All licensees & adapters
============================================
[1/4] Querying database (Last 24 hour(s) · All licensees & adapters)...
{
  "status": "error",
  "error": "2003 (HY000): Can't connect to MySQL server on 'mysqlread.prod.infra.tstllc.net:3306' (60)"
}
Archived existing dashboard → index_20260524_043025.html
[2/4] Generating dashboard...
Dashboard saved to: /Users/jayaprasadkakkassery/myExperements/my-dashboard/index.html
Open in browser:    open /Users/jayaprasadkakkassery/myExperements/my-dashboard/index.html
[3/4] Pushing to GitHub Pages...
[gh-pages e485a05] Dashboard refresh (Last 24 hour(s) · All licensees & adapters) - 2026-05-24 04:30:26
 1 file changed, 3 insertions(+)
 create mode 100644 index_20260524_043025.html
[4/4] Done!

============================================
 Dashboard live at:
 https://jaykakkassery.github.io/my-dashboard
 Range  : Last 24 hour(s)
 Filters: · All licensees & adapters
 Updated: Sun May 24 04:30:27 EDT 2026
============================================
============================================
 TST Booking Dashboard - Refreshing...
 Range  : Last 24 hour(s)
 Filters: · All licensees & adapters
============================================
[1/4] Querying database (Last 24 hour(s) · All licensees & adapters)...
{
  "status": "error",
  "error": "2003 (HY000): Can't connect to MySQL server on 'mysqlread.prod.infra.tstllc.net:3306' (60)"
}
Archived existing dashboard → index_20260524_053048.html
[2/4] Generating dashboard...
Dashboard saved to: /Users/jayaprasadkakkassery/myExperements/my-dashboard/index.html
Open in browser:    open /Users/jayaprasadkakkassery/myExperements/my-dashboard/index.html
[3/4] Pushing to GitHub Pages...
[gh-pages b0079f1] Dashboard refresh (Last 24 hour(s) · All licensees & adapters) - 2026-05-24 05:30:49
 1 file changed, 3 insertions(+)
 create mode 100644 index_20260524_053048.html
[4/4] Done!

============================================
 Dashboard live at:
 https://jaykakkassery.github.io/my-dashboard
 Range  : Last 24 hour(s)
 Filters: · All licensees & adapters
 Updated: Sun May 24 05:30:50 EDT 2026
============================================
============================================
 TST Booking Dashboard - Refreshing...
 Range  : Last 24 hour(s)
 Filters: · All licensees & adapters
============================================
[1/4] Querying database (Last 24 hour(s) · All licensees & adapters)...
{
  "status": "error",
  "error": "2003 (HY000): Can't connect to MySQL server on 'mysqlread.prod.infra.tstllc.net:3306' (60)"
}
Archived existing dashboard → index_20260524_063104.html
[2/4] Generating dashboard...
Dashboard saved to: /Users/jayaprasadkakkassery/myExperements/my-dashboard/index.html
Open in browser:    open /Users/jayaprasadkakkassery/myExperements/my-dashboard/index.html
[3/4] Pushing to GitHub Pages...
[gh-pages 81c8499] Dashboard refresh (Last 24 hour(s) · All licensees & adapters) - 2026-05-24 06:31:04
 1 file changed, 3 insertions(+)
 create mode 100644 index_20260524_063104.html
[4/4] Done!

============================================
 Dashboard live at:
 https://jaykakkassery.github.io/my-dashboard
 Range  : Last 24 hour(s)
 Filters: · All licensees & adapters
 Updated: Sun May 24 06:31:05 EDT 2026
============================================
============================================
 TST Booking Dashboard - Refreshing...
 Range  : Last 24 hour(s)
 Filters: · All licensees & adapters
============================================
[1/4] Querying database (Last 24 hour(s) · All licensees & adapters)...
{
  "status": "error",
  "error": "2003 (HY000): Can't connect to MySQL server on 'mysqlread.prod.infra.tstllc.net:3306' (60)"
}
Archived existing dashboard → index_20260524_073120.html
[2/4] Generating dashboard...
Dashboard saved to: /Users/jayaprasadkakkassery/myExperements/my-dashboard/index.html
Open in browser:    open /Users/jayaprasadkakkassery/myExperements/my-dashboard/index.html
[3/4] Pushing to GitHub Pages...
[gh-pages 9c0f18c] Dashboard refresh (Last 24 hour(s) · All licensees & adapters) - 2026-05-24 07:31:21
 1 file changed, 3 insertions(+)
 create mode 100644 index_20260524_073120.html
[4/4] Done!

============================================
 Dashboard live at:
 https://jaykakkassery.github.io/my-dashboard
 Range  : Last 24 hour(s)
 Filters: · All licensees & adapters
 Updated: Sun May 24 07:31:22 EDT 2026
============================================
============================================
 TST Booking Dashboard - Refreshing...
 Range  : Last 24 hour(s)
 Filters: · All licensees & adapters
============================================
[1/4] Querying database (Last 24 hour(s) · All licensees & adapters)...
{
  "status": "error",
  "error": "2003 (HY000): Can't connect to MySQL server on 'mysqlread.prod.infra.tstllc.net:3306' (60)"
}
Archived existing dashboard → index_20260524_083138.html
[2/4] Generating dashboard...
Dashboard saved to: /Users/jayaprasadkakkassery/myExperements/my-dashboard/index.html
Open in browser:    open /Users/jayaprasadkakkassery/myExperements/my-dashboard/index.html
[3/4] Pushing to GitHub Pages...
[gh-pages 1fba684] Dashboard refresh (Last 24 hour(s) · All licensees & adapters) - 2026-05-24 08:31:38
 1 file changed, 3 insertions(+)
 create mode 100644 index_20260524_083138.html
[4/4] Done!

============================================
 Dashboard live at:
 https://jaykakkassery.github.io/my-dashboard
 Range  : Last 24 hour(s)
 Filters: · All licensees & adapters
 Updated: Sun May 24 08:31:39 EDT 2026
============================================
============================================
 TST Booking Dashboard - Refreshing...
 Range  : Last 24 hour(s)
 Filters: · All licensees & adapters
============================================
[1/4] Querying database (Last 24 hour(s) · All licensees & adapters)...
{
  "status": "error",
  "error": "2003 (HY000): Can't connect to MySQL server on 'mysqlread.prod.infra.tstllc.net:3306' (60)"
}
Archived existing dashboard → index_20260524_093154.html
[2/4] Generating dashboard...
Dashboard saved to: /Users/jayaprasadkakkassery/myExperements/my-dashboard/index.html
Open in browser:    open /Users/jayaprasadkakkassery/myExperements/my-dashboard/index.html
[3/4] Pushing to GitHub Pages...
[gh-pages 6222403] Dashboard refresh (Last 24 hour(s) · All licensees & adapters) - 2026-05-24 09:31:54
 1 file changed, 3 insertions(+)
 create mode 100644 index_20260524_093154.html
[4/4] Done!

============================================
 Dashboard live at:
 https://jaykakkassery.github.io/my-dashboard
 Range  : Last 24 hour(s)
 Filters: · All licensees & adapters
 Updated: Sun May 24 09:31:55 EDT 2026
============================================
============================================
 TST Booking Dashboard - Refreshing...
 Range  : Last 24 hour(s)
 Filters: · All licensees & adapters
============================================
[1/4] Querying database (Last 24 hour(s) · All licensees & adapters)...
{
  "status": "error",
  "error": "2003 (HY000): Can't connect to MySQL server on 'mysqlread.prod.infra.tstllc.net:3306' (60)"
}
Archived existing dashboard → index_20260524_103226.html
[2/4] Generating dashboard...
Dashboard saved to: /Users/jayaprasadkakkassery/myExperements/my-dashboard/index.html
Open in browser:    open /Users/jayaprasadkakkassery/myExperements/my-dashboard/index.html
[3/4] Pushing to GitHub Pages...
[gh-pages a35a99d] Dashboard refresh (Last 24 hour(s) · All licensees & adapters) - 2026-05-24 10:32:27
 1 file changed, 3 insertions(+)
 create mode 100644 index_20260524_103226.html
[4/4] Done!

============================================
 Dashboard live at:
 https://jaykakkassery.github.io/my-dashboard
 Range  : Last 24 hour(s)
 Filters: · All licensees & adapters
 Updated: Sun May 24 10:32:29 EDT 2026
============================================
============================================
 TST Booking Dashboard - Refreshing...
 Range  : Last 24 hour(s)
 Filters: · All licensees & adapters
============================================
[1/4] Querying database (Last 24 hour(s) · All licensees & adapters)...
{
  "status": "error",
  "error": "2003 (HY000): Can't connect to MySQL server on 'mysqlread.prod.infra.tstllc.net:3306' (60)"
}
Archived existing dashboard → index_20260524_113300.html
[2/4] Generating dashboard...
Dashboard saved to: /Users/jayaprasadkakkassery/myExperements/my-dashboard/index.html
Open in browser:    open /Users/jayaprasadkakkassery/myExperements/my-dashboard/index.html
[3/4] Pushing to GitHub Pages...
[gh-pages 2a4e815] Dashboard refresh (Last 24 hour(s) · All licensees & adapters) - 2026-05-24 11:33:01
 1 file changed, 3 insertions(+)
 create mode 100644 index_20260524_113300.html
[4/4] Done!

============================================
 Dashboard live at:
 https://jaykakkassery.github.io/my-dashboard
 Range  : Last 24 hour(s)
 Filters: · All licensees & adapters
 Updated: Sun May 24 11:33:05 EDT 2026
============================================
============================================
 TST Booking Dashboard - Refreshing...
 Range  : Last 24 hour(s)
 Filters: · All licensees & adapters
============================================
[1/4] Querying database (Last 24 hour(s) · All licensees & adapters)...
{
  "status": "error",
  "error": "2003 (HY000): Can't connect to MySQL server on 'mysqlread.prod.infra.tstllc.net:3306' (60)"
}
Archived existing dashboard → index_20260524_123508.html
[2/4] Generating dashboard...
Dashboard saved to: /Users/jayaprasadkakkassery/myExperements/my-dashboard/index.html
Open in browser:    open /Users/jayaprasadkakkassery/myExperements/my-dashboard/index.html
[3/4] Pushing to GitHub Pages...
[gh-pages 3f7bd49] Dashboard refresh (Last 24 hour(s) · All licensees & adapters) - 2026-05-24 12:35:16
 1 file changed, 3 insertions(+)
 create mode 100644 index_20260524_123508.html
[4/4] Done!

============================================
 Dashboard live at:
 https://jaykakkassery.github.io/my-dashboard
 Range  : Last 24 hour(s)
 Filters: · All licensees & adapters
 Updated: Sun May 24 12:35:21 EDT 2026
============================================
============================================
 TST Booking Dashboard - Refreshing...
 Range  : Last 24 hour(s)
 Filters: · All licensees & adapters
============================================
[1/4] Querying database (Last 24 hour(s) · All licensees & adapters)...
{
  "status": "error",
  "error": "2003 (HY000): Can't connect to MySQL server on 'mysqlread.prod.infra.tstllc.net:3306' (60)"
}
Archived existing dashboard → index_20260524_140538.html
[2/4] Generating dashboard...
Dashboard saved to: /Users/jayaprasadkakkassery/myExperements/my-dashboard/index.html
Open in browser:    open /Users/jayaprasadkakkassery/myExperements/my-dashboard/index.html
[3/4] Pushing to GitHub Pages...
[gh-pages 4a202a8] Dashboard refresh (Last 24 hour(s) · All licensees & adapters) - 2026-05-24 14:05:38
 1 file changed, 3 insertions(+)
 create mode 100644 index_20260524_140538.html
[4/4] Done!

============================================
 Dashboard live at:
 https://jaykakkassery.github.io/my-dashboard
 Range  : Last 24 hour(s)
 Filters: · All licensees & adapters
 Updated: Sun May 24 14:05:40 EDT 2026
============================================
============================================
 TST Booking Dashboard - Refreshing...
 Range  : Last 24 hour(s)
 Filters: · All licensees & adapters
============================================
[1/4] Querying database (Last 24 hour(s) · All licensees & adapters)...
{
  "status": "error",
  "error": "2003 (HY000): Can't connect to MySQL server on 'mysqlread.prod.infra.tstllc.net:3306' (60)"
}
Archived existing dashboard → index_20260524_150553.html
[2/4] Generating dashboard...
Dashboard saved to: /Users/jayaprasadkakkassery/myExperements/my-dashboard/index.html
Open in browser:    open /Users/jayaprasadkakkassery/myExperements/my-dashboard/index.html
[3/4] Pushing to GitHub Pages...
[gh-pages b0b1535] Dashboard refresh (Last 24 hour(s) · All licensees & adapters) - 2026-05-24 15:05:53
 1 file changed, 3 insertions(+)
 create mode 100644 index_20260524_150553.html
[4/4] Done!

============================================
 Dashboard live at:
 https://jaykakkassery.github.io/my-dashboard
 Range  : Last 24 hour(s)
 Filters: · All licensees & adapters
 Updated: Sun May 24 15:05:55 EDT 2026
============================================
============================================
 TST Booking Dashboard - Refreshing...
 Range  : Last 24 hour(s)
 Filters: · All licensees & adapters
============================================
[1/4] Querying database (Last 24 hour(s) · All licensees & adapters)...
{
  "status": "error",
  "error": "2003 (HY000): Can't connect to MySQL server on 'mysqlread.prod.infra.tstllc.net:3306' (60)"
}
Archived existing dashboard → index_20260524_160608.html
[2/4] Generating dashboard...
Dashboard saved to: /Users/jayaprasadkakkassery/myExperements/my-dashboard/index.html
Open in browser:    open /Users/jayaprasadkakkassery/myExperements/my-dashboard/index.html
[3/4] Pushing to GitHub Pages...
[gh-pages ac98b78] Dashboard refresh (Last 24 hour(s) · All licensees & adapters) - 2026-05-24 16:06:09
 1 file changed, 3 insertions(+)
 create mode 100644 index_20260524_160608.html
[4/4] Done!

============================================
 Dashboard live at:
 https://jaykakkassery.github.io/my-dashboard
 Range  : Last 24 hour(s)
 Filters: · All licensees & adapters
 Updated: Sun May 24 16:06:10 EDT 2026
============================================
============================================
 TST Booking Dashboard - Refreshing...
 Range  : Last 24 hour(s)
 Filters: · All licensees & adapters
============================================
[1/4] Querying database (Last 24 hour(s) · All licensees & adapters)...
{
  "status": "error",
  "error": "2003 (HY000): Can't connect to MySQL server on 'mysqlread.prod.infra.tstllc.net:3306' (60)"
}
Archived existing dashboard → index_20260524_170622.html
[2/4] Generating dashboard...
Dashboard saved to: /Users/jayaprasadkakkassery/myExperements/my-dashboard/index.html
Open in browser:    open /Users/jayaprasadkakkassery/myExperements/my-dashboard/index.html
[3/4] Pushing to GitHub Pages...
[gh-pages fa5bf96] Dashboard refresh (Last 24 hour(s) · All licensees & adapters) - 2026-05-24 17:06:22
 1 file changed, 3 insertions(+)
 create mode 100644 index_20260524_170622.html
[4/4] Done!

============================================
 Dashboard live at:
 https://jaykakkassery.github.io/my-dashboard
 Range  : Last 24 hour(s)
 Filters: · All licensees & adapters
 Updated: Sun May 24 17:06:24 EDT 2026
============================================
============================================
 TST Booking Dashboard - Refreshing...
 Range  : Last 24 hour(s)
 Filters: · All licensees & adapters
============================================
[1/4] Querying database (Last 24 hour(s) · All licensees & adapters)...
{
  "status": "error",
  "error": "2003 (HY000): Can't connect to MySQL server on 'mysqlread.prod.infra.tstllc.net:3306' (60)"
}
Archived existing dashboard → index_20260524_180636.html
[2/4] Generating dashboard...
Dashboard saved to: /Users/jayaprasadkakkassery/myExperements/my-dashboard/index.html
Open in browser:    open /Users/jayaprasadkakkassery/myExperements/my-dashboard/index.html
[3/4] Pushing to GitHub Pages...
[gh-pages 3878930] Dashboard refresh (Last 24 hour(s) · All licensees & adapters) - 2026-05-24 18:06:36
 1 file changed, 3 insertions(+)
 create mode 100644 index_20260524_180636.html
[4/4] Done!

============================================
 Dashboard live at:
 https://jaykakkassery.github.io/my-dashboard
 Range  : Last 24 hour(s)
 Filters: · All licensees & adapters
 Updated: Sun May 24 18:06:38 EDT 2026
============================================
============================================
 TST Booking Dashboard - Refreshing...
 Range  : Last 24 hour(s)
 Filters: · All licensees & adapters
============================================
[1/4] Querying database (Last 24 hour(s) · All licensees & adapters)...
{
  "status": "error",
  "error": "2003 (HY000): Can't connect to MySQL server on 'mysqlread.prod.infra.tstllc.net:3306' (60)"
}
Archived existing dashboard → index_20260524_190653.html
[2/4] Generating dashboard...
Dashboard saved to: /Users/jayaprasadkakkassery/myExperements/my-dashboard/index.html
Open in browser:    open /Users/jayaprasadkakkassery/myExperements/my-dashboard/index.html
[3/4] Pushing to GitHub Pages...
[gh-pages 6586023] Dashboard refresh (Last 24 hour(s) · All licensees & adapters) - 2026-05-24 19:06:53
 1 file changed, 3 insertions(+)
 create mode 100644 index_20260524_190653.html
[4/4] Done!

============================================
 Dashboard live at:
 https://jaykakkassery.github.io/my-dashboard
 Range  : Last 24 hour(s)
 Filters: · All licensees & adapters
 Updated: Sun May 24 19:06:55 EDT 2026
============================================
============================================
 TST Booking Dashboard - Refreshing...
 Range  : Last 24 hour(s)
 Filters: · All licensees & adapters
============================================
[1/4] Querying database (Last 24 hour(s) · All licensees & adapters)...
{
  "status": "error",
  "error": "2003 (HY000): Can't connect to MySQL server on 'mysqlread.prod.infra.tstllc.net:3306' (60)"
}
Archived existing dashboard → index_20260524_200709.html
[2/4] Generating dashboard...
Dashboard saved to: /Users/jayaprasadkakkassery/myExperements/my-dashboard/index.html
Open in browser:    open /Users/jayaprasadkakkassery/myExperements/my-dashboard/index.html
[3/4] Pushing to GitHub Pages...
[gh-pages be7b911] Dashboard refresh (Last 24 hour(s) · All licensees & adapters) - 2026-05-24 20:07:09
 1 file changed, 3 insertions(+)
 create mode 100644 index_20260524_200709.html
[4/4] Done!

============================================
 Dashboard live at:
 https://jaykakkassery.github.io/my-dashboard
 Range  : Last 24 hour(s)
 Filters: · All licensees & adapters
 Updated: Sun May 24 20:07:11 EDT 2026
============================================
============================================
 TST Booking Dashboard - Refreshing...
 Range  : Last 24 hour(s)
 Filters: · All licensees & adapters
============================================
[1/4] Querying database (Last 24 hour(s) · All licensees & adapters)...
{
  "status": "error",
  "error": "2003 (HY000): Can't connect to MySQL server on 'mysqlread.prod.infra.tstllc.net:3306' (60)"
}
Archived existing dashboard → index_20260524_210726.html
[2/4] Generating dashboard...
Dashboard saved to: /Users/jayaprasadkakkassery/myExperements/my-dashboard/index.html
Open in browser:    open /Users/jayaprasadkakkassery/myExperements/my-dashboard/index.html
[3/4] Pushing to GitHub Pages...
[gh-pages 6f987df] Dashboard refresh (Last 24 hour(s) · All licensees & adapters) - 2026-05-24 21:07:26
 1 file changed, 3 insertions(+)
 create mode 100644 index_20260524_210726.html
[4/4] Done!

============================================
 Dashboard live at:
 https://jaykakkassery.github.io/my-dashboard
 Range  : Last 24 hour(s)
 Filters: · All licensees & adapters
 Updated: Sun May 24 21:07:27 EDT 2026
============================================
============================================
 TST Booking Dashboard - Refreshing...
 Range  : Last 24 hour(s)
 Filters: · All licensees & adapters
============================================
[1/4] Querying database (Last 24 hour(s) · All licensees & adapters)...
{
  "status": "error",
  "error": "2003 (HY000): Can't connect to MySQL server on 'mysqlread.prod.infra.tstllc.net:3306' (60)"
}
Archived existing dashboard → index_20260524_220741.html
[2/4] Generating dashboard...
Dashboard saved to: /Users/jayaprasadkakkassery/myExperements/my-dashboard/index.html
Open in browser:    open /Users/jayaprasadkakkassery/myExperements/my-dashboard/index.html
[3/4] Pushing to GitHub Pages...
[gh-pages 55a727b] Dashboard refresh (Last 24 hour(s) · All licensees & adapters) - 2026-05-24 22:07:41
 1 file changed, 3 insertions(+)
 create mode 100644 index_20260524_220741.html
[4/4] Done!

============================================
 Dashboard live at:
 https://jaykakkassery.github.io/my-dashboard
 Range  : Last 24 hour(s)
 Filters: · All licensees & adapters
 Updated: Sun May 24 22:07:43 EDT 2026
============================================
============================================
 TST Booking Dashboard - Refreshing...
 Range  : Last 24 hour(s)
 Filters: · All licensees & adapters
============================================
[1/4] Querying database (Last 24 hour(s) · All licensees & adapters)...
{
  "status": "error",
  "error": "2003 (HY000): Can't connect to MySQL server on 'mysqlread.prod.infra.tstllc.net:3306' (60)"
}
Archived existing dashboard → index_20260524_230758.html
[2/4] Generating dashboard...
Dashboard saved to: /Users/jayaprasadkakkassery/myExperements/my-dashboard/index.html
Open in browser:    open /Users/jayaprasadkakkassery/myExperements/my-dashboard/index.html
[3/4] Pushing to GitHub Pages...
[gh-pages ff249f5] Dashboard refresh (Last 24 hour(s) · All licensees & adapters) - 2026-05-24 23:07:59
 1 file changed, 3 insertions(+)
 create mode 100644 index_20260524_230758.html
[4/4] Done!

============================================
 Dashboard live at:
 https://jaykakkassery.github.io/my-dashboard
 Range  : Last 24 hour(s)
 Filters: · All licensees & adapters
 Updated: Sun May 24 23:08:01 EDT 2026
============================================
============================================
 TST Booking Dashboard - Refreshing...
 Range  : Last 24 hour(s)
 Filters: · All licensees & adapters
============================================
[1/4] Querying database (Last 24 hour(s) · All licensees & adapters)...
{
  "status": "error",
  "error": "2003 (HY000): Can't connect to MySQL server on 'mysqlread.prod.infra.tstllc.net:3306' (60)"
}
Archived existing dashboard → index_20260525_000816.html
[2/4] Generating dashboard...
Dashboard saved to: /Users/jayaprasadkakkassery/myExperements/my-dashboard/index.html
Open in browser:    open /Users/jayaprasadkakkassery/myExperements/my-dashboard/index.html
[3/4] Pushing to GitHub Pages...
[gh-pages 3dacf43] Dashboard refresh (Last 24 hour(s) · All licensees & adapters) - 2026-05-25 00:08:17
 1 file changed, 3 insertions(+)
 create mode 100644 index_20260525_000816.html
[4/4] Done!

============================================
 Dashboard live at:
 https://jaykakkassery.github.io/my-dashboard
 Range  : Last 24 hour(s)
 Filters: · All licensees & adapters
 Updated: Mon May 25 00:08:19 EDT 2026
============================================
============================================
 TST Booking Dashboard - Refreshing...
 Range  : Last 24 hour(s)
 Filters: · All licensees & adapters
============================================
[1/4] Querying database (Last 24 hour(s) · All licensees & adapters)...
{
  "status": "error",
  "error": "2003 (HY000): Can't connect to MySQL server on 'mysqlread.prod.infra.tstllc.net:3306' (60)"
}
Archived existing dashboard → index_20260525_010833.html
[2/4] Generating dashboard...
Dashboard saved to: /Users/jayaprasadkakkassery/myExperements/my-dashboard/index.html
Open in browser:    open /Users/jayaprasadkakkassery/myExperements/my-dashboard/index.html
[3/4] Pushing to GitHub Pages...
[gh-pages f42c371] Dashboard refresh (Last 24 hour(s) · All licensees & adapters) - 2026-05-25 01:08:34
 1 file changed, 3 insertions(+)
 create mode 100644 index_20260525_010833.html
[4/4] Done!

============================================
 Dashboard live at:
 https://jaykakkassery.github.io/my-dashboard
 Range  : Last 24 hour(s)
 Filters: · All licensees & adapters
 Updated: Mon May 25 01:08:35 EDT 2026
============================================
============================================
 TST Booking Dashboard - Refreshing...
 Range  : Last 24 hour(s)
 Filters: · All licensees & adapters
============================================
[1/4] Querying database (Last 24 hour(s) · All licensees & adapters)...
{
  "status": "error",
  "error": "2003 (HY000): Can't connect to MySQL server on 'mysqlread.prod.infra.tstllc.net:3306' (60)"
}
Archived existing dashboard → index_20260525_020849.html
[2/4] Generating dashboard...
Dashboard saved to: /Users/jayaprasadkakkassery/myExperements/my-dashboard/index.html
Open in browser:    open /Users/jayaprasadkakkassery/myExperements/my-dashboard/index.html
[3/4] Pushing to GitHub Pages...
[gh-pages 952b8dd] Dashboard refresh (Last 24 hour(s) · All licensees & adapters) - 2026-05-25 02:08:50
 1 file changed, 3 insertions(+)
 create mode 100644 index_20260525_020849.html
[4/4] Done!

============================================
 Dashboard live at:
 https://jaykakkassery.github.io/my-dashboard
 Range  : Last 24 hour(s)
 Filters: · All licensees & adapters
 Updated: Mon May 25 02:08:51 EDT 2026
============================================
============================================
 TST Booking Dashboard - Refreshing...
 Range  : Last 24 hour(s)
 Filters: · All licensees & adapters
============================================
[1/4] Querying database (Last 24 hour(s) · All licensees & adapters)...
{
  "status": "error",
  "error": "2003 (HY000): Can't connect to MySQL server on 'mysqlread.prod.infra.tstllc.net:3306' (60)"
}
Archived existing dashboard → index_20260525_030905.html
[2/4] Generating dashboard...
Dashboard saved to: /Users/jayaprasadkakkassery/myExperements/my-dashboard/index.html
Open in browser:    open /Users/jayaprasadkakkassery/myExperements/my-dashboard/index.html
[3/4] Pushing to GitHub Pages...
[gh-pages 3ce7cb2] Dashboard refresh (Last 24 hour(s) · All licensees & adapters) - 2026-05-25 03:09:06
 1 file changed, 3 insertions(+)
 create mode 100644 index_20260525_030905.html
[4/4] Done!

============================================
 Dashboard live at:
 https://jaykakkassery.github.io/my-dashboard
 Range  : Last 24 hour(s)
 Filters: · All licensees & adapters
 Updated: Mon May 25 03:09:07 EDT 2026
============================================
============================================
 TST Booking Dashboard - Refreshing...
 Range  : Last 24 hour(s)
 Filters: · All licensees & adapters
============================================
[1/4] Querying database (Last 24 hour(s) · All licensees & adapters)...
{
  "status": "error",
  "error": "2003 (HY000): Can't connect to MySQL server on 'mysqlread.prod.infra.tstllc.net:3306' (60)"
}
Archived existing dashboard → index_20260525_040920.html
[2/4] Generating dashboard...
Dashboard saved to: /Users/jayaprasadkakkassery/myExperements/my-dashboard/index.html
Open in browser:    open /Users/jayaprasadkakkassery/myExperements/my-dashboard/index.html
[3/4] Pushing to GitHub Pages...
[gh-pages a7b48f9] Dashboard refresh (Last 24 hour(s) · All licensees & adapters) - 2026-05-25 04:09:20
 1 file changed, 3 insertions(+)
 create mode 100644 index_20260525_040920.html
[4/4] Done!

============================================
 Dashboard live at:
 https://jaykakkassery.github.io/my-dashboard
 Range  : Last 24 hour(s)
 Filters: · All licensees & adapters
 Updated: Mon May 25 04:09:22 EDT 2026
============================================
============================================
 TST Booking Dashboard - Refreshing...
 Range  : Last 24 hour(s)
 Filters: · All licensees & adapters
============================================
[1/4] Querying database (Last 24 hour(s) · All licensees & adapters)...
{
  "status": "error",
  "error": "2003 (HY000): Can't connect to MySQL server on 'mysqlread.prod.infra.tstllc.net:3306' (60)"
}
Archived existing dashboard → index_20260525_050937.html
[2/4] Generating dashboard...
Dashboard saved to: /Users/jayaprasadkakkassery/myExperements/my-dashboard/index.html
Open in browser:    open /Users/jayaprasadkakkassery/myExperements/my-dashboard/index.html
[3/4] Pushing to GitHub Pages...
[gh-pages 3c1802f] Dashboard refresh (Last 24 hour(s) · All licensees & adapters) - 2026-05-25 05:09:37
 1 file changed, 3 insertions(+)
 create mode 100644 index_20260525_050937.html
[4/4] Done!

============================================
 Dashboard live at:
 https://jaykakkassery.github.io/my-dashboard
 Range  : Last 24 hour(s)
 Filters: · All licensees & adapters
 Updated: Mon May 25 05:09:48 EDT 2026
============================================
============================================
 TST Booking Dashboard - Refreshing...
 Range  : Last 24 hour(s)
 Filters: · All licensees & adapters
============================================
[1/4] Querying database (Last 24 hour(s) · All licensees & adapters)...
{
  "status": "error",
  "error": "2003 (HY000): Can't connect to MySQL server on 'mysqlread.prod.infra.tstllc.net:3306' (60)"
}
Archived existing dashboard → index_20260525_061003.html
[2/4] Generating dashboard...
Dashboard saved to: /Users/jayaprasadkakkassery/myExperements/my-dashboard/index.html
Open in browser:    open /Users/jayaprasadkakkassery/myExperements/my-dashboard/index.html
[3/4] Pushing to GitHub Pages...
[gh-pages c0bf7a1] Dashboard refresh (Last 24 hour(s) · All licensees & adapters) - 2026-05-25 06:10:03
 1 file changed, 3 insertions(+)
 create mode 100644 index_20260525_061003.html
[4/4] Done!

============================================
 Dashboard live at:
 https://jaykakkassery.github.io/my-dashboard
 Range  : Last 24 hour(s)
 Filters: · All licensees & adapters
 Updated: Mon May 25 06:10:04 EDT 2026
============================================
============================================
 TST Booking Dashboard - Refreshing...
 Range  : Last 24 hour(s)
 Filters: · All licensees & adapters
============================================
[1/4] Querying database (Last 24 hour(s) · All licensees & adapters)...
{
  "status": "error",
  "error": "2003 (HY000): Can't connect to MySQL server on 'mysqlread.prod.infra.tstllc.net:3306' (60)"
}
Archived existing dashboard → index_20260525_071018.html
[2/4] Generating dashboard...
Dashboard saved to: /Users/jayaprasadkakkassery/myExperements/my-dashboard/index.html
Open in browser:    open /Users/jayaprasadkakkassery/myExperements/my-dashboard/index.html
[3/4] Pushing to GitHub Pages...
[gh-pages 8238d43] Dashboard refresh (Last 24 hour(s) · All licensees & adapters) - 2026-05-25 07:10:19
 1 file changed, 3 insertions(+)
 create mode 100644 index_20260525_071018.html
[4/4] Done!

============================================
 Dashboard live at:
 https://jaykakkassery.github.io/my-dashboard
 Range  : Last 24 hour(s)
 Filters: · All licensees & adapters
 Updated: Mon May 25 07:10:20 EDT 2026
============================================
============================================
 TST Booking Dashboard - Refreshing...
 Range  : Last 24 hour(s)
 Filters: · All licensees & adapters
============================================
[1/4] Querying database (Last 24 hour(s) · All licensees & adapters)...
{
  "status": "error",
  "error": "2003 (HY000): Can't connect to MySQL server on 'mysqlread.prod.infra.tstllc.net:3306' (60)"
}
Archived existing dashboard → index_20260525_081035.html
[2/4] Generating dashboard...
Dashboard saved to: /Users/jayaprasadkakkassery/myExperements/my-dashboard/index.html
Open in browser:    open /Users/jayaprasadkakkassery/myExperements/my-dashboard/index.html
[3/4] Pushing to GitHub Pages...
[gh-pages b0b0920] Dashboard refresh (Last 24 hour(s) · All licensees & adapters) - 2026-05-25 08:10:35
 1 file changed, 3 insertions(+)
 create mode 100644 index_20260525_081035.html
[4/4] Done!

============================================
 Dashboard live at:
 https://jaykakkassery.github.io/my-dashboard
 Range  : Last 24 hour(s)
 Filters: · All licensees & adapters
 Updated: Mon May 25 08:10:37 EDT 2026
============================================
============================================
 TST Booking Dashboard - Refreshing...
 Range  : Last 24 hour(s)
 Filters: · All licensees & adapters
============================================
[1/4] Querying database (Last 24 hour(s) · All licensees & adapters)...
{
  "status": "error",
  "error": "2003 (HY000): Can't connect to MySQL server on 'mysqlread.prod.infra.tstllc.net:3306' (60)"
}
Archived existing dashboard → index_20260525_091051.html
[2/4] Generating dashboard...
Dashboard saved to: /Users/jayaprasadkakkassery/myExperements/my-dashboard/index.html
Open in browser:    open /Users/jayaprasadkakkassery/myExperements/my-dashboard/index.html
[3/4] Pushing to GitHub Pages...
[gh-pages 8353a8d] Dashboard refresh (Last 24 hour(s) · All licensees & adapters) - 2026-05-25 09:10:52
 1 file changed, 3 insertions(+)
 create mode 100644 index_20260525_091051.html
[4/4] Done!

============================================
 Dashboard live at:
 https://jaykakkassery.github.io/my-dashboard
 Range  : Last 24 hour(s)
 Filters: · All licensees & adapters
 Updated: Mon May 25 09:10:53 EDT 2026
============================================
============================================
 TST Booking Dashboard - Refreshing...
 Range  : Last 24 hour(s)
 Filters: · All licensees & adapters
============================================
[1/4] Querying database (Last 24 hour(s) · All licensees & adapters)...
{
  "status": "error",
  "error": "2003 (HY000): Can't connect to MySQL server on 'mysqlread.prod.infra.tstllc.net:3306' (60)"
}
Archived existing dashboard → index_20260525_101107.html
[2/4] Generating dashboard...
Dashboard saved to: /Users/jayaprasadkakkassery/myExperements/my-dashboard/index.html
Open in browser:    open /Users/jayaprasadkakkassery/myExperements/my-dashboard/index.html
[3/4] Pushing to GitHub Pages...
[gh-pages 6d53a41] Dashboard refresh (Last 24 hour(s) · All licensees & adapters) - 2026-05-25 10:11:07
 1 file changed, 3 insertions(+)
 create mode 100644 index_20260525_101107.html
[4/4] Done!

============================================
 Dashboard live at:
 https://jaykakkassery.github.io/my-dashboard
 Range  : Last 24 hour(s)
 Filters: · All licensees & adapters
 Updated: Mon May 25 10:11:09 EDT 2026
============================================
============================================
 TST Booking Dashboard - Refreshing...
 Range  : Last 24 hour(s)
 Filters: · All licensees & adapters
============================================
[1/4] Querying database (Last 24 hour(s) · All licensees & adapters)...
{
  "status": "error",
  "error": "2003 (HY000): Can't connect to MySQL server on 'mysqlread.prod.infra.tstllc.net:3306' (60)"
}
Archived existing dashboard → index_20260525_111124.html
[2/4] Generating dashboard...
Dashboard saved to: /Users/jayaprasadkakkassery/myExperements/my-dashboard/index.html
Open in browser:    open /Users/jayaprasadkakkassery/myExperements/my-dashboard/index.html
[3/4] Pushing to GitHub Pages...
[gh-pages be79e2d] Dashboard refresh (Last 24 hour(s) · All licensees & adapters) - 2026-05-25 11:11:24
 1 file changed, 3 insertions(+)
 create mode 100644 index_20260525_111124.html
[4/4] Done!

============================================
 Dashboard live at:
 https://jaykakkassery.github.io/my-dashboard
 Range  : Last 24 hour(s)
 Filters: · All licensees & adapters
 Updated: Mon May 25 11:11:26 EDT 2026
============================================
============================================
 TST Booking Dashboard - Refreshing...
 Range  : Last 24 hour(s)
 Filters: · All licensees & adapters
============================================
[1/4] Querying database (Last 24 hour(s) · All licensees & adapters)...
{
  "status": "error",
  "error": "2003 (HY000): Can't connect to MySQL server on 'mysqlread.prod.infra.tstllc.net:3306' (60)"
}
Archived existing dashboard → index_20260525_121140.html
[2/4] Generating dashboard...
Dashboard saved to: /Users/jayaprasadkakkassery/myExperements/my-dashboard/index.html
Open in browser:    open /Users/jayaprasadkakkassery/myExperements/my-dashboard/index.html
[3/4] Pushing to GitHub Pages...
[gh-pages 9531f05] Dashboard refresh (Last 24 hour(s) · All licensees & adapters) - 2026-05-25 12:11:40
 1 file changed, 3 insertions(+)
 create mode 100644 index_20260525_121140.html
[4/4] Done!

============================================
 Dashboard live at:
 https://jaykakkassery.github.io/my-dashboard
 Range  : Last 24 hour(s)
 Filters: · All licensees & adapters
 Updated: Mon May 25 12:11:42 EDT 2026
============================================
============================================
 TST Booking Dashboard - Refreshing...
 Range  : Last 24 hour(s)
 Filters: · All licensees & adapters
============================================
[1/4] Querying database (Last 24 hour(s) · All licensees & adapters)...
{
  "status": "error",
  "error": "2003 (HY000): Can't connect to MySQL server on 'mysqlread.prod.infra.tstllc.net:3306' (60)"
}
Archived existing dashboard → index_20260525_131157.html
[2/4] Generating dashboard...
Dashboard saved to: /Users/jayaprasadkakkassery/myExperements/my-dashboard/index.html
Open in browser:    open /Users/jayaprasadkakkassery/myExperements/my-dashboard/index.html
[3/4] Pushing to GitHub Pages...
[gh-pages 8b189f1] Dashboard refresh (Last 24 hour(s) · All licensees & adapters) - 2026-05-25 13:11:58
 1 file changed, 3 insertions(+)
 create mode 100644 index_20260525_131157.html
[4/4] Done!

============================================
 Dashboard live at:
 https://jaykakkassery.github.io/my-dashboard
 Range  : Last 24 hour(s)
 Filters: · All licensees & adapters
 Updated: Mon May 25 13:11:59 EDT 2026
============================================
============================================
 TST Booking Dashboard - Refreshing...
 Range  : Last 24 hour(s)
 Filters: · All licensees & adapters
============================================
[1/4] Querying database (Last 24 hour(s) · All licensees & adapters)...
{
  "status": "error",
  "error": "2003 (HY000): Can't connect to MySQL server on 'mysqlread.prod.infra.tstllc.net:3306' (60)"
}
Archived existing dashboard → index_20260525_141213.html
[2/4] Generating dashboard...
Dashboard saved to: /Users/jayaprasadkakkassery/myExperements/my-dashboard/index.html
Open in browser:    open /Users/jayaprasadkakkassery/myExperements/my-dashboard/index.html
[3/4] Pushing to GitHub Pages...
[gh-pages 9a55b49] Dashboard refresh (Last 24 hour(s) · All licensees & adapters) - 2026-05-25 14:12:14
 1 file changed, 3 insertions(+)
 create mode 100644 index_20260525_141213.html
[4/4] Done!

============================================
 Dashboard live at:
 https://jaykakkassery.github.io/my-dashboard
 Range  : Last 24 hour(s)
 Filters: · All licensees & adapters
 Updated: Mon May 25 14:12:15 EDT 2026
============================================
============================================
 TST Booking Dashboard - Refreshing...
 Range  : Last 24 hour(s)
 Filters: · All licensees & adapters
============================================
[1/4] Querying database (Last 24 hour(s) · All licensees & adapters)...
{
  "status": "error",
  "error": "2003 (HY000): Can't connect to MySQL server on 'mysqlread.prod.infra.tstllc.net:3306' (60)"
}
Archived existing dashboard → index_20260525_151231.html
[2/4] Generating dashboard...
Dashboard saved to: /Users/jayaprasadkakkassery/myExperements/my-dashboard/index.html
Open in browser:    open /Users/jayaprasadkakkassery/myExperements/my-dashboard/index.html
[3/4] Pushing to GitHub Pages...
[gh-pages 6d6ca34] Dashboard refresh (Last 24 hour(s) · All licensees & adapters) - 2026-05-25 15:12:31
 1 file changed, 3 insertions(+)
 create mode 100644 index_20260525_151231.html
[4/4] Done!

============================================
 Dashboard live at:
 https://jaykakkassery.github.io/my-dashboard
 Range  : Last 24 hour(s)
 Filters: · All licensees & adapters
 Updated: Mon May 25 15:12:33 EDT 2026
============================================
============================================
 TST Booking Dashboard - Refreshing...
 Range  : Last 24 hour(s)
 Filters: · All licensees & adapters
============================================
[1/4] Querying database (Last 24 hour(s) · All licensees & adapters)...
{
  "status": "error",
  "error": "2003 (HY000): Can't connect to MySQL server on 'mysqlread.prod.infra.tstllc.net:3306' (60)"
}
Archived existing dashboard → index_20260525_161247.html
[2/4] Generating dashboard...
Dashboard saved to: /Users/jayaprasadkakkassery/myExperements/my-dashboard/index.html
Open in browser:    open /Users/jayaprasadkakkassery/myExperements/my-dashboard/index.html
[3/4] Pushing to GitHub Pages...
[gh-pages 401bcbf] Dashboard refresh (Last 24 hour(s) · All licensees & adapters) - 2026-05-25 16:12:47
 1 file changed, 3 insertions(+)
 create mode 100644 index_20260525_161247.html
[4/4] Done!

============================================
 Dashboard live at:
 https://jaykakkassery.github.io/my-dashboard
 Range  : Last 24 hour(s)
 Filters: · All licensees & adapters
 Updated: Mon May 25 16:12:49 EDT 2026
============================================
============================================
 TST Booking Dashboard - Refreshing...
 Range  : Last 24 hour(s)
 Filters: · All licensees & adapters
============================================
[1/4] Querying database (Last 24 hour(s) · All licensees & adapters)...
{
  "status": "error",
  "error": "2003 (HY000): Can't connect to MySQL server on 'mysqlread.prod.infra.tstllc.net:3306' (60)"
}
Archived existing dashboard → index_20260525_171302.html
[2/4] Generating dashboard...
Dashboard saved to: /Users/jayaprasadkakkassery/myExperements/my-dashboard/index.html
Open in browser:    open /Users/jayaprasadkakkassery/myExperements/my-dashboard/index.html
[3/4] Pushing to GitHub Pages...
[gh-pages 84beca5] Dashboard refresh (Last 24 hour(s) · All licensees & adapters) - 2026-05-25 17:13:03
 1 file changed, 3 insertions(+)
 create mode 100644 index_20260525_171302.html
[4/4] Done!

============================================
 Dashboard live at:
 https://jaykakkassery.github.io/my-dashboard
 Range  : Last 24 hour(s)
 Filters: · All licensees & adapters
 Updated: Mon May 25 17:13:04 EDT 2026
============================================
============================================
 TST Booking Dashboard - Refreshing...
 Range  : Last 24 hour(s)
 Filters: · All licensees & adapters
============================================
[1/4] Querying database (Last 24 hour(s) · All licensees & adapters)...
{
  "status": "error",
  "error": "2003 (HY000): Can't connect to MySQL server on 'mysqlread.prod.infra.tstllc.net:3306' (60)"
}
Archived existing dashboard → index_20260525_181318.html
[2/4] Generating dashboard...
Dashboard saved to: /Users/jayaprasadkakkassery/myExperements/my-dashboard/index.html
Open in browser:    open /Users/jayaprasadkakkassery/myExperements/my-dashboard/index.html
[3/4] Pushing to GitHub Pages...
[gh-pages 562b9f8] Dashboard refresh (Last 24 hour(s) · All licensees & adapters) - 2026-05-25 18:13:18
 1 file changed, 3 insertions(+)
 create mode 100644 index_20260525_181318.html
[4/4] Done!

============================================
 Dashboard live at:
 https://jaykakkassery.github.io/my-dashboard
 Range  : Last 24 hour(s)
 Filters: · All licensees & adapters
 Updated: Mon May 25 18:13:19 EDT 2026
============================================
============================================
 TST Booking Dashboard - Refreshing...
 Range  : Last 24 hour(s)
 Filters: · All licensees & adapters
============================================
[1/4] Querying database (Last 24 hour(s) · All licensees & adapters)...
{
  "status": "error",
  "error": "2003 (HY000): Can't connect to MySQL server on 'mysqlread.prod.infra.tstllc.net:3306' (60)"
}
Archived existing dashboard → index_20260525_191333.html
[2/4] Generating dashboard...
Dashboard saved to: /Users/jayaprasadkakkassery/myExperements/my-dashboard/index.html
Open in browser:    open /Users/jayaprasadkakkassery/myExperements/my-dashboard/index.html
[3/4] Pushing to GitHub Pages...
[gh-pages 412a3fc] Dashboard refresh (Last 24 hour(s) · All licensees & adapters) - 2026-05-25 19:13:34
 1 file changed, 3 insertions(+)
 create mode 100644 index_20260525_191333.html
[4/4] Done!

============================================
 Dashboard live at:
 https://jaykakkassery.github.io/my-dashboard
 Range  : Last 24 hour(s)
 Filters: · All licensees & adapters
 Updated: Mon May 25 19:13:35 EDT 2026
============================================
============================================
 TST Booking Dashboard - Refreshing...
 Range  : Last 24 hour(s)
 Filters: · All licensees & adapters
============================================
[1/4] Querying database (Last 24 hour(s) · All licensees & adapters)...
{
  "status": "error",
  "error": "2003 (HY000): Can't connect to MySQL server on 'mysqlread.prod.infra.tstllc.net:3306' (60)"
}
Archived existing dashboard → index_20260525_201351.html
[2/4] Generating dashboard...
Dashboard saved to: /Users/jayaprasadkakkassery/myExperements/my-dashboard/index.html
Open in browser:    open /Users/jayaprasadkakkassery/myExperements/my-dashboard/index.html
[3/4] Pushing to GitHub Pages...
[gh-pages 66846b1] Dashboard refresh (Last 24 hour(s) · All licensees & adapters) - 2026-05-25 20:13:51
 1 file changed, 3 insertions(+)
 create mode 100644 index_20260525_201351.html
[4/4] Done!

============================================
 Dashboard live at:
 https://jaykakkassery.github.io/my-dashboard
 Range  : Last 24 hour(s)
 Filters: · All licensees & adapters
 Updated: Mon May 25 20:13:53 EDT 2026
============================================
